{
  "case": "n=12 L=99/25=3.9600",
  "row_run": {
    "grids": [
      26,
      35,
      43
    ],
    "densities": [
      8.427,
      11.46,
      14.157
    ],
    "orbits": 511,
    "sites": 3737,
    "rows_per_direction": 3,
    "max_rounds": 60,
    "rounds": 23,
    "rows": 5481,
    "objective": 12.217676366606284,
    "stopped": "converged: every placement covers mass 1",
    "seconds": 73.722,
    "separation_seconds": 61.924,
    "lp_seconds": 11.789,
    "separation_share": 0.8401,
    "peak_support": 529,
    "timings": [
      {
        "index": 0,
        "separation_s": 33.986,
        "lp_s": 0.07,
        "rows_held": 504,
        "rows_added": 504,
        "violated": 543,
        "support": 0,
        "objective": 9.575277
      },
      {
        "index": 1,
        "separation_s": 0.326,
        "lp_s": 0.075,
        "rows_held": 823,
        "rows_added": 319,
        "violated": 543,
        "support": 173,
        "objective": 10.142857
      },
      {
        "index": 2,
        "separation_s": 0.261,
        "lp_s": 0.124,
        "rows_held": 1118,
        "rows_added": 295,
        "violated": 543,
        "support": 152,
        "objective": 11.303226
      },
      {
        "index": 3,
        "separation_s": 0.226,
        "lp_s": 0.144,
        "rows_held": 1457,
        "rows_added": 339,
        "violated": 543,
        "support": 132,
        "objective": 11.736945
      },
      {
        "index": 4,
        "separation_s": 0.455,
        "lp_s": 0.194,
        "rows_held": 1805,
        "rows_added": 348,
        "violated": 543,
        "support": 213,
        "objective": 11.9463
      },
      {
        "index": 5,
        "separation_s": 0.355,
        "lp_s": 0.231,
        "rows_held": 2103,
        "rows_added": 298,
        "violated": 543,
        "support": 189,
        "objective": 12.012735
      },
      {
        "index": 6,
        "separation_s": 0.579,
        "lp_s": 0.349,
        "rows_held": 2438,
        "rows_added": 335,
        "violated": 543,
        "support": 241,
        "objective": 12.052455
      },
      {
        "index": 7,
        "separation_s": 0.598,
        "lp_s": 0.352,
        "rows_held": 2742,
        "rows_added": 304,
        "violated": 543,
        "support": 249,
        "objective": 12.077217
      },
      {
        "index": 8,
        "separation_s": 0.515,
        "lp_s": 0.395,
        "rows_held": 3085,
        "rows_added": 343,
        "violated": 543,
        "support": 229,
        "objective": 12.107097
      },
      {
        "index": 9,
        "separation_s": 0.62,
        "lp_s": 0.481,
        "rows_held": 3379,
        "rows_added": 294,
        "violated": 510,
        "support": 257,
        "objective": 12.145254
      },
      {
        "index": 10,
        "separation_s": 0.88,
        "lp_s": 0.47,
        "rows_held": 3716,
        "rows_added": 337,
        "violated": 543,
        "support": 305,
        "objective": 12.159747
      },
      {
        "index": 11,
        "separation_s": 1.443,
        "lp_s": 0.738,
        "rows_held": 4001,
        "rows_added": 285,
        "violated": 519,
        "support": 393,
        "objective": 12.175585
      },
      {
        "index": 12,
        "separation_s": 1.045,
        "lp_s": 0.64,
        "rows_held": 4367,
        "rows_added": 366,
        "violated": 528,
        "support": 333,
        "objective": 12.190293
      },
      {
        "index": 13,
        "separation_s": 1.531,
        "lp_s": 0.645,
        "rows_held": 4606,
        "rows_added": 239,
        "violated": 468,
        "support": 405,
        "objective": 12.202589
      },
      {
        "index": 14,
        "separation_s": 1.78,
        "lp_s": 0.714,
        "rows_held": 4746,
        "rows_added": 140,
        "violated": 309,
        "support": 437,
        "objective": 12.206004
      },
      {
        "index": 15,
        "separation_s": 1.87,
        "lp_s": 0.77,
        "rows_held": 4912,
        "rows_added": 166,
        "violated": 306,
        "support": 445,
        "objective": 12.208986
      },
      {
        "index": 16,
        "separation_s": 2.073,
        "lp_s": 0.795,
        "rows_held": 5037,
        "rows_added": 125,
        "violated": 270,
        "support": 465,
        "objective": 12.214631
      },
      {
        "index": 17,
        "separation_s": 3.493,
        "lp_s": 0.97,
        "rows_held": 5199,
        "rows_added": 162,
        "violated": 360,
        "support": 529,
        "objective": 12.215821
      },
      {
        "index": 18,
        "separation_s": 2.252,
        "lp_s": 0.889,
        "rows_held": 5329,
        "rows_added": 130,
        "violated": 246,
        "support": 489,
        "objective": 12.216974
      },
      {
        "index": 19,
        "separation_s": 1.908,
        "lp_s": 0.908,
        "rows_held": 5401,
        "rows_added": 72,
        "violated": 159,
        "support": 449,
        "objective": 12.217539
      },
      {
        "index": 20,
        "separation_s": 2.095,
        "lp_s": 0.937,
        "rows_held": 5456,
        "rows_added": 55,
        "violated": 108,
        "support": 477,
        "objective": 12.217676
      },
      {
        "index": 21,
        "separation_s": 1.723,
        "lp_s": 0.896,
        "rows_held": 5481,
        "rows_added": 25,
        "violated": 45,
        "support": 433,
        "objective": 12.217676
      },
      {
        "index": 22,
        "separation_s": 1.911,
        "lp_s": 0.0,
        "rows_held": 5481,
        "rows_added": 0,
        "violated": 0,
        "support": 453,
        "objective": 12.217676
      }
    ]
  },
  "pricing": {
    "dual_squares_s": 0.004,
    "rank_candidates_s": 0.462,
    "total_s": 0.466,
    "support": 32,
    "candidates": 1,
    "best_averaged_depth": 1.3370154387016004,
    "share_of_round": 0.0063
  },
  "pool_constructor_enter_wall_s": 0.0012159860007159295,
  "process_boundary_by_round": [
    {
      "round_index": 0,
      "map_setup_wall_s": 0.1759410429995114,
      "map_setup_parent_cpu_s": 0.004165643999999996,
      "result_next_wall_s": 33.77881957199679,
      "result_next_parent_cpu_s": 0.08452207999999972,
      "serial_result_processing_wall_s": 0.029578151997156965,
      "serial_result_processing_parent_cpu_s": 0.03115853300000007,
      "worker_placement_wall_sum_s": 33.753416434008614,
      "worker_placement_cpu_sum_s": 33.72648170199998,
      "worker_tasks": 181,
      "per_worker": {
        "20001": 181
      },
      "task_intervals": [
        [
          5782.954427945,
          5782.957477506,
          0.003049138,
          5782.957887525
        ],
        [
          5782.957780046,
          5783.146413607,
          0.188614086,
          5783.146843607
        ],
        [
          5783.146746127,
          5783.333124845,
          0.18636413500000001,
          5783.333743874
        ],
        [
          5783.333444375,
          5783.520212493,
          0.18676071300000002,
          5783.52082583
        ],
        [
          5783.520518371,
          5783.706097883,
          0.185555268,
          5783.706703692
        ],
        [
          5783.706400473,
          5783.89346195,
          0.18705562199999992,
          5783.893881078
        ],
        [
          5783.893793099,
          5784.07936676,
          0.18556194699999995,
          5784.079872969
        ],
        [
          5784.07964301,
          5784.26554984,
          0.185865277,
          5784.266171808
        ],
        [
          5784.265842169,
          5784.45187925,
          0.1860298859999998,
          5784.452445837
        ],
        [
          5784.452175549,
          5784.641178599,
          0.18715806000000001,
          5784.641573868
        ],
        [
          5784.641462238,
          5784.828208006,
          0.18674798199999998,
          5784.828638546
        ],
        [
          5784.828505885,
          5785.015238654,
          0.18673419299999994,
          5785.015668143
        ],
        [
          5785.015542853,
          5785.201918902,
          0.18637605400000012,
          5785.202354211
        ],
        [
          5785.202250492,
          5785.388508941,
          0.18624150499999992,
          5785.389109969
        ],
        [
          5785.38882521,
          5785.57485471,
          0.186020466,
          5785.575465449
        ],
        [
          5785.575178859,
          5785.761387539,
          0.1861844549999998,
          5785.761950367
        ],
        [
          5785.761677107,
          5785.947571138,
          0.18588634500000012,
          5785.948188556
        ],
        [
          5785.947893637,
          5786.137520837,
          0.18962043299999998,
          5786.138068765
        ],
        [
          5786.137817996,
          5786.335038811,
          0.19721439500000004,
          5786.335644239
        ],
        [
          5786.33533164,
          5786.522018238,
          0.18667765299999983,
          5786.522624456
        ],
        [
          5786.522311397,
          5786.710590571,
          0.18634904299999988,
          5786.711282418
        ],
        [
          5786.710892299,
          5786.89706162,
          0.18616946399999978,
          5786.897656227
        ],
        [
          5786.897370159,
          5787.085132103,
          0.18775655000000047,
          5787.085709812
        ],
        [
          5787.085452912,
          5787.280175215,
          0.1946967639999997,
          5787.280776843
        ],
        [
          5787.280490444,
          5787.467484012,
          0.1869839630000003,
          5787.468024219
        ],
        [
          5787.46777843,
          5787.65405684,
          0.1862630550000004,
          5787.654559068
        ],
        [
          5787.654345349,
          5787.840838348,
          0.18647865500000016,
          5787.841445655
        ],
        [
          5787.841145937,
          5788.030218097,
          0.18906427499999978,
          5788.030768916
        ],
        [
          5788.030504356,
          5788.215925569,
          0.1854071880000001,
          5788.216556257
        ],
        [
          5788.216265838,
          5788.402167669,
          0.18589444599999982,
          5788.402573297
        ],
        [
          5788.402464958,
          5788.588330539,
          0.18586628600000044,
          5788.588740708
        ],
        [
          5788.588634238,
          5788.774931738,
          0.18629617499999984,
          5788.775373736
        ],
        [
          5788.775277596,
          5788.960932087,
          0.185655766,
          5788.961389446
        ],
        [
          5788.961280566,
          5789.146684199,
          0.18539160799999976,
          5789.147172037
        ],
        [
          5789.147011848,
          5789.334971033,
          0.1860959840000005,
          5789.335396951
        ],
        [
          5789.335298152,
          5789.521694331,
          0.18638204500000022,
          5789.522280868
        ],
        [
          5789.521990529,
          5789.707773091,
          0.18576823600000036,
          5789.708355949
        ],
        [
          5789.70816684,
          5789.895331906,
          0.18715788100000008,
          5789.895891195
        ],
        [
          5789.895634495,
          5790.094242596,
          0.19860984100000056,
          5790.094651074
        ],
        [
          5790.094552915,
          5790.282237059,
          0.18767660900000038,
          5790.282831969
        ],
        [
          5790.282531289,
          5790.467994391,
          0.18545433600000027,
          5790.468635659
        ],
        [
          5790.46832184,
          5790.65429476,
          0.18597416600000027,
          5790.654872589
        ],
        [
          5790.65458567,
          5790.839930602,
          0.18534443799999956,
          5790.840366911
        ],
        [
          5790.840266171,
          5791.025499894,
          0.18523464799999978,
          5791.026139161
        ],
        [
          5791.025781623,
          5791.211612005,
          0.18583038599999924,
          5791.212246892
        ],
        [
          5791.211898203,
          5791.399793898,
          0.18594058399999902,
          5791.400412436
        ],
        [
          5791.400116527,
          5791.586227326,
          0.18609305599999892,
          5791.586830295
        ],
        [
          5791.586512866,
          5791.772857476,
          0.18632344300000092,
          5791.773474164
        ],
        [
          5791.773186614,
          5791.958914056,
          0.18572902600000063,
          5791.959533054
        ],
        [
          5791.959239564,
          5792.144715807,
          0.1854569090000009,
          5792.145187935
        ],
        [
          5792.145045955,
          5792.330127079,
          0.18508216799999921,
          5792.330691938
        ],
        [
          5792.330407368,
          5792.515995819,
          0.1855797859999999,
          5792.516601388
        ],
        [
          5792.516312649,
          5792.709210458,
          0.19289641099999955,
          5792.709578377
        ],
        [
          5792.709499106,
          5792.906802711,
          0.1973044460000004,
          5792.907390499
        ],
        [
          5792.90713221,
          5793.09639134,
          0.18923883500000116,
          5793.096989569
        ],
        [
          5793.09670469,
          5793.287740633,
          0.19101384800000076,
          5793.288226102
        ],
        [
          5793.288081412,
          5793.485062419,
          0.19502526399999986,
          5793.485577757
        ],
        [
          5793.485343948,
          5793.68016112,
          0.19478984400000066,
          5793.680737378
        ],
        [
          5793.680474129,
          5793.870414977,
          0.18993205199999963,
          5793.870980336
        ],
        [
          5793.870724477,
          5794.057045806,
          0.18632282499999953,
          5794.057600774
        ],
        [
          5794.057356855,
          5794.243594723,
          0.18622619399999962,
          5794.244147833
        ],
        [
          5794.243891203,
          5794.430197552,
          0.18630001500000049,
          5794.430602602
        ],
        [
          5794.430496532,
          5794.617205891,
          0.18670885399999904,
          5794.617761418
        ],
        [
          5794.61749901,
          5794.80356803,
          0.18606994499999985,
          5794.804032048
        ],
        [
          5794.803874508,
          5794.989209571,
          0.18533573799999914,
          5794.989803569
        ],
        [
          5794.989514699,
          5795.175163722,
          0.1856396680000003,
          5795.17576122
        ],
        [
          5795.17547057,
          5795.362357188,
          0.18687131400000112,
          5795.362950156
        ],
        [
          5795.362651077,
          5795.550654472,
          0.18799452799999905,
          5795.551369359
        ],
        [
          5795.550949871,
          5795.736798452,
          0.18583366599999884,
          5795.737404129
        ],
        [
          5795.737110001,
          5795.924287997,
          0.18716969200000122,
          5795.924842175
        ],
        [
          5795.924551906,
          5796.109945309,
          0.18537976900000075,
          5796.110586557
        ],
        [
          5796.110265888,
          5796.305604559,
          0.1953308620000005,
          5796.306142566
        ],
        [
          5796.305891687,
          5796.500021812,
          0.1941233069999999,
          5796.500543351
        ],
        [
          5796.500300181,
          5796.687600488,
          0.18730142099999902,
          5796.688177706
        ],
        [
          5796.687902817,
          5796.873456788,
          0.18555531700000039,
          5796.873809808
        ],
        [
          5796.873742808,
          5797.060760795,
          0.1870192020000001,
          5797.061344593
        ],
        [
          5797.061170054,
          5797.257556802,
          0.1963758879999986,
          5797.25798746
        ],
        [
          5797.25798241,
          5797.445948594,
          0.1879430899999992,
          5797.446380573
        ],
        [
          5797.446280213,
          5797.632151174,
          0.18585622700000037,
          5797.632750713
        ],
        [
          5797.632454073,
          5797.817595476,
          0.18512161900000024,
          5797.818262704
        ],
        [
          5797.817902035,
          5798.003985116,
          0.18607471599999847,
          5798.004403114
        ],
        [
          5798.004298144,
          5798.192486419,
          0.1863300859999999,
          5798.193188476
        ],
        [
          5798.192788667,
          5798.391607917,
          0.19881087000000086,
          5798.392129446
        ],
        [
          5798.391886386,
          5798.578288796,
          0.18640397499999928,
          5798.578710264
        ],
        [
          5798.578585024,
          5798.765603222,
          0.18702020299999944,
          5798.766229569
        ],
        [
          5798.76592219,
          5798.95204704,
          0.1861258259999996,
          5798.952653758
        ],
        [
          5798.95234365,
          5799.138845988,
          0.18649166400000006,
          5799.139276097
        ],
        [
          5799.139185858,
          5799.325588376,
          0.18638654499999774,
          5799.326238014
        ],
        [
          5799.325908646,
          5799.512227235,
          0.1863094349999983,
          5799.512693683
        ],
        [
          5799.512495724,
          5799.698733064,
          0.1862314949999977,
          5799.699272282
        ],
        [
          5799.699037953,
          5799.885030514,
          0.18598300600000073,
          5799.885705091
        ],
        [
          5799.885340802,
          5800.072131021,
          0.18678066399999693,
          5800.072723148
        ],
        [
          5800.072424759,
          5800.261367401,
          0.18710880100000082,
          5800.261790659
        ],
        [
          5800.26168942,
          5800.448446668,
          0.18674265300000314,
          5800.449085995
        ],
        [
          5800.448760526,
          5800.635064436,
          0.1863049150000009,
          5800.635624194
        ],
        [
          5800.635359365,
          5800.821707384,
          0.1863494139999986,
          5800.822368522
        ],
        [
          5800.822026813,
          5801.008595612,
          0.18657004399999977,
          5801.00924932
        ],
        [
          5801.008908011,
          5801.195392889,
          0.18647015500000208,
          5801.195979208
        ],
        [
          5801.19567412,
          5801.382093408,
          0.18638073600000027,
          5801.382595427
        ],
        [
          5801.382380588,
          5801.568752596,
          0.18636234399999907,
          5801.569344125
        ],
        [
          5801.569072636,
          5801.755293755,
          0.1862050150000023,
          5801.755714045
        ],
        [
          5801.755588145,
          5801.941769734,
          0.18617386400000058,
          5801.942221023
        ],
        [
          5801.942107623,
          5802.128530112,
          0.18641428500000146,
          5802.128885171
        ],
        [
          5802.128806412,
          5802.317477593,
          0.1868102829999998,
          5802.318101932
        ],
        [
          5802.317747442,
          5802.503631914,
          0.18587797600000044,
          5802.504294571
        ],
        [
          5802.503930242,
          5802.698681885,
          0.19475283400000265,
          5802.699319734
        ],
        [
          5802.698981835,
          5802.885917652,
          0.18693742299999982,
          5802.88634529
        ],
        [
          5802.886226081,
          5803.071802713,
          0.1855783570000007,
          5803.072227612
        ],
        [
          5803.072105292,
          5803.257586784,
          0.1854673069999997,
          5803.258075412
        ],
        [
          5803.257849103,
          5803.443168266,
          0.18529933900000017,
          5803.443748894
        ],
        [
          5803.443457515,
          5803.629382446,
          0.18591946499999779,
          5803.629973473
        ],
        [
          5803.629685214,
          5803.815540265,
          0.1858271579999986,
          5803.816182443
        ],
        [
          5803.815840185,
          5804.004289587,
          0.1884509670000014,
          5804.004878345
        ],
        [
          5804.004594185,
          5804.190131768,
          0.18551186799999897,
          5804.190659116
        ],
        [
          5804.190423297,
          5804.378030083,
          0.18569198599999837,
          5804.378613351
        ],
        [
          5804.378321122,
          5804.563882193,
          0.18555467699999895,
          5804.564476111
        ],
        [
          5804.564191112,
          5804.750214482,
          0.18602228499999995,
          5804.750822211
        ],
        [
          5804.750506461,
          5804.935755575,
          0.18525056799999717,
          5804.936359253
        ],
        [
          5804.936077494,
          5805.130386478,
          0.19429900600000138,
          5805.130992666
        ],
        [
          5805.130678547,
          5805.316685878,
          0.18599033499999962,
          5805.317142596
        ],
        [
          5805.316987737,
          5805.502538058,
          0.18553600800000325,
          5805.503171747
        ],
        [
          5805.502812888,
          5805.688707248,
          0.1858800659999993,
          5805.689145106
        ],
        [
          5805.689326417,
          5805.875241896,
          0.18590851499999772,
          5805.875788465
        ],
        [
          5805.875547475,
          5806.061032268,
          0.18548553799999823,
          5806.061380777
        ],
        [
          5806.061341267,
          5806.24672287,
          0.185370197000001,
          5806.247132678
        ],
        [
          5806.247046459,
          5806.444409363,
          0.19735597500000068,
          5806.444918621
        ],
        [
          5806.444708462,
          5806.640215372,
          0.19550803099999925,
          5806.640735601
        ],
        [
          5806.640525362,
          5806.828420666,
          0.18789669799999942,
          5806.829019814
        ],
        [
          5806.828717365,
          5807.014141177,
          0.18542702799999944,
          5807.014469066
        ],
        [
          5807.014460676,
          5807.203629577,
          0.1891512349999971,
          5807.204178564
        ],
        [
          5807.203923656,
          5807.397406843,
          0.19346788100000012,
          5807.39796041
        ],
        [
          5807.397673182,
          5807.583068884,
          0.18537287800000257,
          5807.583496893
        ],
        [
          5807.583367973,
          5807.768616426,
          0.1852270489999981,
          5807.769315033
        ],
        [
          5807.768913925,
          5807.954382607,
          0.18546815700000252,
          5807.954957115
        ],
        [
          5807.954676946,
          5808.140147209,
          0.1854483180000024,
          5808.140542368
        ],
        [
          5808.140561147,
          5808.33208973,
          0.1896796320000007,
          5808.332651298
        ],
        [
          5808.332392709,
          5808.526565433,
          0.1941662760000007,
          5808.527110202
        ],
        [
          5808.526858392,
          5808.712819314,
          0.18596226700000074,
          5808.713378792
        ],
        [
          5808.713105282,
          5808.900482258,
          0.18737844000000337,
          5808.901009697
        ],
        [
          5808.900780397,
          5809.086830157,
          0.18604405600000007,
          5809.087449035
        ],
        [
          5809.087152407,
          5809.272691719,
          0.1855310870000011,
          5809.273122398
        ],
        [
          5809.272997348,
          5809.45819154,
          0.18517565999999874,
          5809.458730909
        ],
        [
          5809.458472699,
          5809.644266171,
          0.1857949870000013,
          5809.6446208
        ],
        [
          5809.64454317,
          5809.83076498,
          0.18620006699999792,
          5809.831380437
        ],
        [
          5809.831153629,
          5810.017564767,
          0.18640497499999853,
          5810.017916706
        ],
        [
          5810.017856877,
          5810.203561778,
          0.18569514700000056,
          5810.204177466
        ],
        [
          5810.203872237,
          5810.392554479,
          0.1876793499999998,
          5810.393204237
        ],
        [
          5810.392852458,
          5810.580830312,
          0.18797056800000078,
          5810.581357641
        ],
        [
          5810.581129712,
          5810.77398886,
          0.19286038099999914,
          5810.774524258
        ],
        [
          5810.774277439,
          5810.960336039,
          0.18605452500000297,
          5810.960909228
        ],
        [
          5810.960612858,
          5811.14634949,
          0.18572819799999962,
          5811.146902988
        ],
        [
          5811.146643239,
          5811.332513691,
          0.1858656269999983,
          5811.332919119
        ],
        [
          5811.332817829,
          5811.518428241,
          0.18558813900000004,
          5811.518951688
        ],
        [
          5811.518718169,
          5811.704225892,
          0.18549381600000103,
          5811.704798539
        ],
        [
          5811.704520211,
          5811.889960653,
          0.18543131799999912,
          5811.890318992
        ],
        [
          5811.890248183,
          5812.075633955,
          0.18537713799999977,
          5812.076260892
        ],
        [
          5812.075936773,
          5812.261606805,
          0.1856531970000006,
          5812.262255573
        ],
        [
          5812.261910324,
          5812.450069318,
          0.18631948399999843,
          5812.450671486
        ],
        [
          5812.450381337,
          5812.636664157,
          0.18628207399999752,
          5812.637342694
        ],
        [
          5812.636952445,
          5812.823329145,
          0.18637810500000285,
          5812.823742224
        ],
        [
          5812.823638734,
          5813.010390492,
          0.18675260299999863,
          5813.010993019
        ],
        [
          5813.010705191,
          5813.19692643,
          0.18619818799999877,
          5813.197356299
        ],
        [
          5813.197246089,
          5813.382798012,
          0.18552740800000223,
          5813.38336969
        ],
        [
          5813.383096531,
          5813.568474092,
          0.18535618900000017,
          5813.568959681
        ],
        [
          5813.568741902,
          5813.754168444,
          0.1854080379999985,
          5813.754754353
        ],
        [
          5813.754465903,
          5813.940423685,
          0.18595866599999766,
          5813.940975443
        ],
        [
          5813.940716773,
          5814.127501101,
          0.1867780039999971,
          5814.12791265
        ],
        [
          5814.12780397,
          5814.313686031,
          0.18587430600000232,
          5814.314302269
        ],
        [
          5814.31396375,
          5814.499279353,
          0.18530796800000005,
          5814.499697891
        ],
        [
          5814.499575281,
          5814.695765139,
          0.1943463059999999,
          5814.696451748
        ],
        [
          5814.696081509,
          5814.883733875,
          0.18765365000000145,
          5814.884152023
        ],
        [
          5814.884045923,
          5815.069450695,
          0.1854064479999984,
          5815.070069324
        ],
        [
          5815.069747705,
          5815.255364356,
          0.18561171799999698,
          5815.255772795
        ],
        [
          5815.255672235,
          5815.441287087,
          0.18560071899999997,
          5815.441695335
        ],
        [
          5815.441579316,
          5815.626961839,
          0.18538292799999567,
          5815.627525807
        ],
        [
          5815.627281998,
          5815.813063658,
          0.1857534170000008,
          5815.813593048
        ],
        [
          5815.813366927,
          5815.998688441,
          0.18532355800000033,
          5815.999031419
        ],
        [
          5815.999012559,
          5816.184454262,
          0.18542261799999693,
          5816.18498635
        ],
        [
          5816.184779571,
          5816.370215143,
          0.18543646900000255,
          5816.370747201
        ],
        [
          5816.370495691,
          5816.568799793,
          0.19829610099999684,
          5816.569124962
        ],
        [
          5816.569104622,
          5816.763208667,
          0.19219153299999903,
          5816.763528145
        ]
      ]
    },
    {
      "round_index": 1,
      "map_setup_wall_s": 0.0017275430000154302,
      "map_setup_parent_cpu_s": 0.002419013999999997,
      "result_next_wall_s": 0.3139089889918978,
      "result_next_parent_cpu_s": 0.016316893000000443,
      "serial_result_processing_wall_s": 0.009299813003053714,
      "serial_result_processing_parent_cpu_s": 0.012034830000000385,
      "worker_placement_wall_sum_s": 0.3063491399980194,
      "worker_placement_cpu_sum_s": 0.3063542840000366,
      "worker_tasks": 181,
      "per_worker": {
        "20001": 181
      },
      "task_intervals": [
        [
          5816.836288636,
          5816.836920204,
          0.0006301770000050055,
          5816.837125593
        ],
        [
          5816.837079773,
          5816.838953547,
          0.001873764000002609,
          5816.839068767
        ],
        [
          5816.839080367,
          5816.84088242,
          0.0018021039999993604,
          5816.84096332
        ],
        [
          5816.84098274,
          5816.842771474,
          0.0017887330000050383,
          5816.842913904
        ],
        [
          5816.842864494,
          5816.844716608,
          0.0018521820000003686,
          5816.844806419
        ],
        [
          5816.844815288,
          5816.846646023,
          0.001830793000003439,
          5816.846716842
        ],
        [
          5816.846739453,
          5816.848690756,
          0.0019513330000009432,
          5816.848758907
        ],
        [
          5816.848782536,
          5816.850738019,
          0.00195550300000491,
          5816.850879139
        ],
        [
          5816.850829669,
          5816.852827163,
          0.0019975029999983462,
          5816.852916542
        ],
        [
          5816.852917122,
          5816.854863936,
          0.001946862000004046,
          5816.854952046
        ],
        [
          5816.854953726,
          5816.856684371,
          0.0017307539999933397,
          5816.856752761
        ],
        [
          5816.85677371,
          5816.858654465,
          0.0018809230000016441,
          5816.858728295
        ],
        [
          5816.858745195,
          5816.860574188,
          0.0018290930000048888,
          5816.860646628
        ],
        [
          5816.860663948,
          5816.862562872,
          0.0018989329999996585,
          5816.862633422
        ],
        [
          5816.862653602,
          5816.864317437,
          0.001663993999997615,
          5816.864464336
        ],
        [
          5816.864408866,
          5816.866177351,
          0.0017685729999996624,
          5816.866274931
        ],
        [
          5816.866267951,
          5816.868033074,
          0.001765253999998606,
          5816.868184114
        ],
        [
          5816.868171894,
          5816.870012739,
          0.0018405340000029469,
          5816.870162728
        ],
        [
          5816.870126938,
          5816.871927213,
          0.0018003830000026255,
          5816.872066902
        ],
        [
          5816.872040162,
          5816.873870747,
          0.0018305830000002743,
          5816.873941927
        ],
        [
          5816.873971836,
          5816.87578025,
          0.0018084139999956506,
          5816.87592073
        ],
        [
          5816.87587334,
          5816.877620654,
          0.0017474129999968113,
          5816.877731444
        ],
        [
          5816.877714114,
          5816.879445649,
          0.0017315939999988927,
          5816.879587058
        ],
        [
          5816.879538198,
          5816.881378973,
          0.0018408840000034843,
          5816.881545092
        ],
        [
          5816.881469892,
          5816.883489496,
          0.002019782000004966,
          5816.883659305
        ],
        [
          5816.883597606,
          5816.885345999,
          0.0017484429999967688,
          5816.88542755
        ],
        [
          5816.885443089,
          5816.887179754,
          0.0017366539999983388,
          5816.887260254
        ],
        [
          5816.887272713,
          5816.889265827,
          0.0019931240000019557,
          5816.889336898
        ],
        [
          5816.889359667,
          5816.890991102,
          0.001631553999999369,
          5816.891142062
        ],
        [
          5816.891089492,
          5816.892728196,
          0.0016387239999957615,
          5816.892846476
        ],
        [
          5816.892818006,
          5816.89475915,
          0.001941222999995773,
          5816.89485206
        ],
        [
          5816.894858709,
          5816.896554115,
          0.0016955050000007077,
          5816.896624835
        ],
        [
          5816.896643294,
          5816.898346499,
          0.0017033040000029587,
          5816.898414359
        ],
        [
          5816.898434949,
          5816.900096933,
          0.0016620139999972139,
          5816.900164192
        ],
        [
          5816.900186723,
          5816.902011407,
          0.0018246630000007258,
          5816.902121066
        ],
        [
          5816.902105717,
          5816.904087,
          0.0019814420000017208,
          5816.90419038
        ],
        [
          5816.90418054,
          5816.905832666,
          0.0016522339999980318,
          5816.905908225
        ],
        [
          5816.905921735,
          5816.907647899,
          0.0017262539999975957,
          5816.907716288
        ],
        [
          5816.907742128,
          5816.909633863,
          0.0018917929999986427,
          5816.909699093
        ],
        [
          5816.909721142,
          5816.911506057,
          0.0017849339999997937,
          5816.911570057
        ],
        [
          5816.911593067,
          5816.91333069,
          0.0017376030000022524,
          5816.913398522
        ],
        [
          5816.913421662,
          5816.915110225,
          0.001688573999999221,
          5816.915206055
        ],
        [
          5816.915204735,
          5816.916796431,
          0.001591684000004534,
          5816.91685866
        ],
        [
          5816.91688351,
          5816.918718905,
          0.001835412999994901,
          5816.918880134
        ],
        [
          5816.918806644,
          5816.920667398,
          0.0018608040000032133,
          5816.920740867
        ],
        [
          5816.920758817,
          5816.922467732,
          0.0017089940000047932,
          5816.922538342
        ],
        [
          5816.922555061,
          5816.924490386,
          0.0019353730000020164,
          5816.924555035
        ],
        [
          5816.924576346,
          5816.926093581,
          0.0015172749999976531,
          5816.926156781
        ],
        [
          5816.926179141,
          5816.927701065,
          0.0015219149999978754,
          5816.927765265
        ],
        [
          5816.927791585,
          5816.92947733,
          0.0016857039999962353,
          5816.92954011
        ],
        [
          5816.92956297,
          5816.931146915,
          0.001583945000000142,
          5816.931275545
        ],
        [
          5816.931231465,
          5816.932812149,
          0.0015806850000004147,
          5816.932882029
        ],
        [
          5816.932900809,
          5816.934538604,
          0.0016377840000032506,
          5816.934642874
        ],
        [
          5816.934623874,
          5816.936217009,
          0.0015932539999994333,
          5816.936337478
        ],
        [
          5816.936320858,
          5816.937913923,
          0.0015931650000027275,
          5816.938120853
        ],
        [
          5816.938018932,
          5816.939570918,
          0.001552015000001461,
          5816.939727338
        ],
        [
          5816.939661018,
          5816.941296563,
          0.0016356240000021671,
          5816.941451472
        ],
        [
          5816.941383622,
          5816.943105488,
          0.0017219050000036873,
          5816.943187777
        ],
        [
          5816.943192227,
          5816.944724422,
          0.0015323549999948227,
          5816.944875181
        ],
        [
          5816.944813071,
          5816.946424897,
          0.0016118650000009893,
          5816.946595366
        ],
        [
          5816.946512476,
          5816.94812186,
          0.0016094149999972274,
          5816.948260011
        ],
        [
          5816.948209131,
          5816.949826586,
          0.0016175140000029842,
          5816.949960785
        ],
        [
          5816.949913865,
          5816.95144771,
          0.0015338850000006232,
          5816.95157959
        ],
        [
          5816.95154053,
          5816.953066175,
          0.00152571499999965,
          5816.953197076
        ],
        [
          5816.953152785,
          5816.95474571,
          0.0015929439999951,
          5816.95487851
        ],
        [
          5816.954835659,
          5816.956361365,
          0.001525774000000979,
          5816.956490645
        ],
        [
          5816.956451094,
          5816.957941349,
          0.0014903750000030414,
          5816.958035789
        ],
        [
          5816.958071109,
          5816.959542384,
          0.00147129500000176,
          5816.959612184
        ],
        [
          5816.959644964,
          5816.96113655,
          0.0014915750000028538,
          5816.961208959
        ],
        [
          5816.96124327,
          5816.962870664,
          0.0016275340000007077,
          5816.963011103
        ],
        [
          5816.962962613,
          5816.964693588,
          0.0017309540000027823,
          5816.964795668
        ],
        [
          5816.964782818,
          5816.966309254,
          0.0015265350000035482,
          5816.966424373
        ],
        [
          5816.966396163,
          5816.968135328,
          0.001739254000000301,
          5816.968207317
        ],
        [
          5816.968226017,
          5816.970051451,
          0.0018255230000008282,
          5816.97022351
        ],
        [
          5816.97015561,
          5816.971652926,
          0.001497303999997257,
          5816.971738916
        ],
        [
          5816.971742456,
          5816.973286561,
          0.0015442449999980568,
          5816.973367941
        ],
        [
          5816.973374101,
          5816.975049535,
          0.0016754640000016252,
          5816.975120635
        ],
        [
          5816.975140345,
          5816.97669973,
          0.0015595240000010335,
          5816.97677126
        ],
        [
          5816.97678629,
          5816.978538695,
          0.0017523839999995516,
          5816.978608075
        ],
        [
          5816.978624064,
          5816.980226159,
          0.001602063999996517,
          5816.980301049
        ],
        [
          5816.980316478,
          5816.981939144,
          0.0016227630000003046,
          5816.982078333
        ],
        [
          5816.982040124,
          5816.983658168,
          0.0016180040000008944,
          5816.983728268
        ],
        [
          5816.983744648,
          5816.985334633,
          0.001590053999997565,
          5816.985404152
        ],
        [
          5816.985420083,
          5816.987146347,
          0.0017262840000000779,
          5816.987216957
        ],
        [
          5816.987238087,
          5816.989157411,
          0.0019194330000047444,
          5816.989226481
        ],
        [
          5816.98924361,
          5816.990992396,
          0.0017489630000042666,
          5816.991129525
        ],
        [
          5816.991084375,
          5816.99267855,
          0.0015942249999980618,
          5816.992749699
        ],
        [
          5816.992769079,
          5816.994667303,
          0.0018982329999985836,
          5816.994736263
        ],
        [
          5816.994753423,
          5816.996522778,
          0.0017694829999967965,
          5816.996591607
        ],
        [
          5816.996607477,
          5816.998356302,
          0.0017489040000029377,
          5816.998474872
        ],
        [
          5816.998450321,
          5817.000254865,
          0.0018046429999998281,
          5817.000324306
        ],
        [
          5817.000343896,
          5817.00210784,
          0.0017640829999976404,
          5817.00219134
        ],
        [
          5817.002194209,
          5817.003869135,
          0.0016749739999966096,
          5817.004069563
        ],
        [
          5817.003973804,
          5817.00549917,
          0.00152537499999994,
          5817.005641919
        ],
        [
          5817.005588979,
          5817.007299483,
          0.0017105240000034883,
          5817.007381283
        ],
        [
          5817.007398103,
          5817.009057118,
          0.0016590640000018197,
          5817.009151127
        ],
        [
          5817.009143567,
          5817.010805542,
          0.001662443000000735,
          5817.010920242
        ],
        [
          5817.010892242,
          5817.012566816,
          0.0016746740000002092,
          5817.012636896
        ],
        [
          5817.012654976,
          5817.014382891,
          0.0017280040000002828,
          5817.014465781
        ],
        [
          5817.014468701,
          5817.016356804,
          0.0018881729999975505,
          5817.016466115
        ],
        [
          5817.016441804,
          5817.018057899,
          0.0016161739999986935,
          5817.01812795
        ],
        [
          5817.018147419,
          5817.019712424,
          0.0015650830000026872,
          5817.019782104
        ],
        [
          5817.019797893,
          5817.021503548,
          0.0017057629999968071,
          5817.021572578
        ],
        [
          5817.021588638,
          5817.023180734,
          0.0015922150000022839,
          5817.023266333
        ],
        [
          5817.023264873,
          5817.024935447,
          0.0016706640000023754,
          5817.025089096
        ],
        [
          5817.025050596,
          5817.026827162,
          0.0017766340000022751,
          5817.026895851
        ],
        [
          5817.026931581,
          5817.028752216,
          0.001820713000000751,
          5817.028827335
        ],
        [
          5817.028866415,
          5817.03056738,
          0.0017010539999944285,
          5817.030636439
        ],
        [
          5817.030673699,
          5817.032290584,
          0.0016169840000017643,
          5817.032360293
        ],
        [
          5817.032375573,
          5817.033995179,
          0.0016196849999943197,
          5817.034069859
        ],
        [
          5817.034084708,
          5817.035625274,
          0.0015405340000000933,
          5817.035806093
        ],
        [
          5817.035729463,
          5817.037329268,
          0.0015997950000041783,
          5817.037411048
        ],
        [
          5817.037433208,
          5817.039166002,
          0.0017328230000046574,
          5817.039237562
        ],
        [
          5817.039252482,
          5817.040805227,
          0.001552814000000069,
          5817.040874807
        ],
        [
          5817.040890007,
          5817.042481781,
          0.0015918349999992643,
          5817.042549741
        ],
        [
          5817.042571731,
          5817.044194616,
          0.0016229150000057757,
          5817.044262536
        ],
        [
          5817.044278606,
          5817.045962351,
          0.0016838139999961754,
          5817.046102261
        ],
        [
          5817.04606061,
          5817.047692046,
          0.0016314640000061331,
          5817.047765145
        ],
        [
          5817.047776105,
          5817.049447199,
          0.0016711250000014388,
          5817.04951651
        ],
        [
          5817.049533609,
          5817.051096974,
          0.0015634149999996794,
          5817.051218854
        ],
        [
          5817.051189265,
          5817.052904319,
          0.0017151340000012283,
          5817.053039828
        ],
        [
          5817.052994529,
          5817.054674273,
          0.0016797339999996552,
          5817.054748193
        ],
        [
          5817.054761082,
          5817.056430148,
          0.0016691739999998845,
          5817.056524127
        ],
        [
          5817.056514897,
          5817.058057823,
          0.0015428939999964086,
          5817.058136272
        ],
        [
          5817.058142483,
          5817.059768646,
          0.0016262230000023692,
          5817.059843446
        ],
        [
          5817.059853726,
          5817.061408162,
          0.0015544740000024149,
          5817.061476401
        ],
        [
          5817.061493881,
          5817.063089017,
          0.0015951239999978384,
          5817.063156836
        ],
        [
          5817.063173596,
          5817.064794541,
          0.001621014000001253,
          5817.064861581
        ],
        [
          5817.064883941,
          5817.066529756,
          0.0016458850000020675,
          5817.066601625
        ],
        [
          5817.066623015,
          5817.06839049,
          0.0017676340000036816,
          5817.068499439
        ],
        [
          5817.06848171,
          5817.070216854,
          0.0017352630000004865,
          5817.070342184
        ],
        [
          5817.070304994,
          5817.072079787,
          0.001774833999995451,
          5817.072150847
        ],
        [
          5817.072165898,
          5817.073886432,
          0.0017205340000003844,
          5817.073980342
        ],
        [
          5817.074029361,
          5817.075831167,
          0.0018016849999966666,
          5817.075972386
        ],
        [
          5817.075931466,
          5817.077599461,
          0.0016681540000007544,
          5817.07776473
        ],
        [
          5817.077704041,
          5817.079395755,
          0.001691814000004399,
          5817.079539304
        ],
        [
          5817.079489544,
          5817.081265629,
          0.0017760839999994005,
          5817.081365378
        ],
        [
          5817.081354109,
          5817.083138033,
          0.0017840239999955543,
          5817.083261483
        ],
        [
          5817.083225413,
          5817.084859327,
          0.0016340039999960254,
          5817.084930157
        ],
        [
          5817.084951957,
          5817.086581222,
          0.0016294039999991128,
          5817.086670721
        ],
        [
          5817.086668212,
          5817.088315507,
          0.0016474829999992835,
          5817.088444316
        ],
        [
          5817.088402487,
          5817.09035495,
          0.0019524730000028967,
          5817.09046174
        ],
        [
          5817.0904406,
          5817.092180124,
          0.0017396340000033206,
          5817.092258183
        ],
        [
          5817.092275583,
          5817.093826819,
          0.0015512940000022013,
          5817.093958958
        ],
        [
          5817.093913298,
          5817.095568164,
          0.00165494499999852,
          5817.095638313
        ],
        [
          5817.095655093,
          5817.097267107,
          0.0016121139999967227,
          5817.097356518
        ],
        [
          5817.097352198,
          5817.099111952,
          0.0017598640000002774,
          5817.099226081
        ],
        [
          5817.099196602,
          5817.100770097,
          0.0015735939999999005,
          5817.100839227
        ],
        [
          5817.100855087,
          5817.102531572,
          0.0016767139999984693,
          5817.102621102
        ],
        [
          5817.102621471,
          5817.104354985,
          0.0017336450000016157,
          5817.104455165
        ],
        [
          5817.104449195,
          5817.10612857,
          0.0016794140000016,
          5817.10624307
        ],
        [
          5817.10621571,
          5817.107811725,
          0.00159606400000456,
          5817.107919445
        ],
        [
          5817.107896805,
          5817.109678868,
          0.0017821040000001176,
          5817.109749948
        ],
        [
          5817.109766339,
          5817.111521643,
          0.0017553939999999102,
          5817.111591593
        ],
        [
          5817.111613282,
          5817.113368047,
          0.001754853000001333,
          5817.113438787
        ],
        [
          5817.113460327,
          5817.115150742,
          0.001690574000001277,
          5817.115233391
        ],
        [
          5817.115236091,
          5817.116838786,
          0.0016027749999949492,
          5817.116909096
        ],
        [
          5817.116924216,
          5817.11860414,
          0.0016799939999998514,
          5817.118673911
        ],
        [
          5817.11869439,
          5817.120380535,
          0.001686203999994973,
          5817.120448945
        ],
        [
          5817.120467285,
          5817.122165689,
          0.0016984539999995718,
          5817.122287239
        ],
        [
          5817.122251388,
          5817.123921223,
          0.0016699230000014609,
          5817.124077243
        ],
        [
          5817.124018003,
          5817.125810278,
          0.0017923440000018331,
          5817.125905337
        ],
        [
          5817.125894468,
          5817.127684042,
          0.0017896729999975491,
          5817.127759752
        ],
        [
          5817.127769212,
          5817.129386266,
          0.0016171039999974823,
          5817.129465685
        ],
        [
          5817.129469556,
          5817.131037351,
          0.0015677949999997054,
          5817.131154851
        ],
        [
          5817.131130391,
          5817.132767306,
          0.0016370039999955566,
          5817.132839906
        ],
        [
          5817.132853175,
          5817.13452864,
          0.0016756340000014802,
          5817.13466796
        ],
        [
          5817.134618729,
          5817.136334794,
          0.0017161630000046557,
          5817.136421274
        ],
        [
          5817.136430344,
          5817.138141609,
          0.0017114739999968265,
          5817.138243558
        ],
        [
          5817.138232218,
          5817.139904984,
          0.001672813999995526,
          5817.139987623
        ],
        [
          5817.139997923,
          5817.141639147,
          0.001635984000003532,
          5817.141722127
        ],
        [
          5817.141724217,
          5817.143345102,
          0.0016209640000042214,
          5817.143453692
        ],
        [
          5817.143430752,
          5817.144979097,
          0.0015484749999998826,
          5817.145111207
        ],
        [
          5817.145076067,
          5817.146788221,
          0.0017122040000003835,
          5817.146907301
        ],
        [
          5817.146873141,
          5817.148583125,
          0.0017100540000001274,
          5817.148666135
        ],
        [
          5817.148667785,
          5817.150316111,
          0.0016484249999990652,
          5817.15042443
        ],
        [
          5817.15040047,
          5817.152074954,
          0.001674583999999868,
          5817.152144354
        ],
        [
          5817.152159925,
          5817.153782459,
          0.0016226350000039247,
          5817.153851568
        ],
        [
          5817.153866479,
          5817.155538203,
          0.0016718429999968976,
          5817.155605883
        ],
        [
          5817.155621583,
          5817.157399328,
          0.001777793999998778,
          5817.157469008
        ],
        [
          5817.157490588,
          5817.159244251,
          0.0017537649999965765,
          5817.159318301
        ]
      ]
    },
    {
      "round_index": 2,
      "map_setup_wall_s": 0.0016493829998580622,
      "map_setup_parent_cpu_s": 0.002293812999999978,
      "result_next_wall_s": 0.24985048700455081,
      "result_next_parent_cpu_s": 0.016503262999999713,
      "serial_result_processing_wall_s": 0.00865440099096304,
      "serial_result_processing_parent_cpu_s": 0.012044200000000616,
      "worker_placement_wall_sum_s": 0.24040643799435202,
      "worker_placement_cpu_sum_s": 0.24038964200006063,
      "worker_tasks": 181,
      "per_worker": {
        "20001": 181
      },
      "task_intervals": [
        [
          5817.237244675,
          5817.237864693,
          0.0006194479999948044,
          5817.238086692
        ],
        [
          5817.238011252,
          5817.239346438,
          0.0013352249999982746,
          5817.239492538
        ],
        [
          5817.239444058,
          5817.240756413,
          0.0013125460000011913,
          5817.240889293
        ],
        [
          5817.240849503,
          5817.242076129,
          0.001226684999998895,
          5817.242172589
        ],
        [
          5817.242174709,
          5817.243427344,
          0.0012526860000008355,
          5817.243518984
        ],
        [
          5817.243518015,
          5817.244736521,
          0.0012186249999999177,
          5817.24482718
        ],
        [
          5817.24482712,
          5817.246025307,
          0.0011993650000050593,
          5817.246112246
        ],
        [
          5817.246117446,
          5817.247351092,
          0.0012337349999995695,
          5817.247439463
        ],
        [
          5817.247438983,
          5817.248660198,
          0.0012213350000038758,
          5817.248786307
        ],
        [
          5817.248748827,
          5817.250032794,
          0.0012840860000054022,
          5817.250211854
        ],
        [
          5817.250147874,
          5817.25135859,
          0.0012106670000022746,
          5817.251519829
        ],
        [
          5817.251467519,
          5817.252727546,
          0.001260045999998738,
          5817.252886355
        ],
        [
          5817.252834715,
          5817.254019101,
          0.0011842959999981417,
          5817.254177761
        ],
        [
          5817.254124921,
          5817.255352567,
          0.0012276759999991782,
          5817.255507697
        ],
        [
          5817.255458717,
          5817.256675723,
          0.001217046000000721,
          5817.256831213
        ],
        [
          5817.256779123,
          5817.258042909,
          0.0012637150000003317,
          5817.258200938
        ],
        [
          5817.258150128,
          5817.259425505,
          0.001275284999998405,
          5817.259557074
        ],
        [
          5817.259539474,
          5817.260857969,
          0.0013184849999987591,
          5817.261043809
        ],
        [
          5817.260964889,
          5817.262253576,
          0.0012831660000003353,
          5817.262417115
        ],
        [
          5817.262357925,
          5817.263627091,
          0.0012691750000044522,
          5817.26378987
        ],
        [
          5817.26373238,
          5817.264950467,
          0.001218145999999365,
          5817.265119776
        ],
        [
          5817.265090456,
          5817.266364482,
          0.0012739359999969224,
          5817.266577862
        ],
        [
          5817.266493531,
          5817.267747798,
          0.001254166000002499,
          5817.267911807
        ],
        [
          5817.267856567,
          5817.269151544,
          0.001294995999998605,
          5817.269312063
        ],
        [
          5817.269257794,
          5817.270574869,
          0.0013169160000003899,
          5817.270731338
        ],
        [
          5817.270681609,
          5817.271909765,
          0.0012281949999959352,
          5817.272108965
        ],
        [
          5817.272038085,
          5817.27331153,
          0.0012734559999998396,
          5817.273477309
        ],
        [
          5817.27341976,
          5817.274656356,
          0.001236575000000073,
          5817.274819345
        ],
        [
          5817.274762606,
          5817.276054411,
          0.0012917650000048297,
          5817.276214611
        ],
        [
          5817.276160031,
          5817.277399817,
          0.0012399459999983264,
          5817.277560437
        ],
        [
          5817.277509567,
          5817.278743672,
          0.0012342959999998016,
          5817.278910372
        ],
        [
          5817.278856152,
          5817.280090629,
          0.0012343559999976605,
          5817.280249588
        ],
        [
          5817.280199159,
          5817.281478894,
          0.001279685000000086,
          5817.281636455
        ],
        [
          5817.281584843,
          5817.28282772,
          0.0012428659999983438,
          5817.283041119
        ],
        [
          5817.28293383,
          5817.284171356,
          0.0012373950000039713,
          5817.284348455
        ],
        [
          5817.284278546,
          5817.285474591,
          0.0011960149999978853,
          5817.285637391
        ],
        [
          5817.285580121,
          5817.286805338,
          0.0012251059999996983,
          5817.286978947
        ],
        [
          5817.286911547,
          5817.288072403,
          0.0011607870000034382,
          5817.288231833
        ],
        [
          5817.288176643,
          5817.28934983,
          0.0011731860000026018,
          5817.289510279
        ],
        [
          5817.28945589,
          5817.290611345,
          0.0011554359999976782,
          5817.290776265
        ],
        [
          5817.290716715,
          5817.291917111,
          0.0012004049999987387,
          5817.292110581
        ],
        [
          5817.292098531,
          5817.293481036,
          0.0013820449999997209,
          5817.293624725
        ],
        [
          5817.293584016,
          5817.295026552,
          0.001442595000000324,
          5817.295159241
        ],
        [
          5817.295127661,
          5817.296273357,
          0.0011458159999975237,
          5817.296397256
        ],
        [
          5817.296367147,
          5817.297563033,
          0.0011959670000010192,
          5817.297704433
        ],
        [
          5817.297653393,
          5817.298821349,
          0.0011679959999995049,
          5817.299037129
        ],
        [
          5817.29891794,
          5817.300161935,
          0.001244205999995529,
          5817.300336515
        ],
        [
          5817.300269815,
          5817.301436692,
          0.0011670160000036844,
          5817.301514021
        ],
        [
          5817.301532681,
          5817.302643767,
          0.0011112060000044721,
          5817.302720617
        ],
        [
          5817.302733597,
          5817.303861754,
          0.001128305999998247,
          5817.303975184
        ],
        [
          5817.303950484,
          5817.305131429,
          0.0011809559999989006,
          5817.305200239
        ],
        [
          5817.305223639,
          5817.306376075,
          0.0011525260000055937,
          5817.306442565
        ],
        [
          5817.306492436,
          5817.307711301,
          0.0012190659999973263,
          5817.307776721
        ],
        [
          5817.307816761,
          5817.308964817,
          0.001153705999996646,
          5817.309040688
        ],
        [
          5817.309088687,
          5817.310230093,
          0.0011415360000057717,
          5817.310295583
        ],
        [
          5817.310318703,
          5817.31149326,
          0.0011746549999998024,
          5817.31155754
        ],
        [
          5817.311581,
          5817.312737275,
          0.001156305999998608,
          5817.312802315
        ],
        [
          5817.312824755,
          5817.314043881,
          0.0012191949999973417,
          5817.314108961
        ],
        [
          5817.314131561,
          5817.315306377,
          0.0011748760000003244,
          5817.315370967
        ],
        [
          5817.315393967,
          5817.316586464,
          0.001192576000001111,
          5817.316650913
        ],
        [
          5817.316673923,
          5817.317888229,
          0.0012144159999962767,
          5817.317952868
        ],
        [
          5817.317982719,
          5817.319189255,
          0.001206566000000464,
          5817.319305395
        ],
        [
          5817.319277945,
          5817.320453851,
          0.0011762160000046151,
          5817.320517151
        ],
        [
          5817.320539731,
          5817.321730827,
          0.00119127600000013,
          5817.321793897
        ],
        [
          5817.321817057,
          5817.323070383,
          0.0012534150000007571,
          5817.323134812
        ],
        [
          5817.323156652,
          5817.324357999,
          0.0012014059999998494,
          5817.324421799
        ],
        [
          5817.324445008,
          5817.325655384,
          0.0012104649999997719,
          5817.325718424
        ],
        [
          5817.325741074,
          5817.3269707,
          0.0012297260000053711,
          5817.32706693
        ],
        [
          5817.32707247,
          5817.328311255,
          0.001238796000002651,
          5817.328374555
        ],
        [
          5817.328397615,
          5817.329909881,
          0.0015031350000000998,
          5817.32998385
        ],
        [
          5817.33006679,
          5817.331604066,
          0.0015370739999980287,
          5817.331734765
        ],
        [
          5817.331715896,
          5817.33322653,
          0.0015106049999999982,
          5817.33339723
        ],
        [
          5817.33333527,
          5817.334804526,
          0.0014692550000034998,
          5817.334886935
        ],
        [
          5817.334913075,
          5817.336314991,
          0.0014019549999986225,
          5817.33645273
        ],
        [
          5817.33642653,
          5817.337895596,
          0.0014689750000016488,
          5817.338050015
        ],
        [
          5817.338025835,
          5817.339340301,
          0.0013144850000017527,
          5817.33946924
        ],
        [
          5817.339450571,
          5817.340749656,
          0.0012989749999974265,
          5817.340822976
        ],
        [
          5817.340863446,
          5817.342247202,
          0.0013837460000019064,
          5817.342319362
        ],
        [
          5817.342355802,
          5817.343820537,
          0.0014648249999993368,
          5817.343888127
        ],
        [
          5817.343928177,
          5817.34572056,
          0.00179252299999888,
          5817.34579793
        ],
        [
          5817.34583082,
          5817.347227096,
          0.0013964350000037484,
          5817.347297246
        ],
        [
          5817.347338586,
          5817.348795802,
          0.001457285999997282,
          5817.348865511
        ],
        [
          5817.348904981,
          5817.350329506,
          0.0014244050000016273,
          5817.350398305
        ],
        [
          5817.350437845,
          5817.351761562,
          0.0013238149999992288,
          5817.351829732
        ],
        [
          5817.351869992,
          5817.353321426,
          0.0014513839999992229,
          5817.353389906
        ],
        [
          5817.353432086,
          5817.354801562,
          0.0013694250000000352,
          5817.354869982
        ],
        [
          5817.354910742,
          5817.356226398,
          0.0013154360000058318,
          5817.356294518
        ],
        [
          5817.356334707,
          5817.357834252,
          0.0014995740000003366,
          5817.357901302
        ],
        [
          5817.357942332,
          5817.359762766,
          0.0018203529999993862,
          5817.359919795
        ],
        [
          5817.359869866,
          5817.36159471,
          0.0017250040000007516,
          5817.36170397
        ],
        [
          5817.361700821,
          5817.363452794,
          0.0017520940000039786,
          5817.363601024
        ],
        [
          5817.363568204,
          5817.36499135,
          0.0014231150000014736,
          5817.365132199
        ],
        [
          5817.365111309,
          5817.366495115,
          0.0013836950000012394,
          5817.366603195
        ],
        [
          5817.366603365,
          5817.36801518,
          0.001411744999998632,
          5817.36809206
        ],
        [
          5817.368124989,
          5817.369483156,
          0.0013581460000011703,
          5817.369611335
        ],
        [
          5817.369593235,
          5817.371029501,
          0.0014359249999955637,
          5817.37113956
        ],
        [
          5817.37114406,
          5817.372700945,
          0.0015499940000012202,
          5817.372872745
        ],
        [
          5817.372811174,
          5817.374171071,
          0.0013599259999992341,
          5817.37431517
        ],
        [
          5817.374279641,
          5817.375605176,
          0.0013255260000022417,
          5817.375771335
        ],
        [
          5817.375710405,
          5817.377125641,
          0.0014152950000010378,
          5817.377201671
        ],
        [
          5817.377235061,
          5817.378569106,
          0.0013340049999968073,
          5817.378644586
        ],
        [
          5817.378677095,
          5817.380093602,
          0.0014164750000063009,
          5817.380221091
        ],
        [
          5817.380202661,
          5817.381572807,
          0.001369895999999926,
          5817.381707757
        ],
        [
          5817.381681447,
          5817.383080132,
          0.0013985850000040045,
          5817.383149092
        ],
        [
          5817.383188112,
          5817.384551068,
          0.001362835000001894,
          5817.384676517
        ],
        [
          5817.384658157,
          5817.385956992,
          0.0012988640000060059,
          5817.386031823
        ],
        [
          5817.386077593,
          5817.387422588,
          0.0013450450000007663,
          5817.387490808
        ],
        [
          5817.387531028,
          5817.388872744,
          0.0013415660000006824,
          5817.388940884
        ],
        [
          5817.388987404,
          5817.390793857,
          0.0018064329999987194,
          5817.390987876
        ],
        [
          5817.390897627,
          5817.392282343,
          0.0013847549999965736,
          5817.392465963
        ],
        [
          5817.392377343,
          5817.393880779,
          0.0014959740000008992,
          5817.394052638
        ],
        [
          5817.393977338,
          5817.395261054,
          0.001283764999996606,
          5817.395384433
        ],
        [
          5817.395348563,
          5817.39667045,
          0.0013219260000028044,
          5817.396738039
        ],
        [
          5817.396758839,
          5817.398208514,
          0.0014497549999958892,
          5817.398284593
        ],
        [
          5817.398299913,
          5817.399681349,
          0.0013814349999989872,
          5817.399836159
        ],
        [
          5817.399767749,
          5817.401156825,
          0.0013891349999965996,
          5817.401271375
        ],
        [
          5817.401243125,
          5817.40270864,
          0.0014655050000058623,
          5817.402807419
        ],
        [
          5817.40279303,
          5817.404202866,
          0.0014098859999975843,
          5817.404314775
        ],
        [
          5817.404289785,
          5817.40570924,
          0.0014195150000020362,
          5817.40577421
        ],
        [
          5817.40579461,
          5817.407248765,
          0.0014542049999946016,
          5817.407390105
        ],
        [
          5817.407350085,
          5817.408836201,
          0.0014861450000012155,
          5817.408960011
        ],
        [
          5817.4089224,
          5817.410250286,
          0.0013279559999972435,
          5817.410336766
        ],
        [
          5817.410335415,
          5817.411645762,
          0.0013104060000017625,
          5817.411772411
        ],
        [
          5817.411735542,
          5817.413107337,
          0.0013718350000004875,
          5817.413180106
        ],
        [
          5817.413194237,
          5817.414608122,
          0.001413915000000543,
          5817.414678342
        ],
        [
          5817.414694342,
          5817.415982918,
          0.0012886860000023148,
          5817.416061228
        ],
        [
          5817.416077218,
          5817.417480423,
          0.0014032549999996036,
          5817.417563603
        ],
        [
          5817.417566763,
          5817.418995068,
          0.001428435000001116,
          5817.419072788
        ],
        [
          5817.419090188,
          5817.420504254,
          0.001414085999996928,
          5817.420619433
        ],
        [
          5817.420590183,
          5817.42185431,
          0.0012642659999997363,
          5817.421923569
        ],
        [
          5817.421939509,
          5817.423382345,
          0.0014429249999992066,
          5817.423472514
        ],
        [
          5817.423467885,
          5817.42486858,
          0.0014008549999999786,
          5817.424947329
        ],
        [
          5817.424957229,
          5817.426354005,
          0.001396884000001819,
          5817.426425565
        ],
        [
          5817.426441665,
          5817.42782273,
          0.001381174999998791,
          5817.427948419
        ],
        [
          5817.42790858,
          5817.429251066,
          0.0013425550000008002,
          5817.429321566
        ],
        [
          5817.429340116,
          5817.430625101,
          0.0012850449999959324,
          5817.430694261
        ],
        [
          5817.430712141,
          5817.432179746,
          0.0014677039999995145,
          5817.432248717
        ],
        [
          5817.432265057,
          5817.433609702,
          0.0013447239999990757,
          5817.433737662
        ],
        [
          5817.433696032,
          5817.435209317,
          0.0015132950000023015,
          5817.435335287
        ],
        [
          5817.435295947,
          5817.436504453,
          0.001208634999997571,
          5817.436578353
        ],
        [
          5817.436589113,
          5817.438130438,
          0.0015414539999980548,
          5817.438229897
        ],
        [
          5817.438220027,
          5817.439451134,
          0.0012311449999984347,
          5817.439527374
        ],
        [
          5817.439536243,
          5817.44084183,
          0.001305675000004669,
          5817.44091093
        ],
        [
          5817.44092795,
          5817.442268505,
          0.001340595000002054,
          5817.442351205
        ],
        [
          5817.442353514,
          5817.44374719,
          0.0013938060000029395,
          5817.44385503
        ],
        [
          5817.44383218,
          5817.445319175,
          0.0014870140000056153,
          5817.445387804
        ],
        [
          5817.445404004,
          5817.44694679,
          0.001542895000000044,
          5817.44703069
        ],
        [
          5817.447049059,
          5817.448357946,
          0.0013088950000010868,
          5817.448427395
        ],
        [
          5817.448444255,
          5817.44980005,
          0.0013559349999994197,
          5817.449887861
        ],
        [
          5817.449885881,
          5817.451133787,
          0.0012479750000053969,
          5817.451205597
        ],
        [
          5817.451223037,
          5817.452534022,
          0.001311045000001343,
          5817.452607321
        ],
        [
          5817.452619861,
          5817.453940088,
          0.0013202749999976504,
          5817.454055157
        ],
        [
          5817.454052817,
          5817.455580132,
          0.001527354000003811,
          5817.455654812
        ],
        [
          5817.455664791,
          5817.457053098,
          0.001388336000005097,
          5817.457158538
        ],
        [
          5817.457137827,
          5817.458433584,
          0.0012958659999995348,
          5817.458538243
        ],
        [
          5817.458518563,
          5817.459807299,
          0.0012887749999990206,
          5817.459910918
        ],
        [
          5817.459891798,
          5817.461421374,
          0.0015295649999984562,
          5817.461489754
        ],
        [
          5817.461506304,
          5817.462818219,
          0.0013120349999979908,
          5817.462885519
        ],
        [
          5817.462902879,
          5817.464292495,
          0.0013897349999965058,
          5817.464363595
        ],
        [
          5817.464380815,
          5817.465725001,
          0.0013442460000021583,
          5817.46589202
        ],
        [
          5817.465811791,
          5817.467152495,
          0.0013407349999994267,
          5817.467258455
        ],
        [
          5817.467236466,
          5817.468564171,
          0.0013277059999978746,
          5817.468652362
        ],
        [
          5817.468648571,
          5817.469978957,
          0.0013305350000010208,
          5817.470061506
        ],
        [
          5817.470069097,
          5817.471372382,
          0.0013033150000012483,
          5817.471445842
        ],
        [
          5817.471455402,
          5817.472760088,
          0.0013048060000002693,
          5817.472868948
        ],
        [
          5817.472848837,
          5817.474275364,
          0.0014266060000025504,
          5817.474352933
        ],
        [
          5817.474359903,
          5817.475664389,
          0.001304435999998077,
          5817.475745229
        ],
        [
          5817.475747929,
          5817.477031895,
          0.0012839860000042336,
          5817.477104774
        ],
        [
          5817.477114624,
          5817.478401151,
          0.0012866249999987645,
          5817.47847046
        ],
        [
          5817.47848734,
          5817.479768026,
          0.001280755000003353,
          5817.479837386
        ],
        [
          5817.479852906,
          5817.481106802,
          0.0012539949999990085,
          5817.481220671
        ],
        [
          5817.481190811,
          5817.482693086,
          0.001502383999998358,
          5817.482778936
        ],
        [
          5817.482775916,
          5817.484064273,
          0.0012883959999996364,
          5817.484132782
        ],
        [
          5817.484155502,
          5817.485573917,
          0.001418474999994146,
          5817.485641317
        ],
        [
          5817.485658728,
          5817.487099232,
          0.0014405749999966133,
          5817.487168342
        ],
        [
          5817.487183952,
          5817.488376109,
          0.001192176000003542,
          5817.488443848
        ],
        [
          5817.488459348,
          5817.489741124,
          0.0012819050000061338,
          5817.489808194
        ],
        [
          5817.489824843,
          5817.49121028,
          0.0013855750000004718,
          5817.491280659
        ],
        [
          5817.491297719,
          5817.492527915,
          0.0012302960000027952,
          5817.492649954
        ],
        [
          5817.492612595,
          5817.49405717,
          0.001444603999999572,
          5817.49413553
        ],
        [
          5817.49414131,
          5817.495420136,
          0.0012789060000031327,
          5817.495489277
        ]
      ]
    },
    {
      "round_index": 3,
      "map_setup_wall_s": 0.0015504650000366382,
      "map_setup_parent_cpu_s": 0.002139224999999967,
      "result_next_wall_s": 0.21688287500091974,
      "result_next_parent_cpu_s": 0.011858305000001068,
      "serial_result_processing_wall_s": 0.007413377997181669,
      "serial_result_processing_parent_cpu_s": 0.010920670999999715,
      "worker_placement_wall_sum_s": 0.20621993900749658,
      "worker_placement_cpu_sum_s": 0.20621747399997048,
      "worker_tasks": 181,
      "per_worker": {
        "20001": 181
      },
      "task_intervals": [
        [
          5817.622185304,
          5817.622628423,
          0.00044246899999933476,
          5817.622862442
        ],
        [
          5817.622781223,
          5817.623885259,
          0.0011043159999957197,
          5817.624038549
        ],
        [
          5817.623987829,
          5817.625051366,
          0.0010636169999997946,
          5817.625133266
        ],
        [
          5817.625143086,
          5817.626149102,
          0.001006187000001546,
          5817.626278502
        ],
        [
          5817.626236551,
          5817.627312399,
          0.0010758649999971226,
          5817.627420579
        ],
        [
          5817.627400779,
          5817.628473375,
          0.0010726649999952542,
          5817.628543844
        ],
        [
          5817.628561574,
          5817.629626051,
          0.0010645960000061905,
          5817.62969586
        ],
        [
          5817.62971354,
          5817.631347575,
          0.0016348639999961279,
          5817.631468945
        ],
        [
          5817.631549574,
          5817.632828571,
          0.001279056000001333,
          5817.63291459
        ],
        [
          5817.632952861,
          5817.634199126,
          0.001246324999996773,
          5817.634271126
        ],
        [
          5817.634309945,
          5817.635395103,
          0.0010852360000015437,
          5817.635467722
        ],
        [
          5817.635499162,
          5817.636577309,
          0.0010782270000007088,
          5817.636651829
        ],
        [
          5817.636677948,
          5817.637696995,
          0.0010190960000002747,
          5817.637771355
        ],
        [
          5817.637800305,
          5817.638973191,
          0.001173106000003088,
          5817.639053821
        ],
        [
          5817.63908937,
          5817.640119498,
          0.0010301969999986227,
          5817.640220338
        ],
        [
          5817.640222927,
          5817.641353794,
          0.0011308960000064872,
          5817.641454663
        ],
        [
          5817.641457773,
          5817.642507191,
          0.001049565999998947,
          5817.64260745
        ],
        [
          5817.64261036,
          5817.643621627,
          0.0010114070000000197,
          5817.643720116
        ],
        [
          5817.643723466,
          5817.644784683,
          0.0010613469999967151,
          5817.644883003
        ],
        [
          5817.644887293,
          5817.646013069,
          0.0011258759999961399,
          5817.646115399
        ],
        [
          5817.646119268,
          5817.647196135,
          0.0010769159999952649,
          5817.647296244
        ],
        [
          5817.647301124,
          5817.648456091,
          0.001155056000001764,
          5817.648554591
        ],
        [
          5817.648558331,
          5817.649680387,
          0.00111525599999851,
          5817.649780716
        ],
        [
          5817.649784867,
          5817.650956853,
          0.0011720450000041183,
          5817.651035233
        ],
        [
          5817.651078953,
          5817.652229348,
          0.0011505160000027104,
          5817.65233688
        ],
        [
          5817.652332009,
          5817.653496715,
          0.0011646560000002637,
          5817.653595825
        ],
        [
          5817.653599115,
          5817.654723542,
          0.0011245860000030916,
          5817.654795192
        ],
        [
          5817.654826332,
          5817.655925908,
          0.0010996959999971523,
          5817.656041247
        ],
        [
          5817.656045027,
          5817.657223804,
          0.0011787759999961622,
          5817.657330273
        ],
        [
          5817.657326133,
          5817.65843364,
          0.00110758500000685,
          5817.658503069
        ],
        [
          5817.658533409,
          5817.659625245,
          0.0010918959999983713,
          5817.659694665
        ],
        [
          5817.659725615,
          5817.660753642,
          0.0010281170000041584,
          5817.660822252
        ],
        [
          5817.660854142,
          5817.662053637,
          0.0011995549999994637,
          5817.662154389
        ],
        [
          5817.662155988,
          5817.663346374,
          0.0011904059999992,
          5817.663444213
        ],
        [
          5817.663447884,
          5817.66469667,
          0.0012489559999977473,
          5817.66479772
        ],
        [
          5817.66480174,
          5817.666113415,
          0.0013118050000002768,
          5817.666248315
        ],
        [
          5817.666233575,
          5817.667312142,
          0.001078716999998619,
          5817.667415052
        ],
        [
          5817.667415252,
          5817.668497277,
          0.0010820669999986876,
          5817.668597297
        ],
        [
          5817.668597507,
          5817.669705074,
          0.0011076159999987567,
          5817.669773764
        ],
        [
          5817.669804534,
          5817.67090944,
          0.0011050459999992768,
          5817.671025949
        ],
        [
          5817.6710218,
          5817.672093176,
          0.0010713960000003908,
          5817.672163756
        ],
        [
          5817.672193325,
          5817.673296002,
          0.001102795999997852,
          5817.673394522
        ],
        [
          5817.673396392,
          5817.674457198,
          0.001060797000000946,
          5817.674526748
        ],
        [
          5817.674557688,
          5817.675610685,
          0.0010530859999988706,
          5817.675678815
        ],
        [
          5817.675709105,
          5817.676777611,
          0.0010685660000007147,
          5817.676851151
        ],
        [
          5817.676880201,
          5817.677964178,
          0.0010840870000023983,
          5817.678061798
        ],
        [
          5817.678091958,
          5817.679175863,
          0.00108394699999792,
          5817.679246293
        ],
        [
          5817.679278533,
          5817.68036636,
          0.0010878960000013649,
          5817.68046731
        ],
        [
          5817.68046954,
          5817.681554416,
          0.0010849160000034885,
          5817.681651646
        ],
        [
          5817.681653695,
          5817.682746232,
          0.0010925759999977913,
          5817.682814092
        ],
        [
          5817.682851452,
          5817.683936219,
          0.001084876000000179,
          5817.684019368
        ],
        [
          5817.684049098,
          5817.685165315,
          0.0011162460000022634,
          5817.685265044
        ],
        [
          5817.685268435,
          5817.686400071,
          0.0011317450000021267,
          5817.686470071
        ],
        [
          5817.686500971,
          5817.687670107,
          0.0011692060000001447,
          5817.687768547
        ],
        [
          5817.687771947,
          5817.689030792,
          0.001258784999997431,
          5817.689131562
        ],
        [
          5817.689133022,
          5817.690310779,
          0.0011778249999991885,
          5817.690409859
        ],
        [
          5817.690413368,
          5817.691631434,
          0.0012181059999960553,
          5817.691701314
        ],
        [
          5817.691732874,
          5817.692774081,
          0.0010411869999984447,
          5817.69287304
        ],
        [
          5817.692876131,
          5817.694051976,
          0.0011758360000015955,
          5817.694150696
        ],
        [
          5817.694152546,
          5817.695257883,
          0.0011054260000022964,
          5817.695355623
        ],
        [
          5817.695357923,
          5817.696423999,
          0.0010661069999997608,
          5817.696493219
        ],
        [
          5817.696525628,
          5817.697673716,
          0.001148106999998788,
          5817.697778025
        ],
        [
          5817.697774545,
          5817.698943551,
          0.0011690360000002897,
          5817.699029951
        ],
        [
          5817.699038111,
          5817.700196988,
          0.001158935999995947,
          5817.700312337
        ],
        [
          5817.700299417,
          5817.701464443,
          0.0011652060000031383,
          5817.701566023
        ],
        [
          5817.701564352,
          5817.702728,
          0.0011637359999951968,
          5817.702796579
        ],
        [
          5817.702827499,
          5817.703940305,
          0.001112935999998399,
          5817.704062544
        ],
        [
          5817.704041395,
          5817.705164801,
          0.0011234560000019655,
          5817.705283981
        ],
        [
          5817.705266461,
          5817.706391148,
          0.0011247270000040999,
          5817.706461787
        ],
        [
          5817.706493127,
          5817.707658764,
          0.001165706000001876,
          5817.707727733
        ],
        [
          5817.707758684,
          5817.70889448,
          0.0011359669999961852,
          5817.709018579
        ],
        [
          5817.709010469,
          5817.710184725,
          0.0011743350000017472,
          5817.710285816
        ],
        [
          5817.710287745,
          5817.711483601,
          0.0011959559999965563,
          5817.711552831
        ],
        [
          5817.711584611,
          5817.712734037,
          0.001149435999998616,
          5817.712833197
        ],
        [
          5817.712837717,
          5817.714028813,
          0.0011855859999982954,
          5817.714130772
        ],
        [
          5817.714134363,
          5817.71530112,
          0.0011668470000003595,
          5817.715398649
        ],
        [
          5817.715401319,
          5817.716538665,
          0.0011373560000009775,
          5817.716634104
        ],
        [
          5817.716639355,
          5817.717729232,
          0.0010899659999950018,
          5817.717799532
        ],
        [
          5817.717831161,
          5817.718987617,
          0.0011566270000002987,
          5817.719101657
        ],
        [
          5817.719096757,
          5817.720365084,
          0.0012682859999983975,
          5817.720434413
        ],
        [
          5817.720466683,
          5817.721542189,
          0.0010755559999964248,
          5817.721643519
        ],
        [
          5817.721643959,
          5817.722723856,
          0.0010800060000022427,
          5817.722819725
        ],
        [
          5817.722824365,
          5817.723944332,
          0.0011201160000027244,
          5817.724046071
        ],
        [
          5817.724039061,
          5817.725135758,
          0.0010967870000015978,
          5817.725204438
        ],
        [
          5817.725235838,
          5817.726409294,
          0.0011734659999973474,
          5817.726479044
        ],
        [
          5817.726510153,
          5817.72783598,
          0.0013259150000024533,
          5817.72793442
        ],
        [
          5817.72793698,
          5817.729176025,
          0.0012390860000053294,
          5817.729273855
        ],
        [
          5817.729277555,
          5817.730536741,
          0.0012592150000045876,
          5817.73063218
        ],
        [
          5817.73063652,
          5817.731759096,
          0.0011227560000008907,
          5817.731870388
        ],
        [
          5817.731858537,
          5817.732986504,
          0.0011281270000012,
          5817.733067173
        ],
        [
          5817.733108183,
          5817.734227629,
          0.0011195159999957127,
          5817.734301419
        ],
        [
          5817.734328619,
          5817.735389785,
          0.001061235999998189,
          5817.735459025
        ],
        [
          5817.735489216,
          5817.736542721,
          0.0010535159999989219,
          5817.736612432
        ],
        [
          5817.736643331,
          5817.737723649,
          0.0010804069999963417,
          5817.737797148
        ],
        [
          5817.737826918,
          5817.738880414,
          0.0010535159999989219,
          5817.738948794
        ],
        [
          5817.738985804,
          5817.74015063,
          0.0011649149999968245,
          5817.74025105
        ],
        [
          5817.740253381,
          5817.741326617,
          0.001073376000000792,
          5817.741438116
        ],
        [
          5817.741426836,
          5817.742570733,
          0.0011439359999982912,
          5817.742669653
        ],
        [
          5817.742672802,
          5817.743844389,
          0.0011716359999951464,
          5817.743912498
        ],
        [
          5817.743944728,
          5817.745095835,
          0.0011512060000029578,
          5817.745170685
        ],
        [
          5817.745196814,
          5817.74637777,
          0.0011811160000050336,
          5817.74644782
        ],
        [
          5817.74647914,
          5817.747641577,
          0.0011625459999962118,
          5817.747710657
        ],
        [
          5817.747741117,
          5817.748976512,
          0.0012355349999992882,
          5817.749085502
        ],
        [
          5817.749086822,
          5817.750334289,
          0.0012475260000002208,
          5817.750434008
        ],
        [
          5817.750437418,
          5817.751630633,
          0.001193264999997723,
          5817.751700253
        ],
        [
          5817.751729713,
          5817.753094309,
          0.0013648750000001542,
          5817.753297319
        ],
        [
          5817.753253969,
          5817.754618745,
          0.0013647549999973307,
          5817.754781344
        ],
        [
          5817.754715655,
          5817.755898011,
          0.0011824669999995763,
          5817.75606459
        ],
        [
          5817.75599579,
          5817.757136267,
          0.0011405560000028458,
          5817.757254656
        ],
        [
          5817.757225767,
          5817.758397292,
          0.0011720649999986676,
          5817.758484632
        ],
        [
          5817.758488342,
          5817.759600829,
          0.0011125260000000026,
          5817.759667679
        ],
        [
          5817.759688169,
          5817.760838275,
          0.0011502460000016868,
          5817.760942215
        ],
        [
          5817.760925895,
          5817.762166901,
          0.001241065999998625,
          5817.762232641
        ],
        [
          5817.762252331,
          5817.763402816,
          0.0011506049999994161,
          5817.763467747
        ],
        [
          5817.763489756,
          5817.764775593,
          0.0012859550000001718,
          5817.764840323
        ],
        [
          5817.764862743,
          5817.766024819,
          0.0011621049999988031,
          5817.766200638
        ],
        [
          5817.766133838,
          5817.767298835,
          0.001165086000000315,
          5817.767418535
        ],
        [
          5817.767385724,
          5817.76856199,
          0.0011764059999990195,
          5817.76862811
        ],
        [
          5817.76864826,
          5817.769796607,
          0.001148446000001968,
          5817.769901136
        ],
        [
          5817.769882776,
          5817.770994063,
          0.0011113670000000297,
          5817.771067972
        ],
        [
          5817.771090182,
          5817.772336249,
          0.001246095999995589,
          5817.772467239
        ],
        [
          5817.772423528,
          5817.773627154,
          0.0012037050000017757,
          5817.773700724
        ],
        [
          5817.773714884,
          5817.77488416,
          0.001169414999999674,
          5817.77499526
        ],
        [
          5817.774979931,
          5817.776138716,
          0.0011588260000010564,
          5817.776259266
        ],
        [
          5817.776223266,
          5817.777384052,
          0.0011534050000037155,
          5817.777497972
        ],
        [
          5817.777472763,
          5817.778658498,
          0.001185804999998652,
          5817.778726158
        ],
        [
          5817.778744538,
          5817.779846675,
          0.0011022360000012554,
          5817.779912935
        ],
        [
          5817.779931704,
          5817.78107462,
          0.0011429560000024708,
          5817.78114036
        ],
        [
          5817.78115961,
          5817.782358027,
          0.0011984360000028005,
          5817.782422336
        ],
        [
          5817.782441676,
          5817.783629663,
          0.0011881269999989286,
          5817.783693732
        ],
        [
          5817.783714132,
          5817.784810099,
          0.0010961059999985423,
          5817.784932419
        ],
        [
          5817.784897159,
          5817.785996565,
          0.001099545999998952,
          5817.786130504
        ],
        [
          5817.786096584,
          5817.787252812,
          0.0011562959999977807,
          5817.787318871
        ],
        [
          5817.787339391,
          5817.788380817,
          0.0010414669999931903,
          5817.788445707
        ],
        [
          5817.788468797,
          5817.789540105,
          0.001071376999995266,
          5817.789604594
        ],
        [
          5817.789625294,
          5817.79074298,
          0.0011178560000004722,
          5817.79080759
        ],
        [
          5817.790829249,
          5817.791930017,
          0.0011008270000019138,
          5817.791998397
        ],
        [
          5817.792031186,
          5817.793079173,
          0.0010479270000018914,
          5817.793144962
        ],
        [
          5817.793164813,
          5817.79430329,
          0.00113855600000079,
          5817.794367909
        ],
        [
          5817.794390039,
          5817.795448105,
          0.0010581159999958345,
          5817.795511275
        ],
        [
          5817.795531875,
          5817.796662862,
          0.0011311259999970957,
          5817.796725611
        ],
        [
          5817.796747691,
          5817.797759738,
          0.0010122260000002825,
          5817.797865987
        ],
        [
          5817.797847218,
          5817.798934974,
          0.0010896759999994288,
          5817.799073843
        ],
        [
          5817.799042823,
          5817.80019002,
          0.0011472670000003404,
          5817.80026337
        ],
        [
          5817.80027608,
          5817.801359406,
          0.0010834659999972018,
          5817.801477906
        ],
        [
          5817.801444216,
          5817.802538713,
          0.0010946060000023294,
          5817.802604852
        ],
        [
          5817.802623912,
          5817.803647539,
          0.0010237269999961995,
          5817.803750348
        ],
        [
          5817.803732159,
          5817.804769266,
          0.001037156999998956,
          5817.804833185
        ],
        [
          5817.804855045,
          5817.805960321,
          0.001105365000000802,
          5817.806034532
        ],
        [
          5817.806057061,
          5817.807145038,
          0.0010881159999982515,
          5817.807208788
        ],
        [
          5817.807229718,
          5817.808274705,
          0.0010451759999980936,
          5817.808338264
        ],
        [
          5817.808358704,
          5817.80958767,
          0.0012290749999976924,
          5817.809649741
        ],
        [
          5817.80967177,
          5817.810734237,
          0.0010625669999981824,
          5817.810839016
        ],
        [
          5817.810825346,
          5817.811913283,
          0.0010880049999997254,
          5817.811981093
        ],
        [
          5817.812012333,
          5817.813140459,
          0.0011281760000017016,
          5817.813205709
        ],
        [
          5817.813226918,
          5817.814402826,
          0.001176076000000137,
          5817.814466255
        ],
        [
          5817.814487925,
          5817.815648661,
          0.001160816000002285,
          5817.815710841
        ],
        [
          5817.815731631,
          5817.816795408,
          0.0010638460000009786,
          5817.816858398
        ],
        [
          5817.816879067,
          5817.818036814,
          0.0011577650000020867,
          5817.818099303
        ],
        [
          5817.818121173,
          5817.81930764,
          0.0011864960000025349,
          5817.81937099
        ],
        [
          5817.819393399,
          5817.820662885,
          0.001269596000000206,
          5817.820725735
        ],
        [
          5817.820749435,
          5817.821973722,
          0.0012244449999982976,
          5817.822043511
        ],
        [
          5817.822067541,
          5817.823198747,
          0.0011312560000007466,
          5817.823261567
        ],
        [
          5817.823282337,
          5817.824510083,
          0.0012278550000033306,
          5817.824614353
        ],
        [
          5817.824597093,
          5817.825780049,
          0.0011830060000050935,
          5817.825845378
        ],
        [
          5817.825864718,
          5817.827027155,
          0.001162456000002976,
          5817.827089295
        ],
        [
          5817.827110235,
          5817.828255111,
          0.0011448959999995623,
          5817.828318871
        ],
        [
          5817.828339031,
          5817.829556587,
          0.0012177059999984863,
          5817.829618817
        ],
        [
          5817.829640487,
          5817.830806363,
          0.0011660159999991038,
          5817.830868542
        ],
        [
          5817.830889993,
          5817.83204093,
          0.0011510360000031028,
          5817.832248459
        ],
        [
          5817.832153609,
          5817.833374495,
          0.0012210360000040055,
          5817.833532244
        ],
        [
          5817.833460094,
          5817.834667651,
          0.0012076160000020764,
          5817.834807921
        ],
        [
          5817.834751771,
          5817.835937126,
          0.0011854850000005968,
          5817.836020697
        ],
        [
          5817.836036296,
          5817.837102363,
          0.0010660760000007485,
          5817.837214893
        ],
        [
          5817.837187083,
          5817.838292609,
          0.0011056759999945598,
          5817.838359849
        ],
        [
          5817.838378219,
          5817.839579666,
          0.0012015550000015196,
          5817.839683015
        ],
        [
          5817.839663775,
          5817.840887901,
          0.001224216000004219,
          5817.840995561
        ],
        [
          5817.84097805,
          5817.842124218,
          0.0011462359999967475,
          5817.842189698
        ],
        [
          5817.842207747,
          5817.843442383,
          0.001234816000000194,
          5817.843512713
        ],
        [
          5817.843527493,
          5817.844714189,
          0.001186875000001919,
          5817.844784999
        ],
        [
          5817.844798019,
          5817.846055245,
          0.001257204999994599,
          5817.846120084
        ]
      ]
    },
    {
      "round_index": 4,
      "map_setup_wall_s": 0.0024151029992935946,
      "map_setup_parent_cpu_s": 0.003141384999999941,
      "result_next_wall_s": 0.43942479499946785,
      "result_next_parent_cpu_s": 0.01923741399999901,
      "serial_result_processing_wall_s": 0.012869294992924551,
      "serial_result_processing_parent_cpu_s": 0.015525602999999388,
      "worker_placement_wall_sum_s": 0.43369834500663274,
      "worker_placement_cpu_sum_s": 0.43362350599999644,
      "worker_tasks": 181,
      "per_worker": {
        "20001": 181
      },
      "task_intervals": [
        [
          5817.993791867,
          5817.994435735,
          0.0006406380000001377,
          5817.994667063
        ],
        [
          5817.994581624,
          5817.997573185,
          0.00299172000000425,
          5817.997762244
        ],
        [
          5817.997683584,
          5817.999629228,
          0.0019457130000049006,
          5817.999717507
        ],
        [
          5817.999723487,
          5818.001689032,
          0.0019656420000018215,
          5818.001814041
        ],
        [
          5818.001780272,
          5818.003789225,
          0.0020089720000058264,
          5818.003938705
        ],
        [
          5818.003882335,
          5818.006038188,
          0.0021559520000025145,
          5818.006132938
        ],
        [
          5818.006135468,
          5818.008246721,
          0.0021113720000016656,
          5818.008318341
        ],
        [
          5818.008336851,
          5818.010584313,
          0.002247491999995077,
          5818.010708013
        ],
        [
          5818.010672744,
          5818.012895345,
          0.002222723000002702,
          5818.012995185
        ],
        [
          5818.012996305,
          5818.015262738,
          0.002266691999999182,
          5818.015397668
        ],
        [
          5818.015352098,
          5818.017145912,
          0.0017939339999983872,
          5818.017255542
        ],
        [
          5818.017231912,
          5818.019026666,
          0.001794743000004928,
          5818.019098766
        ],
        [
          5818.019115466,
          5818.020892791,
          0.0017774230000000557,
          5818.020962571
        ],
        [
          5818.02098402,
          5818.022766454,
          0.0017825740000034784,
          5818.022900174
        ],
        [
          5818.022857044,
          5818.024667179,
          0.0018102129999988392,
          5818.024776528
        ],
        [
          5818.024755518,
          5818.026541173,
          0.0017857240000012098,
          5818.026611413
        ],
        [
          5818.026627393,
          5818.028620867,
          0.001993593000001681,
          5818.028690596
        ],
        [
          5818.028706536,
          5818.03069337,
          0.0019869330000048535,
          5818.03076351
        ],
        [
          5818.030780729,
          5818.033031201,
          0.0022504920000017137,
          5818.033268272
        ],
        [
          5818.033128022,
          5818.035153495,
          0.002025582000001691,
          5818.035314285
        ],
        [
          5818.035241165,
          5818.037289759,
          0.002048671999993701,
          5818.037382808
        ],
        [
          5818.037385668,
          5818.039475321,
          0.0020896219999997356,
          5818.039602041
        ],
        [
          5818.039565621,
          5818.041516855,
          0.001951404000003265,
          5818.041630295
        ],
        [
          5818.041604545,
          5818.043571329,
          0.001966902999996023,
          5818.043647679
        ],
        [
          5818.043658519,
          5818.045723462,
          0.0020650530000025924,
          5818.045831402
        ],
        [
          5818.045810062,
          5818.047810745,
          0.002000742999996419,
          5818.047902355
        ],
        [
          5818.047902535,
          5818.049973828,
          0.002071352000001525,
          5818.050144667
        ],
        [
          5818.050074988,
          5818.052067521,
          0.001992603000005033,
          5818.052145941
        ],
        [
          5818.052159492,
          5818.054221485,
          0.00206209199999563,
          5818.054298145
        ],
        [
          5818.054311385,
          5818.056352408,
          0.002041062000003535,
          5818.056428178
        ],
        [
          5818.056442618,
          5818.058418182,
          0.00197568299999773,
          5818.058493032
        ],
        [
          5818.058507841,
          5818.060651015,
          0.0021432320000016603,
          5818.060724975
        ],
        [
          5818.060738834,
          5818.062802468,
          0.002063803999995173,
          5818.062911528
        ],
        [
          5818.062896458,
          5818.064893231,
          0.0019969529999954716,
          5818.065050671
        ],
        [
          5818.064991691,
          5818.067158094,
          0.0021665519999984895,
          5818.067264513
        ],
        [
          5818.067248453,
          5818.069481166,
          0.0022327519999976175,
          5818.069562196
        ],
        [
          5818.069568956,
          5818.07164343,
          0.002074542999999096,
          5818.071756879
        ],
        [
          5818.071730859,
          5818.073798293,
          0.0020675829999987627,
          5818.073932463
        ],
        [
          5818.073890663,
          5818.075901197,
          0.0020106819999980985,
          5818.076025056
        ],
        [
          5818.076008276,
          5818.078233799,
          0.002225761999994802,
          5818.078313289
        ],
        [
          5818.078325769,
          5818.080390192,
          0.0020645119999969097,
          5818.080465863
        ],
        [
          5818.080479912,
          5818.082638384,
          0.0021586330000005205,
          5818.082713755
        ],
        [
          5818.082727505,
          5818.084776628,
          0.0020492030000056616,
          5818.084864728
        ],
        [
          5818.084871117,
          5818.086917551,
          0.0020465929999957666,
          5818.087110701
        ],
        [
          5818.087022541,
          5818.089200194,
          0.002177721999998994,
          5818.089276984
        ],
        [
          5818.089288754,
          5818.091497177,
          0.002208512000002827,
          5818.091573376
        ],
        [
          5818.091588527,
          5818.0938414,
          0.0022529519999991976,
          5818.093938549
        ],
        [
          5818.093936529,
          5818.096137333,
          0.0022009129999958077,
          5818.096229062
        ],
        [
          5818.096291042,
          5818.099193172,
          0.00283402899999885,
          5818.099294272
        ],
        [
          5818.099307182,
          5818.101704364,
          0.002397790999999927,
          5818.101823604
        ],
        [
          5818.101859904,
          5818.104265027,
          0.002405072000001951,
          5818.104420086
        ],
        [
          5818.104362026,
          5818.106567209,
          0.002205271999997649,
          5818.106699208
        ],
        [
          5818.106667968,
          5818.108870402,
          0.002202511999996659,
          5818.109064481
        ],
        [
          5818.108984921,
          5818.111343424,
          0.002358602000001042,
          5818.111442193
        ],
        [
          5818.111436173,
          5818.115290422,
          0.003854715999999314,
          5818.115405981
        ],
        [
          5818.115466892,
          5818.117903044,
          0.002436211000002686,
          5818.118016493
        ],
        [
          5818.118039283,
          5818.120575635,
          0.002536081000002355,
          5818.120653265
        ],
        [
          5818.120688504,
          5818.123239707,
          0.002551201999999364,
          5818.123333836
        ],
        [
          5818.123355216,
          5818.125843658,
          0.0024884410000041157,
          5818.125934938
        ],
        [
          5818.125962058,
          5818.128620679,
          0.002658760000002758,
          5818.128755599
        ],
        [
          5818.128728399,
          5818.13144397,
          0.0027156899999951634,
          5818.13152837
        ],
        [
          5818.13156634,
          5818.134025572,
          0.0024592810000001464,
          5818.134123712
        ],
        [
          5818.134147552,
          5818.136622644,
          0.002475150999998732,
          5818.136697164
        ],
        [
          5818.136727713,
          5818.139329485,
          0.002601729999994973,
          5818.139421324
        ],
        [
          5818.139441744,
          5818.142155626,
          0.0027140009999939707,
          5818.142245426
        ],
        [
          5818.142266575,
          5818.144956068,
          0.0026895610000039483,
          5818.145146758
        ],
        [
          5818.145088338,
          5818.147892769,
          0.0028045099999971512,
          5818.148062588
        ],
        [
          5818.148017518,
          5818.150767779,
          0.002750450000000626,
          5818.150908548
        ],
        [
          5818.150878889,
          5818.15356762,
          0.00268874000000352,
          5818.153707319
        ],
        [
          5818.1536864,
          5818.15650905,
          0.0028227699999945344,
          5818.156602441
        ],
        [
          5818.156622081,
          5818.159267222,
          0.0026453010000011545,
          5818.159360372
        ],
        [
          5818.159378301,
          5818.162707522,
          0.0033116460000002235,
          5818.162816001
        ],
        [
          5818.162861831,
          5818.165945251,
          0.0030834490000017922,
          5818.16604236
        ],
        [
          5818.166069491,
          5818.168510723,
          0.0024411719999974935,
          5818.168583023
        ],
        [
          5818.168606843,
          5818.171212224,
          0.002605499999994265,
          5818.171358454
        ],
        [
          5818.171312944,
          5818.173898095,
          0.0025852200000002767,
          5818.173991925
        ],
        [
          5818.174026845,
          5818.176481727,
          0.0024537420000001475,
          5818.176606827
        ],
        [
          5818.176573917,
          5818.179113619,
          0.002539690999995514,
          5818.179202538
        ],
        [
          5818.179210189,
          5818.181610021,
          0.0023999309999993557,
          5818.181677431
        ],
        [
          5818.181700781,
          5818.184188653,
          0.0024879820000052177,
          5818.184330402
        ],
        [
          5818.184292793,
          5818.186611125,
          0.0023184920000005604,
          5818.186681465
        ],
        [
          5818.186702645,
          5818.188942908,
          0.002240331999999512,
          5818.189029198
        ],
        [
          5818.189045258,
          5818.19149184,
          0.002446611000003429,
          5818.19155911
        ],
        [
          5818.191588899,
          5818.193954772,
          0.0023659109999982775,
          5818.194041122
        ],
        [
          5818.194144302,
          5818.196649874,
          0.002505562000003181,
          5818.196716753
        ],
        [
          5818.196741253,
          5818.199174075,
          0.0024329419999986612,
          5818.199279295
        ],
        [
          5818.199276135,
          5818.201750447,
          0.002474300999999457,
          5818.201826397
        ],
        [
          5818.201847857,
          5818.20408601,
          0.002238212000001738,
          5818.204233709
        ],
        [
          5818.20418293,
          5818.206550522,
          0.002367600999996,
          5818.206618562
        ],
        [
          5818.206642151,
          5818.209108034,
          0.0024659819999968136,
          5818.209191194
        ],
        [
          5818.209211034,
          5818.211473047,
          0.002262082999997972,
          5818.211541746
        ],
        [
          5818.211567846,
          5818.213875259,
          0.002307452000003707,
          5818.213959019
        ],
        [
          5818.213980439,
          5818.216247961,
          0.0022676029999999514,
          5818.216369991
        ],
        [
          5818.216339901,
          5818.218589764,
          0.002251421999993397,
          5818.218663764
        ],
        [
          5818.218696344,
          5818.220890757,
          0.002194502999998349,
          5818.221067416
        ],
        [
          5818.220995317,
          5818.223344629,
          0.0023493519999959744,
          5818.223452698
        ],
        [
          5818.223442018,
          5818.225735322,
          0.0022934120000002167,
          5818.225803651
        ],
        [
          5818.225837091,
          5818.228166974,
          0.002329891999998779,
          5818.228323623
        ],
        [
          5818.228266483,
          5818.230834245,
          0.0025678199999958906,
          5818.230925055
        ],
        [
          5818.230936005,
          5818.233495357,
          0.002559400999999184,
          5818.233571537
        ],
        [
          5818.233606846,
          5818.236119549,
          0.0025127400000002353,
          5818.236210658
        ],
        [
          5818.236253648,
          5818.238659361,
          0.0024058220000000574,
          5818.23872878
        ],
        [
          5818.23877303,
          5818.241247312,
          0.002474411000001453,
          5818.241403041
        ],
        [
          5818.241355512,
          5818.244171263,
          0.002815829999995856,
          5818.244314712
        ],
        [
          5818.244287802,
          5818.246792964,
          0.0025052809999976944,
          5818.246932235
        ],
        [
          5818.246900894,
          5818.249330806,
          0.0024299809999988042,
          5818.249419367
        ],
        [
          5818.249438627,
          5818.252026428,
          0.00258791099999911,
          5818.252205328
        ],
        [
          5818.252129558,
          5818.254824519,
          0.002695059999993532,
          5818.254918599
        ],
        [
          5818.254935089,
          5818.257475541,
          0.0025405410000018946,
          5818.257629901
        ],
        [
          5818.257566671,
          5818.259973543,
          0.0024070110000025124,
          5818.260179313
        ],
        [
          5818.260076693,
          5818.262725865,
          0.0026493010000052664,
          5818.262853434
        ],
        [
          5818.262822194,
          5818.265667315,
          0.002845239999999194,
          5818.265773324
        ],
        [
          5818.265766584,
          5818.268186697,
          0.0024201510000025905,
          5818.268282907
        ],
        [
          5818.268283136,
          5818.270622489,
          0.0023394510000045443,
          5818.270735489
        ],
        [
          5818.270712159,
          5818.273218891,
          0.0025068309999980443,
          5818.27332414
        ],
        [
          5818.27332236,
          5818.276049982,
          0.0027277600000061852,
          5818.276212581
        ],
        [
          5818.276146442,
          5818.278721583,
          0.002575319999998271,
          5818.278789903
        ],
        [
          5818.278812453,
          5818.281503945,
          0.0026916499999956045,
          5818.281594904
        ],
        [
          5818.281605924,
          5818.284110346,
          0.0025045009999971057,
          5818.284211457
        ],
        [
          5818.284205897,
          5818.286777258,
          0.0025713909999964812,
          5818.286843398
        ],
        [
          5818.286871218,
          5818.28919716,
          0.0023260419999999726,
          5818.28935355
        ],
        [
          5818.28929578,
          5818.291931472,
          0.0026357810000021686,
          5818.292042712
        ],
        [
          5818.292085952,
          5818.294490434,
          0.0024045319999999037,
          5818.294557944
        ],
        [
          5818.294598593,
          5818.296910476,
          0.0023119610000037483,
          5818.297177985
        ],
        [
          5818.297104825,
          5818.300530865,
          0.003425427999999897,
          5818.300756113
        ],
        [
          5818.300651494,
          5818.303261876,
          0.002610511000000315,
          5818.303451755
        ],
        [
          5818.303364725,
          5818.305956377,
          0.002591670999997575,
          5818.306139436
        ],
        [
          5818.306070707,
          5818.308957597,
          0.002887059000002523,
          5818.309170278
        ],
        [
          5818.309099517,
          5818.311679159,
          0.0025798910000034425,
          5818.311772669
        ],
        [
          5818.311833569,
          5818.31460331,
          0.0027696499999976254,
          5818.314704609
        ],
        [
          5818.314709769,
          5818.317189012,
          0.002479321000002699,
          5818.317304552
        ],
        [
          5818.317288881,
          5818.319885763,
          0.0025969810000034954,
          5818.320139043
        ],
        [
          5818.319995053,
          5818.322586324,
          0.0025913600000038173,
          5818.322742364
        ],
        [
          5818.322697324,
          5818.325253906,
          0.00255660100000199,
          5818.325358995
        ],
        [
          5818.325374506,
          5818.327812318,
          0.0024378310000017223,
          5818.327925038
        ],
        [
          5818.327913247,
          5818.33034159,
          0.0024284220000012624,
          5818.330543459
        ],
        [
          5818.33043813,
          5818.332652712,
          0.002214672000000917,
          5818.332744712
        ],
        [
          5818.332743592,
          5818.335149995,
          0.0024064819999978226,
          5818.335248375
        ],
        [
          5818.335245775,
          5818.338018646,
          0.002772838999995031,
          5818.338120825
        ],
        [
          5818.338119195,
          5818.340505018,
          0.002385882000005779,
          5818.340583118
        ],
        [
          5818.340593457,
          5818.343023859,
          0.0024303110000047923,
          5818.343117049
        ],
        [
          5818.343117339,
          5818.345555902,
          0.002438641000004793,
          5818.345627371
        ],
        [
          5818.345645931,
          5818.348257643,
          0.002611780999998814,
          5818.348344462
        ],
        [
          5818.348357962,
          5818.350973584,
          0.002615761000001271,
          5818.351082014
        ],
        [
          5818.351074704,
          5818.353492366,
          0.0024178110000008246,
          5818.353563926
        ],
        [
          5818.353581676,
          5818.355850499,
          0.002268892000003575,
          5818.356018068
        ],
        [
          5818.355949889,
          5818.358251791,
          0.0023020610000017427,
          5818.358345491
        ],
        [
          5818.358341681,
          5818.360750453,
          0.0024088509999984353,
          5818.360822273
        ],
        [
          5818.360839213,
          5818.363535934,
          0.0026968310000015094,
          5818.363703133
        ],
        [
          5818.363625254,
          5818.365940717,
          0.00231560099999939,
          5818.366180766
        ],
        [
          5818.366050226,
          5818.368312379,
          0.002262240999996834,
          5818.368486029
        ],
        [
          5818.368400669,
          5818.370753591,
          0.0023530510000000504,
          5818.370947591
        ],
        [
          5818.370850021,
          5818.373298763,
          0.0024488210000015442,
          5818.373393543
        ],
        [
          5818.373399473,
          5818.375870615,
          0.002471181000004208,
          5818.376048465
        ],
        [
          5818.375963995,
          5818.378464567,
          0.0025007409999986407,
          5818.378665806
        ],
        [
          5818.378552777,
          5818.381381498,
          0.0028287790000049995,
          5818.381557128
        ],
        [
          5818.381473458,
          5818.38405774,
          0.002584290999998018,
          5818.384171649
        ],
        [
          5818.384155889,
          5818.386962931,
          0.002807150000002423,
          5818.3871272
        ],
        [
          5818.38706965,
          5818.389964951,
          0.0029003499999973315,
          5818.390061381
        ],
        [
          5818.39007051,
          5818.392689382,
          0.002618940999994379,
          5818.392782782
        ],
        [
          5818.392782372,
          5818.395056445,
          0.002274071999998739,
          5818.395232774
        ],
        [
          5818.395147125,
          5818.397469877,
          0.002322882000001414,
          5818.397626386
        ],
        [
          5818.397557947,
          5818.400287398,
          0.002729519999995489,
          5818.400431748
        ],
        [
          5818.400379297,
          5818.40278081,
          0.002401610999996251,
          5818.40287468
        ],
        [
          5818.40287267,
          5818.405263942,
          0.002391371999998171,
          5818.405380122
        ],
        [
          5818.405356832,
          5818.407777765,
          0.002421071000000552,
          5818.407863844
        ],
        [
          5818.407865514,
          5818.410216726,
          0.002351380999996877,
          5818.410374746
        ],
        [
          5818.410315046,
          5818.412667409,
          0.0023525320000032934,
          5818.412745758
        ],
        [
          5818.412755969,
          5818.415511209,
          0.0027553299999993897,
          5818.41560458
        ],
        [
          5818.415598749,
          5818.418082401,
          0.00247752199999951,
          5818.418173501
        ],
        [
          5818.418178031,
          5818.420740673,
          0.002562730999997598,
          5818.420811903
        ],
        [
          5818.420838483,
          5818.423281785,
          0.0024434520000014004,
          5818.423384655
        ],
        [
          5818.423374035,
          5818.425761247,
          0.0023872610000026384,
          5818.425889467
        ],
        [
          5818.425851797,
          5818.428247529,
          0.0023958510000028355,
          5818.428339389
        ],
        [
          5818.428345009,
          5818.430767311,
          0.0024223410000061563,
          5818.4309304
        ],
        [
          5818.430857811,
          5818.433236044,
          0.002378380999999763,
          5818.433384113
        ],
        [
          5818.433323143,
          5818.435853995,
          0.0025309709999987717,
          5818.435947575
        ],
        [
          5818.435945564,
          5818.438239488,
          0.0022940320000017778,
          5818.438374817
        ],
        [
          5818.438330977,
          5818.44056795,
          0.0022369920000002708,
          5818.44067788
        ],
        [
          5818.44065476,
          5818.443040033,
          0.0023852909999959593,
          5818.443129762
        ],
        [
          5818.443129982,
          5818.445930283,
          0.0028004099999989762,
          5818.446040004
        ]
      ]
    },
    {
      "round_index": 5,
      "map_setup_wall_s": 0.0017113450003307662,
      "map_setup_parent_cpu_s": 0.002429334999999977,
      "result_next_wall_s": 0.34228373699261283,
      "result_next_parent_cpu_s": 0.014079634000000452,
      "serial_result_processing_wall_s": 0.009971184997993987,
      "serial_result_processing_parent_cpu_s": 0.012409403999999347,
      "worker_placement_wall_sum_s": 0.33561090000694094,
      "worker_placement_cpu_sum_s": 0.3356270500000491,
      "worker_tasks": 181,
      "per_worker": {
        "20001": 181
      },
      "task_intervals": [
        [
          5818.642492141,
          5818.64295872,
          0.000466119000002152,
          5818.643244088
        ],
        [
          5818.643109479,
          5818.644824593,
          0.0017151839999982599,
          5818.645018583
        ],
        [
          5818.644923262,
          5818.646706777,
          0.0017835140000030947,
          5818.646832116
        ],
        [
          5818.646800096,
          5818.648670741,
          0.0018708440000025917,
          5818.64874741
        ],
        [
          5818.64876773,
          5818.650575365,
          0.001807793000004665,
          5818.650684115
        ],
        [
          5818.650664475,
          5818.652641689,
          0.001977362999994625,
          5818.652758338
        ],
        [
          5818.652741369,
          5818.654648762,
          0.001907423999995217,
          5818.654714691
        ],
        [
          5818.654737362,
          5818.656574445,
          0.0018372019999972622,
          5818.656671725
        ],
        [
          5818.656667925,
          5818.65859765,
          0.0019298729999945863,
          5818.658663959
        ],
        [
          5818.658835878,
          5818.660701313,
          0.0018655840000008084,
          5818.660882472
        ],
        [
          5818.660797223,
          5818.662686397,
          0.0018892829999970218,
          5818.662860677
        ],
        [
          5818.662785657,
          5818.664695559,
          0.0019100129999998217,
          5818.66481701
        ],
        [
          5818.664788119,
          5818.666657364,
          0.0018693020000029037,
          5818.666726593
        ],
        [
          5818.666747124,
          5818.668659478,
          0.0019124529999956508,
          5818.668732687
        ],
        [
          5818.668747627,
          5818.670864611,
          0.002117082000005155,
          5818.67099108
        ],
        [
          5818.67097436,
          5818.672948984,
          0.0019746929999939766,
          5818.673128384
        ],
        [
          5818.673075814,
          5818.674977358,
          0.0019015629999969974,
          5818.675050788
        ],
        [
          5818.675074647,
          5818.676893841,
          0.0018191539999961037,
          5818.676961091
        ],
        [
          5818.676996021,
          5818.678883745,
          0.0018878130000032911,
          5818.679032874
        ],
        [
          5818.678980925,
          5818.680839379,
          0.0018584430000032626,
          5818.680975528
        ],
        [
          5818.680931859,
          5818.682772253,
          0.0018404529999997976,
          5818.682838193
        ],
        [
          5818.682865363,
          5818.684706236,
          0.0018409330000039859,
          5818.684769447
        ],
        [
          5818.684801827,
          5818.68684402,
          0.0020422920000058298,
          5818.686944169
        ],
        [
          5818.686939749,
          5818.688756884,
          0.0018172529999986864,
          5818.688821403
        ],
        [
          5818.688845034,
          5818.690990667,
          0.0021457520000041086,
          5818.691145966
        ],
        [
          5818.691102307,
          5818.692957921,
          0.0018556229999973084,
          5818.69303435
        ],
        [
          5818.693061501,
          5818.694943035,
          0.0018816129999947862,
          5818.695069004
        ],
        [
          5818.695041464,
          5818.697009868,
          0.0019683640000067726,
          5818.697076637
        ],
        [
          5818.697098587,
          5818.699086431,
          0.0019878729999973643,
          5818.699181401
        ],
        [
          5818.699179861,
          5818.701018105,
          0.0018382040000020083,
          5818.701082155
        ],
        [
          5818.701105095,
          5818.703090049,
          0.0019850040000051195,
          5818.703154409
        ],
        [
          5818.703177118,
          5818.705033852,
          0.0018567530000055399,
          5818.705099312
        ],
        [
          5818.705129123,
          5818.706825756,
          0.0016967440000001943,
          5818.706890056
        ],
        [
          5818.706912546,
          5818.708623341,
          0.0017108839999977477,
          5818.70868708
        ],
        [
          5818.708710171,
          5818.710456286,
          0.0017461739999973247,
          5818.710522205
        ],
        [
          5818.710542385,
          5818.71227978,
          0.0017374339999989274,
          5818.7123738
        ],
        [
          5818.712372909,
          5818.714149813,
          0.001776943000002973,
          5818.714213863
        ],
        [
          5818.714236073,
          5818.716141787,
          0.0019057829999979958,
          5818.716204837
        ],
        [
          5818.716228347,
          5818.717925771,
          0.001697642999999971,
          5818.717995351
        ],
        [
          5818.718037301,
          5818.719872616,
          0.0018354239999993638,
          5818.720037495
        ],
        [
          5818.719981856,
          5818.721699679,
          0.0017178330000007236,
          5818.721881509
        ],
        [
          5818.721793369,
          5818.723709153,
          0.001915893000003166,
          5818.723880963
        ],
        [
          5818.723795383,
          5818.725517118,
          0.0017217939999980558,
          5818.725591147
        ],
        [
          5818.725609577,
          5818.727376642,
          0.0017671539999994934,
          5818.727547201
        ],
        [
          5818.727473241,
          5818.729150386,
          0.0016772629999977084,
          5818.729231745
        ],
        [
          5818.729238295,
          5818.73111774,
          0.0018795140000023025,
          5818.731186009
        ],
        [
          5818.731212289,
          5818.732941714,
          0.0017295140000044285,
          5818.733070063
        ],
        [
          5818.733040254,
          5818.734856488,
          0.0018162629999949331,
          5818.734924638
        ],
        [
          5818.734944158,
          5818.736612372,
          0.0016683039999989546,
          5818.736678642
        ],
        [
          5818.736700062,
          5818.738368946,
          0.0016689630000001898,
          5818.738508186
        ],
        [
          5818.738464846,
          5818.740169581,
          0.0017048429999988457,
          5818.740283151
        ],
        [
          5818.740255361,
          5818.742006915,
          0.001751544000001104,
          5818.742080466
        ],
        [
          5818.742091595,
          5818.743724209,
          0.0016326850000041304,
          5818.743796949
        ],
        [
          5818.743815359,
          5818.745519674,
          0.001704423999996152,
          5818.745586244
        ],
        [
          5818.745609544,
          5818.747236969,
          0.0016275039999982255,
          5818.747307818
        ],
        [
          5818.747324569,
          5818.749158632,
          0.0018341739999954143,
          5818.749228632
        ],
        [
          5818.749245872,
          5818.750904307,
          0.0016585039999981177,
          5818.751041586
        ],
        [
          5818.751014926,
          5818.752781311,
          0.0017664439999975912,
          5818.752844381
        ],
        [
          5818.752870541,
          5818.754659606,
          0.001789174000002447,
          5818.754723095
        ],
        [
          5818.754745515,
          5818.756571279,
          0.0018258630000005382,
          5818.756639479
        ],
        [
          5818.756661728,
          5818.758517302,
          0.0018556730000014454,
          5818.758587553
        ],
        [
          5818.758605933,
          5818.760459676,
          0.0018538130000038677,
          5818.760581167
        ],
        [
          5818.760546427,
          5818.762361461,
          0.0018151929999987715,
          5818.76247073
        ],
        [
          5818.762447741,
          5818.764333174,
          0.0018854839999988826,
          5818.764450354
        ],
        [
          5818.764424194,
          5818.766461208,
          0.0020370840000012436,
          5818.766588047
        ],
        [
          5818.766547947,
          5818.768411162,
          0.0018632740000015247,
          5818.768482561
        ],
        [
          5818.768497141,
          5818.770393435,
          0.0018964030000034882,
          5818.770463185
        ],
        [
          5818.770484345,
          5818.77226951,
          0.0017852040000008174,
          5818.772340599
        ],
        [
          5818.772359629,
          5818.774199703,
          0.0018401640000007546,
          5818.774270483
        ],
        [
          5818.774286052,
          5818.776219626,
          0.0019336929999980157,
          5818.776287996
        ],
        [
          5818.776305106,
          5818.778137671,
          0.0018326339999958918,
          5818.778206711
        ],
        [
          5818.77822816,
          5818.780105605,
          0.0018774629999995796,
          5818.780174314
        ],
        [
          5818.780191044,
          5818.781945549,
          0.0017545839999968393,
          5818.782076308
        ],
        [
          5818.782042208,
          5818.783802733,
          0.001760605000001192,
          5818.783873252
        ],
        [
          5818.783893902,
          5818.785689836,
          0.001796043000005909,
          5818.785759607
        ],
        [
          5818.785777347,
          5818.78765965,
          0.0018823930000024802,
          5818.787728881
        ],
        [
          5818.7877455,
          5818.789542605,
          0.0017971739999964598,
          5818.789610315
        ],
        [
          5818.789626884,
          5818.791325349,
          0.0016985339999990856,
          5818.791393088
        ],
        [
          5818.791415978,
          5818.793307452,
          0.0018915729999946507,
          5818.793429552
        ],
        [
          5818.793394062,
          5818.795294557,
          0.001900633000005314,
          5818.795363846
        ],
        [
          5818.795379716,
          5818.797070631,
          0.001690973999998846,
          5818.79713756
        ],
        [
          5818.79716004,
          5818.799038084,
          0.0018781039999993254,
          5818.799108644
        ],
        [
          5818.799127024,
          5818.800951398,
          0.0018243340000054786,
          5818.801077587
        ],
        [
          5818.801043098,
          5818.802811582,
          0.0017685640000024705,
          5818.802922042
        ],
        [
          5818.802900692,
          5818.804691447,
          0.001790882999998189,
          5818.804762156
        ],
        [
          5818.804782896,
          5818.80647095,
          0.0016881649999973547,
          5818.80654015
        ],
        [
          5818.80655733,
          5818.808439324,
          0.0018821829999993156,
          5818.808508594
        ],
        [
          5818.808523774,
          5818.810239619,
          0.0017159440000042991,
          5818.810307529
        ],
        [
          5818.810330278,
          5818.812073753,
          0.0017434740000012994,
          5818.812143243
        ],
        [
          5818.812160923,
          5818.813795707,
          0.0016348040000053743,
          5818.813864177
        ],
        [
          5818.813881057,
          5818.815574452,
          0.001693543999998326,
          5818.815642701
        ],
        [
          5818.815659401,
          5818.817371767,
          0.0017124649999971098,
          5818.817439666
        ],
        [
          5818.817462516,
          5818.81939261,
          0.0019302330000030565,
          5818.81946037
        ],
        [
          5818.81947746,
          5818.821366933,
          0.0018895729999997002,
          5818.821435533
        ],
        [
          5818.821450953,
          5818.823374327,
          0.0019235030000004372,
          5818.823442627
        ],
        [
          5818.823465067,
          5818.825255591,
          0.0017906829999958518,
          5818.825324801
        ],
        [
          5818.825342301,
          5818.827358715,
          0.0020165329999954906,
          5818.827447655
        ],
        [
          5818.827443644,
          5818.829387049,
          0.0019434839999945552,
          5818.829509328
        ],
        [
          5818.829471458,
          5818.831379402,
          0.0019080739999992602,
          5818.831450831
        ],
        [
          5818.831468781,
          5818.833183526,
          0.0017148940000026869,
          5818.833252996
        ],
        [
          5818.833277136,
          5818.835443869,
          0.0021668530000056307,
          5818.835512478
        ],
        [
          5818.835528749,
          5818.837359323,
          0.0018306639999963181,
          5818.837426943
        ],
        [
          5818.837450533,
          5818.839224978,
          0.0017744440000058148,
          5818.839355827
        ],
        [
          5818.839311907,
          5818.8411539,
          0.0018421429999975203,
          5818.84126009
        ],
        [
          5818.84123929,
          5818.842869575,
          0.0016304439999998976,
          5818.842938545
        ],
        [
          5818.842954265,
          5818.84467002,
          0.0017159040000009895,
          5818.844789829
        ],
        [
          5818.84476044,
          5818.846614654,
          0.0018542930000009505,
          5818.846731154
        ],
        [
          5818.846699003,
          5818.848511217,
          0.0018123530000053734,
          5818.848626897
        ],
        [
          5818.848595677,
          5818.850548401,
          0.0019528930000021205,
          5818.85066429
        ],
        [
          5818.85063783,
          5818.852682495,
          0.002044783999998856,
          5818.852798324
        ],
        [
          5818.852769414,
          5818.854662898,
          0.001893633000001671,
          5818.854733628
        ],
        [
          5818.854747728,
          5818.856741102,
          0.0019934530000043083,
          5818.856809091
        ],
        [
          5818.856824462,
          5818.858754604,
          0.0019302930000009155,
          5818.858823744
        ],
        [
          5818.858842995,
          5818.860890608,
          0.0020477030000023433,
          5818.861045708
        ],
        [
          5818.860989857,
          5818.862805592,
          0.0018157840000014858,
          5818.862902952
        ],
        [
          5818.862889062,
          5818.864631937,
          0.001742954000000907,
          5818.864703766
        ],
        [
          5818.864723757,
          5818.866525841,
          0.0018021229999973798,
          5818.86659378
        ],
        [
          5818.86661186,
          5818.868604353,
          0.0019926040000015632,
          5818.868673103
        ],
        [
          5818.868690443,
          5818.870642827,
          0.0019524630000020693,
          5818.870712507
        ],
        [
          5818.870729277,
          5818.872710541,
          0.0019813729999995644,
          5818.872779971
        ],
        [
          5818.8728013,
          5818.874684565,
          0.0018834529999978145,
          5818.874753005
        ],
        [
          5818.874770134,
          5818.876702119,
          0.0019320419999999672,
          5818.876770068
        ],
        [
          5818.876786398,
          5818.878638441,
          0.0018521739999997067,
          5818.878707441
        ],
        [
          5818.878730892,
          5818.880611266,
          0.0018804729999999381,
          5818.880679375
        ],
        [
          5818.880697175,
          5818.8825628,
          0.001865692999999169,
          5818.88263076
        ],
        [
          5818.882647649,
          5818.884578643,
          0.0019311130000048138,
          5818.884646473
        ],
        [
          5818.884663753,
          5818.886575488,
          0.0019118529999957445,
          5818.886683877
        ],
        [
          5818.886664747,
          5818.88862343,
          0.0019588030000008416,
          5818.88869212
        ],
        [
          5818.888710549,
          5818.890517014,
          0.0018065639999989003,
          5818.890585234
        ],
        [
          5818.890601304,
          5818.892504778,
          0.0019036230000040177,
          5818.892623957
        ],
        [
          5818.892595938,
          5818.894663622,
          0.002067822999997304,
          5818.894789931
        ],
        [
          5818.894749441,
          5818.896584656,
          0.0018353729999986967,
          5818.896698725
        ],
        [
          5818.896669495,
          5818.898615438,
          0.0019460030000004735,
          5818.898685498
        ],
        [
          5818.898699008,
          5818.900490043,
          0.0017911830000016948,
          5818.900559763
        ],
        [
          5818.900578243,
          5818.902465526,
          0.0018874330000002715,
          5818.902584486
        ],
        [
          5818.902550066,
          5818.904422851,
          0.001872923000000526,
          5818.90454181
        ],
        [
          5818.90451063,
          5818.906457554,
          0.0019470140000024116,
          5818.906534524
        ],
        [
          5818.906554854,
          5818.908537057,
          0.0019822930000046313,
          5818.908605857
        ],
        [
          5818.908623366,
          5818.910389501,
          0.0017661939999982224,
          5818.910458161
        ],
        [
          5818.910476321,
          5818.912464895,
          0.001988613000001749,
          5818.912534434
        ],
        [
          5818.912551614,
          5818.914444169,
          0.0018926830000012274,
          5818.914511868
        ],
        [
          5818.914534828,
          5818.916276702,
          0.001742024000002118,
          5818.916345013
        ],
        [
          5818.916360753,
          5818.918197476,
          0.0018368930000036698,
          5818.918267006
        ],
        [
          5818.918283556,
          5818.92013267,
          0.0018491439999976933,
          5818.9202018
        ],
        [
          5818.9202223,
          5818.922249364,
          0.0020271229999977436,
          5818.922317834
        ],
        [
          5818.922333274,
          5818.924173688,
          0.001840573000002621,
          5818.924247628
        ],
        [
          5818.924264248,
          5818.926335031,
          0.0020709329999988313,
          5818.926424861
        ],
        [
          5818.926420361,
          5818.928327524,
          0.0019072429999980045,
          5818.928396424
        ],
        [
          5818.928415804,
          5818.930379438,
          0.0019637330000037423,
          5818.930448117
        ],
        [
          5818.930464577,
          5818.932435302,
          0.001970802000002436,
          5818.932504811
        ],
        [
          5818.932522101,
          5818.934313746,
          0.001791724000000272,
          5818.934382545
        ],
        [
          5818.934404616,
          5818.93639681,
          0.001992213000001186,
          5818.936493229
        ],
        [
          5818.936482479,
          5818.938322652,
          0.0018402529999974604,
          5818.938430922
        ],
        [
          5818.938407552,
          5818.940357646,
          0.0019502029999998172,
          5818.940464966
        ],
        [
          5818.940441086,
          5818.94246171,
          0.0020207620000007864,
          5818.94253043
        ],
        [
          5818.94255067,
          5818.944420004,
          0.0018694729999992887,
          5818.944490844
        ],
        [
          5818.944508633,
          5818.946416978,
          0.0019084129999953348,
          5818.946485878
        ],
        [
          5818.946502047,
          5818.94846575,
          0.0019637819999971384,
          5818.94853441
        ],
        [
          5818.94855483,
          5818.950515654,
          0.001960912999997788,
          5818.950583904
        ],
        [
          5818.950599844,
          5818.952557447,
          0.001957722000000217,
          5818.952625878
        ],
        [
          5818.952641027,
          5818.954449082,
          0.0018080429999969283,
          5818.954535521
        ],
        [
          5818.954531901,
          5818.956433956,
          0.0019021429999952488,
          5818.956503415
        ],
        [
          5818.956522615,
          5818.958270369,
          0.0017479440000016666,
          5818.958419128
        ],
        [
          5818.958370799,
          5818.960219074,
          0.001848373000001402,
          5818.960293763
        ],
        [
          5818.960303743,
          5818.962375076,
          0.002071432000001039,
          5818.962478556
        ],
        [
          5818.962462627,
          5818.964334161,
          0.0018716330000003722,
          5818.96440271
        ],
        [
          5818.964417621,
          5818.966451714,
          0.002034241999993469,
          5818.966574643
        ],
        [
          5818.966534674,
          5818.968302748,
          0.0017682539999981373,
          5818.968465118
        ],
        [
          5818.968385477,
          5818.970302642,
          0.0019172330000003512,
          5818.970373471
        ],
        [
          5818.970391061,
          5818.972294655,
          0.0019037329999989083,
          5818.972366305
        ],
        [
          5818.972381795,
          5818.974431849,
          0.002050182000004952,
          5818.974500149
        ],
        [
          5818.974515948,
          5818.976375303,
          0.0018594530000015652,
          5818.976444083
        ],
        [
          5818.976464132,
          5818.978251986,
          0.0017880139999988387,
          5818.978335116
        ],
        [
          5818.978335805,
          5818.98036019,
          0.0020244840000032127,
          5818.980428549
        ],
        [
          5818.980444239,
          5818.982239044,
          0.001794913000004783,
          5818.982307044
        ],
        [
          5818.982322633,
          5818.984301278,
          0.001978733000001398,
          5818.984369937
        ],
        [
          5818.984391647,
          5818.986322371,
          0.0019307730000051038,
          5818.986391391
        ],
        [
          5818.986407381,
          5818.988252834,
          0.0018455830000050355,
          5818.988320944
        ],
        [
          5818.988337544,
          5818.990279478,
          0.0019420130000042946,
          5818.990410818
        ],
        [
          5818.990377558,
          5818.992332901,
          0.0019554040000002715,
          5818.992416141
        ],
        [
          5818.992418292,
          5818.994434755,
          0.0020165230000017687,
          5818.994505635
        ]
      ]
    },
    {
      "round_index": 6,
      "map_setup_wall_s": 0.0028280709993850905,
      "map_setup_parent_cpu_s": 0.003960469999999994,
      "result_next_wall_s": 0.5620933000063815,
      "result_next_parent_cpu_s": 0.021810006999999798,
      "serial_result_processing_wall_s": 0.013251350012069452,
      "serial_result_processing_parent_cpu_s": 0.01626183599999864,
      "worker_placement_wall_sum_s": 0.5583923830090498,
      "worker_placement_cpu_sum_s": 0.5583091089999712,
      "worker_tasks": 181,
      "per_worker": {
        "20001": 181
      },
      "task_intervals": [
        [
          5819.227675246,
          5819.228425353,
          0.0006762469999941345,
          5819.228862812
        ],
        [
          5819.228592453,
          5819.231997732,
          0.0034112679999935835,
          5819.232192902
        ],
        [
          5819.232117051,
          5819.234719593,
          0.002602651000003675,
          5819.234858033
        ],
        [
          5819.234813444,
          5819.237854234,
          0.0030409689999970624,
          5819.238034913
        ],
        [
          5819.237950554,
          5819.240739734,
          0.002789219000000287,
          5819.240885564
        ],
        [
          5819.240831214,
          5819.243696075,
          0.0028648899999978994,
          5819.243807075
        ],
        [
          5819.243790964,
          5819.246777135,
          0.0029862989999998035,
          5819.246864514
        ],
        [
          5819.246867025,
          5819.249676705,
          0.0028030600000050754,
          5819.249772666
        ],
        [
          5819.249767186,
          5819.252467697,
          0.0027006709999994882,
          5819.252561547
        ],
        [
          5819.252562837,
          5819.255493727,
          0.0029309990000001562,
          5819.255586698
        ],
        [
          5819.255588427,
          5819.258735887,
          0.0031475579999948877,
          5819.258893816
        ],
        [
          5819.258837717,
          5819.261857727,
          0.0030201090000048225,
          5819.261960266
        ],
        [
          5819.261953537,
          5819.265088317,
          0.003134860000002959,
          5819.265248097
        ],
        [
          5819.265196037,
          5819.268183058,
          0.0029870800000040276,
          5819.268282867
        ],
        [
          5819.268279337,
          5819.271188757,
          0.0029095300000037128,
          5819.271279848
        ],
        [
          5819.271286588,
          5819.274124038,
          0.0028375199999999268,
          5819.274213288
        ],
        [
          5819.274217148,
          5819.277106289,
          0.002889250000002619,
          5819.277197169
        ],
        [
          5819.277200689,
          5819.28010508,
          0.002904450000002612,
          5819.280195989
        ],
        [
          5819.280199969,
          5819.28331861,
          0.0031187999999957583,
          5819.283404939
        ],
        [
          5819.283417199,
          5819.286120821,
          0.0027037510000056386,
          5819.28623953
        ],
        [
          5819.28621499,
          5819.289145011,
          0.0029301000000003796,
          5819.28923581
        ],
        [
          5819.28923977,
          5819.292133942,
          0.002894259999997928,
          5819.292240122
        ],
        [
          5819.292228802,
          5819.295198672,
          0.002970089999998038,
          5819.295291801
        ],
        [
          5819.295292301,
          5819.298147683,
          0.0028555610000040588,
          5819.298240822
        ],
        [
          5819.298243342,
          5819.301173482,
          0.0029303299999980936,
          5819.301312792
        ],
        [
          5819.301270312,
          5819.304068363,
          0.0027982300000033433,
          5819.304154433
        ],
        [
          5819.304166903,
          5819.307073475,
          0.002906680000002382,
          5819.307162804
        ],
        [
          5819.307169034,
          5819.309879515,
          0.0027106799999998543,
          5819.310063415
        ],
        [
          5819.309983095,
          5819.312868426,
          0.002885380000002158,
          5819.313033225
        ],
        [
          5819.312972925,
          5819.315997835,
          0.003029929000000209,
          5819.316093226
        ],
        [
          5819.316124675,
          5819.319160176,
          0.0030356299999994008,
          5819.319246175
        ],
        [
          5819.319279985,
          5819.322343556,
          0.003063609000001577,
          5819.322497786
        ],
        [
          5819.322453766,
          5819.325459486,
          0.003005898999994372,
          5819.325546145
        ],
        [
          5819.325573536,
          5819.328477576,
          0.0029041299999974513,
          5819.328588966
        ],
        [
          5819.328574695,
          5819.331384257,
          0.0028096790000020633,
          5819.331475526
        ],
        [
          5819.331478137,
          5819.334449697,
          0.0029716600000000426,
          5819.334536608
        ],
        [
          5819.334570928,
          5819.338120205,
          0.003549427000002936,
          5819.338205725
        ],
        [
          5819.338238085,
          5819.341503294,
          0.003265288999998006,
          5819.341590164
        ],
        [
          5819.341622414,
          5819.345061764,
          0.0034393779999959406,
          5819.345147483
        ],
        [
          5819.345179854,
          5819.348086724,
          0.002906999000003907,
          5819.348174833
        ],
        [
          5819.348207193,
          5819.350957465,
          0.002750410000004422,
          5819.351048564
        ],
        [
          5819.351089135,
          5819.354197355,
          0.0031083379999969907,
          5819.354289845
        ],
        [
          5819.354326085,
          5819.357062956,
          0.002736890000001324,
          5819.357162156
        ],
        [
          5819.357196996,
          5819.360111066,
          0.0029141690000002995,
          5819.360267786
        ],
        [
          5819.360221686,
          5819.362917007,
          0.0026954510000010146,
          5819.363103137
        ],
        [
          5819.363157516,
          5819.366547655,
          0.0033898179999951594,
          5819.366701186
        ],
        [
          5819.366660126,
          5819.369525857,
          0.0028657500000051073,
          5819.369623306
        ],
        [
          5819.369643886,
          5819.372534816,
          0.00289104000000151,
          5819.372634367
        ],
        [
          5819.372640396,
          5819.375658226,
          0.003018009000001598,
          5819.375812766
        ],
        [
          5819.375763986,
          5819.378744287,
          0.0029711979999973437,
          5819.378901786
        ],
        [
          5819.378852006,
          5819.381924347,
          0.0030724089999978332,
          5819.382030787
        ],
        [
          5819.382048257,
          5819.385178456,
          0.003130288999997788,
          5819.385277426
        ],
        [
          5819.385284406,
          5819.388231326,
          0.0029470289999977695,
          5819.388330506
        ],
        [
          5819.388337977,
          5819.391226717,
          0.0028889489999954776,
          5819.391333036
        ],
        [
          5819.391332876,
          5819.394138608,
          0.002805739000002916,
          5819.394269578
        ],
        [
          5819.394242928,
          5819.397331038,
          0.003088159000000701,
          5819.397439288
        ],
        [
          5819.397434818,
          5819.400544458,
          0.003109719000001121,
          5819.400644027
        ],
        [
          5819.400650678,
          5819.403738937,
          0.0030884290000017245,
          5819.403883428
        ],
        [
          5819.403840757,
          5819.406795879,
          0.0029552589999966017,
          5819.406889578
        ],
        [
          5819.406910838,
          5819.410124397,
          0.003213688000002435,
          5819.410288097
        ],
        [
          5819.410225427,
          5819.413295777,
          0.0030705390000065336,
          5819.413443946
        ],
        [
          5819.413398407,
          5819.416396887,
          0.00299855900000523,
          5819.416556628
        ],
        [
          5819.416493317,
          5819.419458588,
          0.0029653889999963212,
          5819.419552308
        ],
        [
          5819.419554768,
          5819.422293539,
          0.0027389200000058622,
          5819.422506758
        ],
        [
          5819.422400429,
          5819.425178789,
          0.002778470000002642,
          5819.42528922
        ],
        [
          5819.4252753,
          5819.42810718,
          0.0028319289999956254,
          5819.42820319
        ],
        [
          5819.42820178,
          5819.431249351,
          0.003047619000000168,
          5819.431342661
        ],
        [
          5819.431342921,
          5819.434373361,
          0.003030540000004578,
          5819.43449666
        ],
        [
          5819.43446978,
          5819.437359721,
          0.0028900599999985843,
          5819.437458001
        ],
        [
          5819.437453771,
          5819.440375812,
          0.0029221989999967946,
          5819.440461791
        ],
        [
          5819.440469441,
          5819.443507641,
          0.0030383389999997235,
          5819.443606721
        ],
        [
          5819.443605191,
          5819.446642762,
          0.003037788999996849,
          5819.446799972
        ],
        [
          5819.446736621,
          5819.449392643,
          0.002656119999997486,
          5819.449587443
        ],
        [
          5819.449485953,
          5819.452555443,
          0.0030696189999943613,
          5819.452662162
        ],
        [
          5819.452647873,
          5819.455638653,
          0.0029909790000033354,
          5819.455836172
        ],
        [
          5819.455735963,
          5819.458476564,
          0.0027393000000017764,
          5819.458596334
        ],
        [
          5819.458570214,
          5819.461356006,
          0.0027858609999995565,
          5819.461505525
        ],
        [
          5819.461443995,
          5819.464429516,
          0.0029856700000010505,
          5819.464585435
        ],
        [
          5819.464525835,
          5819.467363366,
          0.0028376300000019228,
          5819.467456006
        ],
        [
          5819.467457215,
          5819.470212537,
          0.002755411000002539,
          5819.470300177
        ],
        [
          5819.470304677,
          5819.473262767,
          0.0029581099999944627,
          5819.473357347
        ],
        [
          5819.473356456,
          5819.476304028,
          0.0029476789999947073,
          5819.476396438
        ],
        [
          5819.476399878,
          5819.479661707,
          0.00326192800000058,
          5819.479811307
        ],
        [
          5819.479757217,
          5819.482661558,
          0.0029044699999971613,
          5819.482757407
        ],
        [
          5819.482757967,
          5819.485803427,
          0.0030455290000048763,
          5819.485943576
        ],
        [
          5819.485907717,
          5819.488746699,
          0.002839029999996967,
          5819.488846188
        ],
        [
          5819.488856008,
          5819.492013038,
          0.003156968999995513,
          5819.492117497
        ],
        [
          5819.492109388,
          5819.495091668,
          0.002982359000000656,
          5819.495186607
        ],
        [
          5819.495188407,
          5819.498256648,
          0.00306831799999685,
          5819.498344797
        ],
        [
          5819.498357337,
          5819.501396728,
          0.0030395490000003633,
          5819.501480308
        ],
        [
          5819.501492168,
          5819.504452298,
          0.0029601889999995024,
          5819.504591158
        ],
        [
          5819.504549288,
          5819.507629238,
          0.003080008999994277,
          5819.507729978
        ],
        [
          5819.507728088,
          5819.510662349,
          0.0029343599999975822,
          5819.510754558
        ],
        [
          5819.510757958,
          5819.51348595,
          0.0027280300000001034,
          5819.51360708
        ],
        [
          5819.51358052,
          5819.51658373,
          0.0030033689999982016,
          5819.516732959
        ],
        [
          5819.51667781,
          5819.519495201,
          0.002817499999999029,
          5819.519642261
        ],
        [
          5819.519591781,
          5819.522243782,
          0.0026521000000059303,
          5819.522454792
        ],
        [
          5819.522337332,
          5819.525277292,
          0.002940089999995621,
          5819.525399752
        ],
        [
          5819.525378102,
          5819.528426633,
          0.0030484490000048936,
          5819.528533473
        ],
        [
          5819.528533713,
          5819.531426043,
          0.0028922690000001694,
          5819.531612692
        ],
        [
          5819.531525803,
          5819.534475194,
          0.002949549999996748,
          5819.534586803
        ],
        [
          5819.534577373,
          5819.537499804,
          0.002922469999994348,
          5819.537603043
        ],
        [
          5819.537604893,
          5819.540699703,
          0.0030950089999990382,
          5819.540801423
        ],
        [
          5819.540807222,
          5819.543630314,
          0.002823298999999224,
          5819.543729234
        ],
        [
          5819.543728225,
          5819.546567985,
          0.0028397589999968886,
          5819.546720504
        ],
        [
          5819.546666685,
          5819.549701625,
          0.0030349789999988275,
          5819.549813165
        ],
        [
          5819.549801474,
          5819.552504716,
          0.002703209999999956,
          5819.552607296
        ],
        [
          5819.552607025,
          5819.555669186,
          0.003062109000005364,
          5819.555769427
        ],
        [
          5819.555772467,
          5819.558829786,
          0.003057509000001346,
          5819.558981716
        ],
        [
          5819.558933336,
          5819.561887216,
          0.002953959999999256,
          5819.562087855
        ],
        [
          5819.561996916,
          5819.564751917,
          0.002755029999995884,
          5819.564885626
        ],
        [
          5819.564842267,
          5819.567687468,
          0.002845290000003331,
          5819.567838127
        ],
        [
          5819.567781797,
          5819.570875708,
          0.0030940089999944576,
          5819.571096487
        ],
        [
          5819.570982978,
          5819.573925489,
          0.002942599000000712,
          5819.574048408
        ],
        [
          5819.574030438,
          5819.576869359,
          0.002839020000003245,
          5819.576973299
        ],
        [
          5819.576962948,
          5819.57981445,
          0.002851599000003091,
          5819.579912299
        ],
        [
          5819.579908739,
          5819.582989259,
          0.003080648999997493,
          5819.583083079
        ],
        [
          5819.583096948,
          5819.58608774,
          0.002990859999997042,
          5819.58628733
        ],
        [
          5819.586184579,
          5819.58919774,
          0.0030133290000051716,
          5819.58935358
        ],
        [
          5819.58929628,
          5819.59242601,
          0.003129860000001372,
          5819.592523259
        ],
        [
          5819.592532849,
          5819.59561576,
          0.003083048999997118,
          5819.595759249
        ],
        [
          5819.595714429,
          5819.599084409,
          0.0033700679999952854,
          5819.599191338
        ],
        [
          5819.599183538,
          5819.602531267,
          0.0033478379999962726,
          5819.602674347
        ],
        [
          5819.602625567,
          5819.605619138,
          0.002993748999998047,
          5819.605713188
        ],
        [
          5819.605723308,
          5819.609252997,
          0.0035297780000007606,
          5819.609395836
        ],
        [
          5819.609350926,
          5819.612654205,
          0.003303448000004039,
          5819.612756995
        ],
        [
          5819.612751095,
          5819.615949956,
          0.003199007999995729,
          5819.616110575
        ],
        [
          5819.616067355,
          5819.619263534,
          0.0031962289999967197,
          5819.619363374
        ],
        [
          5819.619361694,
          5819.622817593,
          0.0034558580000023653,
          5819.622918234
        ],
        [
          5819.622915314,
          5819.626307552,
          0.003392419000000757,
          5819.626520391
        ],
        [
          5819.626419372,
          5819.6298745,
          0.00345517799999584,
          5819.62999437
        ],
        [
          5819.63001184,
          5819.633284181,
          0.0032661279999999238,
          5819.63343716
        ],
        [
          5819.63338607,
          5819.63649961,
          0.003113598999995304,
          5819.636651419
        ],
        [
          5819.636598419,
          5819.639915959,
          0.003317668000001106,
          5819.640109338
        ],
        [
          5819.640034139,
          5819.643418988,
          0.0033849170000053164,
          5819.643569017
        ],
        [
          5819.643517668,
          5819.646592208,
          0.0030745689999989168,
          5819.646734518
        ],
        [
          5819.646688878,
          5819.649963107,
          0.0032743289999999092,
          5819.650062776
        ],
        [
          5819.650083616,
          5819.653545036,
          0.003461397000002364,
          5819.653746205
        ],
        [
          5819.653659816,
          5819.657145754,
          0.0034860569999963786,
          5819.657319104
        ],
        [
          5819.657255894,
          5819.660605534,
          0.0033495180000002733,
          5819.660693634
        ],
        [
          5819.660714443,
          5819.664042543,
          0.003328088000003504,
          5819.664134172
        ],
        [
          5819.664159392,
          5819.667449821,
          0.003290428999996209,
          5819.667650881
        ],
        [
          5819.667557731,
          5819.670940191,
          0.0033823879999985706,
          5819.67113317
        ],
        [
          5819.671055901,
          5819.67433426,
          0.003278299000001539,
          5819.67442401
        ],
        [
          5819.674448079,
          5819.678312418,
          0.0038643149999941784,
          5819.678411087
        ],
        [
          5819.678426927,
          5819.681832786,
          0.0034058879999960823,
          5819.682057525
        ],
        [
          5819.681940955,
          5819.685541595,
          0.003600597000001926,
          5819.685631995
        ],
        [
          5819.685707584,
          5819.688758374,
          0.0030506889999983855,
          5819.688977324
        ],
        [
          5819.688898914,
          5819.692045174,
          0.0031462189999942325,
          5819.692153793
        ],
        [
          5819.692155173,
          5819.695300244,
          0.003145179000000553,
          5819.695415204
        ],
        [
          5819.695405933,
          5819.698497943,
          0.003085568999999566,
          5819.698602753
        ],
        [
          5819.698599583,
          5819.702287261,
          0.003687726999999086,
          5819.702388121
        ],
        [
          5819.702393721,
          5819.7058175,
          0.00342382799999541,
          5819.70590808
        ],
        [
          5819.7059134,
          5819.709610748,
          0.0036974069999970993,
          5819.709778327
        ],
        [
          5819.709708687,
          5819.712823258,
          0.003114629000002367,
          5819.713067677
        ],
        [
          5819.712925758,
          5819.716163327,
          0.003237619000003633,
          5819.716335957
        ],
        [
          5819.716256707,
          5819.719494236,
          0.0032375480000013113,
          5819.719705826
        ],
        [
          5819.719592596,
          5819.722790507,
          0.0031979990000010616,
          5819.722953346
        ],
        [
          5819.722889197,
          5819.726158686,
          0.0032695880000019883,
          5819.726258575
        ],
        [
          5819.726265815,
          5819.729337156,
          0.0030714399999993702,
          5819.729483895
        ],
        [
          5819.729427165,
          5819.732573116,
          0.0031460890000047925,
          5819.732671175
        ],
        [
          5819.732671826,
          5819.736055104,
          0.0033834079999977007,
          5819.736359494
        ],
        [
          5819.736181684,
          5819.739541303,
          0.0033597780000036437,
          5819.739719983
        ],
        [
          5819.739645192,
          5819.743014222,
          0.003368977000000939,
          5819.743193182
        ],
        [
          5819.743115432,
          5819.746362942,
          0.0032475679999990348,
          5819.746534941
        ],
        [
          5819.746465871,
          5819.750021991,
          0.00355615799999498,
          5819.75017343
        ],
        [
          5819.75011777,
          5819.753490619,
          0.003373017999997785,
          5819.753660448
        ],
        [
          5819.753591309,
          5819.756815109,
          0.0032239379999978723,
          5819.756965448
        ],
        [
          5819.756920088,
          5819.760603327,
          0.0036833870000023694,
          5819.760687926
        ],
        [
          5819.760712046,
          5819.764470934,
          0.003753237000005072,
          5819.764577144
        ],
        [
          5819.764571033,
          5819.768174613,
          0.003603697999999156,
          5819.768278142
        ],
        [
          5819.768273493,
          5819.77195609,
          0.0036827660000042783,
          5819.772091449
        ],
        [
          5819.7720657,
          5819.775655819,
          0.0035901569999978733,
          5819.775741809
        ],
        [
          5819.775760138,
          5819.779424297,
          0.0036642469999961236,
          5819.779508726
        ],
        [
          5819.779523256,
          5819.782983566,
          0.003460347999997282,
          5819.783121955
        ],
        [
          5819.783083275,
          5819.786423975,
          0.0033408279999989077,
          5819.786557104
        ],
        [
          5819.786528494,
          5819.790359663,
          0.0038312070000046106,
          5819.790518712
        ],
        [
          5819.790458842,
          5819.794516769,
          0.004057985999999403,
          5819.794607579
        ],
        [
          5819.794608539,
          5819.798018608,
          0.0034100880000025313,
          5819.798166307
        ],
        [
          5819.798117558,
          5819.801518187,
          0.0034009080000032554,
          5819.801697366
        ],
        [
          5819.801627106,
          5819.804849886,
          0.0032228590000045187,
          5819.804950677
        ]
      ]
    },
    {
      "round_index": 7,
      "map_setup_wall_s": 0.0014551160002156394,
      "map_setup_parent_cpu_s": 0.0020382990000000767,
      "result_next_wall_s": 0.5825059819908347,
      "result_next_parent_cpu_s": 0.025975598000000488,
      "serial_result_processing_wall_s": 0.012858657002652762,
      "serial_result_processing_parent_cpu_s": 0.01594569300000037,
      "worker_placement_wall_sum_s": 0.5754671130007409,
      "worker_placement_cpu_sum_s": 0.5754677810000643,
      "worker_tasks": 181,
      "per_worker": {
        "20001": 181
      },
      "task_intervals": [
        [
          5820.156460112,
          5820.15702584,
          0.0005653380000012476,
          5820.157242219
        ],
        [
          5820.157158769,
          5820.16016143,
          0.003002659999999935,
          5820.160354109
        ],
        [
          5820.16028059,
          5820.162975951,
          0.0026952589999993393,
          5820.163162051
        ],
        [
          5820.163095091,
          5820.165806513,
          0.0027111300000015603,
          5820.165978242
        ],
        [
          5820.165912602,
          5820.168801303,
          0.00288866000000354,
          5820.168986462
        ],
        [
          5820.168906452,
          5820.171994953,
          0.003088428999994619,
          5820.172122322
        ],
        [
          5820.172111082,
          5820.175222862,
          0.003111719000003177,
          5820.175398492
        ],
        [
          5820.175345372,
          5820.178257003,
          0.0029115689999983374,
          5820.178376222
        ],
        [
          5820.178366042,
          5820.181563863,
          0.0031977399999973954,
          5820.181686942
        ],
        [
          5820.181673792,
          5820.185042051,
          0.0033681979999968803,
          5820.185225761
        ],
        [
          5820.185171461,
          5820.188139962,
          0.002968449999997347,
          5820.188264642
        ],
        [
          5820.188243651,
          5820.191340932,
          0.003097198000006074,
          5820.191507801
        ],
        [
          5820.191444901,
          5820.194585191,
          0.003140289000000962,
          5820.194708901
        ],
        [
          5820.194693341,
          5820.198683178,
          0.003989855000000375,
          5820.198872028
        ],
        [
          5820.198798608,
          5820.201781538,
          0.0029829189999972527,
          5820.201958847
        ],
        [
          5820.201889227,
          5820.205088077,
          0.0031988180000013244,
          5820.205267588
        ],
        [
          5820.205197548,
          5820.208263788,
          0.0030661989999956063,
          5820.208447758
        ],
        [
          5820.208383987,
          5820.211532887,
          0.0031489189999973632,
          5820.211711247
        ],
        [
          5820.211641367,
          5820.214781837,
          0.003140399000002958,
          5820.214900376
        ],
        [
          5820.214889146,
          5820.218189147,
          0.0032999680000003195,
          5820.218367816
        ],
        [
          5820.218298586,
          5820.221305566,
          0.003006858999995643,
          5820.221423686
        ],
        [
          5820.221428066,
          5820.224336056,
          0.0029079799999962574,
          5820.224461476
        ],
        [
          5820.224444026,
          5820.227322537,
          0.002878430000002652,
          5820.227500927
        ],
        [
          5820.227431626,
          5820.230503757,
          0.003072109000001433,
          5820.230678067
        ],
        [
          5820.230621947,
          5820.233665387,
          0.0030433789999975147,
          5820.233829246
        ],
        [
          5820.233766027,
          5820.237017166,
          0.003251027999993994,
          5820.237138936
        ],
        [
          5820.237124866,
          5820.240203087,
          0.003078159000004632,
          5820.240326626
        ],
        [
          5820.240311746,
          5820.243386516,
          0.00307472900000505,
          5820.243560886
        ],
        [
          5820.243505326,
          5820.246397817,
          0.002892420000002005,
          5820.246519406
        ],
        [
          5820.246505637,
          5820.249497327,
          0.0029915799999997716,
          5820.249662146
        ],
        [
          5820.249599296,
          5820.252672207,
          0.0030728689999932612,
          5820.252791937
        ],
        [
          5820.252789107,
          5820.256041096,
          0.0032519590000035237,
          5820.256167406
        ],
        [
          5820.256151396,
          5820.259072877,
          0.0029213699999957043,
          5820.259243706
        ],
        [
          5820.259176406,
          5820.262258806,
          0.0030824090000010074,
          5820.262381867
        ],
        [
          5820.262366447,
          5820.265334277,
          0.002967829000006361,
          5820.265453026
        ],
        [
          5820.265451717,
          5820.268652236,
          0.003200507999999047,
          5820.268773836
        ],
        [
          5820.268760076,
          5820.271923676,
          0.0031636180000020886,
          5820.272176455
        ],
        [
          5820.272046905,
          5820.274964427,
          0.002917459999999039,
          5820.275210936
        ],
        [
          5820.275082867,
          5820.278089357,
          0.003006489000000556,
          5820.278303656
        ],
        [
          5820.278184956,
          5820.281135636,
          0.002950880000000211,
          5820.281352156
        ],
        [
          5820.281230496,
          5820.284183027,
          0.00295267999999993,
          5820.284367396
        ],
        [
          5820.284276637,
          5820.287219778,
          0.0029432400000004577,
          5820.287451907
        ],
        [
          5820.287324188,
          5820.290553577,
          0.0032294879999952286,
          5820.290728437
        ],
        [
          5820.290648637,
          5820.293584867,
          0.002936308999998971,
          5820.293693277
        ],
        [
          5820.293678967,
          5820.296664777,
          0.002985969000000921,
          5820.296808646
        ],
        [
          5820.296766677,
          5820.299727908,
          0.0029613499999996407,
          5820.299822528
        ],
        [
          5820.299822658,
          5820.302923228,
          0.003100729000003355,
          5820.303097507
        ],
        [
          5820.303026438,
          5820.306036768,
          0.0030104100000016842,
          5820.306185377
        ],
        [
          5820.306129857,
          5820.309306157,
          0.0031763990000044373,
          5820.309400966
        ],
        [
          5820.309407166,
          5820.312527208,
          0.0031200599999934298,
          5820.312629937
        ],
        [
          5820.312621177,
          5820.315558088,
          0.002936949999998717,
          5820.315651067
        ],
        [
          5820.315650587,
          5820.318702128,
          0.0030516289999980017,
          5820.318795557
        ],
        [
          5820.318803147,
          5820.321795607,
          0.002992519000002858,
          5820.321976948
        ],
        [
          5820.321906417,
          5820.324870229,
          0.0029638800000029164,
          5820.324960868
        ],
        [
          5820.324996148,
          5820.328328647,
          0.0033325779999984206,
          5820.328416827
        ],
        [
          5820.328427677,
          5820.331577376,
          0.0031498190000007753,
          5820.331739926
        ],
        [
          5820.331686116,
          5820.334864297,
          0.003178318999999874,
          5820.334952746
        ],
        [
          5820.334963386,
          5820.338067596,
          0.0031043090000011375,
          5820.338250795
        ],
        [
          5820.338164416,
          5820.341378905,
          0.0032145790000015495,
          5820.341612895
        ],
        [
          5820.341481935,
          5820.344829335,
          0.0033474979999965626,
          5820.344939785
        ],
        [
          5820.344926955,
          5820.348427974,
          0.0035011269999998262,
          5820.348652782
        ],
        [
          5820.348524583,
          5820.351581733,
          0.0030572390000003224,
          5820.351701192
        ],
        [
          5820.351677603,
          5820.354668124,
          0.002990629000002798,
          5820.354764594
        ],
        [
          5820.354796254,
          5820.357700094,
          0.002903949000000239,
          5820.357890553
        ],
        [
          5820.357820644,
          5820.361117283,
          0.003296668000004388,
          5820.361386242
        ],
        [
          5820.361237933,
          5820.364233173,
          0.002995319000000052,
          5820.364436072
        ],
        [
          5820.364360352,
          5820.367281604,
          0.0029212689999980057,
          5820.367470643
        ],
        [
          5820.367405994,
          5820.370412794,
          0.003006888999998125,
          5820.370498344
        ],
        [
          5820.370533493,
          5820.373659663,
          0.003126278999999954,
          5820.373847482
        ],
        [
          5820.373779473,
          5820.376934173,
          0.0031548079999978995,
          5820.377136273
        ],
        [
          5820.377068903,
          5820.380282533,
          0.003213647999999125,
          5820.380465862
        ],
        [
          5820.380403552,
          5820.383426363,
          0.003022919000002844,
          5820.383515492
        ],
        [
          5820.383547502,
          5820.386621042,
          0.0030735890000030963,
          5820.386716393
        ],
        [
          5820.386746173,
          5820.389662873,
          0.0029167600000050697,
          5820.389753243
        ],
        [
          5820.389781972,
          5820.392972472,
          0.0031905590000036455,
          5820.393069782
        ],
        [
          5820.393102592,
          5820.396313111,
          0.0032106190000007473,
          5820.396407661
        ],
        [
          5820.396449701,
          5820.399624632,
          0.0031749980000057576,
          5820.399818651
        ],
        [
          5820.399754301,
          5820.403036241,
          0.003275198000004309,
          5820.40315964
        ],
        [
          5820.40314544,
          5820.40628441,
          0.0031389579999938633,
          5820.406435119
        ],
        [
          5820.406386719,
          5820.40945157,
          0.0030650090000037267,
          5820.40960918
        ],
        [
          5820.40955764,
          5820.41268209,
          0.0031245389999980944,
          5820.41283505
        ],
        [
          5820.41283807,
          5820.416638158,
          0.0037998369999954207,
          5820.416740318
        ],
        [
          5820.416748287,
          5820.420707654,
          0.003959515999994778,
          5820.420889813
        ],
        [
          5820.420813364,
          5820.423788574,
          0.0029753089999999816,
          5820.423908964
        ],
        [
          5820.423896154,
          5820.426932315,
          0.0030362490000044318,
          5820.427175234
        ],
        [
          5820.427041874,
          5820.430245454,
          0.0032035779999972647,
          5820.430439394
        ],
        [
          5820.430345104,
          5820.433435764,
          0.003090779000004318,
          5820.433687493
        ],
        [
          5820.433541084,
          5820.436455494,
          0.0029134090000013657,
          5820.436575015
        ],
        [
          5820.436555404,
          5820.439631665,
          0.0030764089999948396,
          5820.439735774
        ],
        [
          5820.439729545,
          5820.442795124,
          0.0030657090000048015,
          5820.442959483
        ],
        [
          5820.442895694,
          5820.446170573,
          0.0032745880000035754,
          5820.446358143
        ],
        [
          5820.446272443,
          5820.449404554,
          0.0031321989999995026,
          5820.449573203
        ],
        [
          5820.449502374,
          5820.452708113,
          0.0032057879999953798,
          5820.452898632
        ],
        [
          5820.452805063,
          5820.455885873,
          0.003080959999998356,
          5820.456093962
        ],
        [
          5820.455996462,
          5820.458939272,
          0.002942850000003716,
          5820.459122713
        ],
        [
          5820.459046633,
          5820.462270123,
          0.003223579000000143,
          5820.462436502
        ],
        [
          5820.462367533,
          5820.465644591,
          0.003277208000000087,
          5820.465802181
        ],
        [
          5820.465743731,
          5820.468647342,
          0.0029037090000016974,
          5820.468800941
        ],
        [
          5820.468750821,
          5820.472118451,
          0.0033676790000001233,
          5820.472281751
        ],
        [
          5820.472214591,
          5820.47557105,
          0.0033566179999979795,
          5820.4756687
        ],
        [
          5820.47566671,
          5820.47898739,
          0.0033208080000051154,
          5820.47908432
        ],
        [
          5820.479097329,
          5820.48204395,
          0.002946698999998887,
          5820.48219503
        ],
        [
          5820.48213889,
          5820.48504871,
          0.002909849000005238,
          5820.485307469
        ],
        [
          5820.48518392,
          5820.4881279,
          0.0029436000000018225,
          5820.48824886
        ],
        [
          5820.48823123,
          5820.491181121,
          0.0029499699999959716,
          5820.491376151
        ],
        [
          5820.49128229,
          5820.494149062,
          0.002866859999997473,
          5820.494256272
        ],
        [
          5820.494243601,
          5820.49756715,
          0.0033236590000029764,
          5820.49765749
        ],
        [
          5820.49766161,
          5820.500761251,
          0.003099718000001417,
          5820.50086671
        ],
        [
          5820.50085975,
          5820.503883241,
          0.0030235389999972995,
          5820.503989101
        ],
        [
          5820.503984281,
          5820.507491809,
          0.0035076169999967988,
          5820.507586089
        ],
        [
          5820.507587599,
          5820.510553929,
          0.002966419000003384,
          5820.510647169
        ],
        [
          5820.510648729,
          5820.51374814,
          0.0030994789999994055,
          5820.513836819
        ],
        [
          5820.513847299,
          5820.51680246,
          0.0029551689999962605,
          5820.516955489
        ],
        [
          5820.51689628,
          5820.520150299,
          0.0032540589999996428,
          5820.520255638
        ],
        [
          5820.520240718,
          5820.524095397,
          0.0038547460000017963,
          5820.524206506
        ],
        [
          5820.524194706,
          5820.527033877,
          0.002839241000003767,
          5820.527111287
        ],
        [
          5820.527127317,
          5820.530361306,
          0.0032341389999999137,
          5820.530440226
        ],
        [
          5820.530456326,
          5820.534068815,
          0.003612576999998396,
          5820.534172625
        ],
        [
          5820.534166765,
          5820.537823993,
          0.003657276999994963,
          5820.537962553
        ],
        [
          5820.537923073,
          5820.541017053,
          0.003094068999999422,
          5820.541113053
        ],
        [
          5820.541118403,
          5820.544256733,
          0.0031383389999959377,
          5820.544448922
        ],
        [
          5820.544357373,
          5820.547478943,
          0.003121618000001547,
          5820.547572092
        ],
        [
          5820.547579332,
          5820.550888862,
          0.003309588999997004,
          5820.551054352
        ],
        [
          5820.550991372,
          5820.55443581,
          0.0034445880000006923,
          5820.55470958
        ],
        [
          5820.55455473,
          5820.55767305,
          0.003118359000005455,
          5820.557936869
        ],
        [
          5820.55778845,
          5820.560663861,
          0.002875541000001647,
          5820.5609156
        ],
        [
          5820.5607776,
          5820.5639651,
          0.003187558000000479,
          5820.56418846
        ],
        [
          5820.56410473,
          5820.567291809,
          0.003187218000000769,
          5820.567484969
        ],
        [
          5820.567410839,
          5820.570676638,
          0.003265878000000555,
          5820.570771118
        ],
        [
          5820.570801578,
          5820.574089159,
          0.0032876789999960465,
          5820.574365167
        ],
        [
          5820.574215978,
          5820.577430668,
          0.0032147379999969417,
          5820.577693187
        ],
        [
          5820.577551287,
          5820.580853447,
          0.003302208000000917,
          5820.581195036
        ],
        [
          5820.580953787,
          5820.584127787,
          0.003174108000003173,
          5820.584479075
        ],
        [
          5820.584251726,
          5820.587271537,
          0.0030199489999986895,
          5820.587611335
        ],
        [
          5820.587375016,
          5820.590441416,
          0.003066558999996971,
          5820.590676925
        ],
        [
          5820.590543226,
          5820.594017145,
          0.0034739270000017086,
          5820.594334514
        ],
        [
          5820.594123955,
          5820.597676173,
          0.0035523470000029533,
          5820.597792953
        ],
        [
          5820.597799852,
          5820.601213693,
          0.0034139680000038197,
          5820.601404572
        ],
        [
          5820.601335352,
          5820.604823361,
          0.0034881070000025716,
          5820.60491647
        ],
        [
          5820.60494831,
          5820.608262211,
          0.003314039000002822,
          5820.60834142
        ],
        [
          5820.60837751,
          5820.611780539,
          0.0034031480000038528,
          5820.611869508
        ],
        [
          5820.611902548,
          5820.615387257,
          0.0034848869999990484,
          5820.615567476
        ],
        [
          5820.615509496,
          5820.618950926,
          0.0034416669999970395,
          5820.619110645
        ],
        [
          5820.619075946,
          5820.622842364,
          0.0037653760000040393,
          5820.622927543
        ],
        [
          5820.622944243,
          5820.626224813,
          0.003280797999998697,
          5820.626304033
        ],
        [
          5820.626334923,
          5820.629717431,
          0.003382558000005531,
          5820.629885081
        ],
        [
          5820.629816042,
          5820.633183501,
          0.0033675680000015973,
          5820.633311561
        ],
        [
          5820.633282981,
          5820.63655351,
          0.00327065799999815,
          5820.63664204
        ],
        [
          5820.63665032,
          5820.640177109,
          0.003526867999994465,
          5820.640261978
        ],
        [
          5820.640284578,
          5820.644022737,
          0.0037382570000019655,
          5820.644122297
        ],
        [
          5820.644120357,
          5820.647862564,
          0.0037423360000019557,
          5820.648069524
        ],
        [
          5820.647959594,
          5820.651163584,
          0.0032040789999996377,
          5820.651423493
        ],
        [
          5820.651280414,
          5820.654644463,
          0.0033641369999983795,
          5820.654820412
        ],
        [
          5820.654742503,
          5820.657964042,
          0.0032216690000055337,
          5820.658059533
        ],
        [
          5820.658078802,
          5820.661644101,
          0.003565446999999722,
          5820.66174471
        ],
        [
          5820.661741901,
          5820.66489609,
          0.003154388000005781,
          5820.665012559
        ],
        [
          5820.66500863,
          5820.668572709,
          0.0035641970000028778,
          5820.668648948
        ],
        [
          5820.668698559,
          5820.672023708,
          0.0033252369999985376,
          5820.672115368
        ],
        [
          5820.672148657,
          5820.675303607,
          0.0031550790000025586,
          5820.675396127
        ],
        [
          5820.675427978,
          5820.679058386,
          0.003630507000004002,
          5820.679148175
        ],
        [
          5820.679182265,
          5820.682736074,
          0.0035539480000039703,
          5820.682827184
        ],
        [
          5820.682864864,
          5820.686254793,
          0.003390098000004116,
          5820.686396672
        ],
        [
          5820.686364343,
          5820.689487442,
          0.0031232979999984423,
          5820.689672512
        ],
        [
          5820.689588212,
          5820.693061191,
          0.00347314799999765,
          5820.693234331
        ],
        [
          5820.693165651,
          5820.69648564,
          0.0033200989999997432,
          5820.69658878
        ],
        [
          5820.6965837,
          5820.700116488,
          0.0035329680000018016,
          5820.700218118
        ],
        [
          5820.700215418,
          5820.703518428,
          0.003303228000000047,
          5820.703613538
        ],
        [
          5820.703616728,
          5820.706944537,
          0.003327867999999512,
          5820.707074357
        ],
        [
          5820.707052037,
          5820.710607156,
          0.003555226999999661,
          5820.710727206
        ],
        [
          5820.710706246,
          5820.713951895,
          0.0032457180000022845,
          5820.714120344
        ],
        [
          5820.714062284,
          5820.717820283,
          0.003758085999997718,
          5820.718015132
        ],
        [
          5820.717942603,
          5820.721206042,
          0.0032635390000024245,
          5820.721337512
        ],
        [
          5820.721305392,
          5820.724460751,
          0.0031554400000004534,
          5820.724563011
        ],
        [
          5820.724558581,
          5820.728018151,
          0.0034595970000026455,
          5820.72811172
        ],
        [
          5820.728116091,
          5820.73147286,
          0.0033568970000033005,
          5820.731562679
        ],
        [
          5820.731575919,
          5820.734662069,
          0.0030862289999973314,
          5820.734761758
        ],
        [
          5820.734759178,
          5820.73779229,
          0.003033239000004073,
          5820.737883709
        ],
        [
          5820.737887289,
          5820.740903119,
          0.003015919999995731,
          5820.741109349
        ],
        [
          5820.741106539,
          5820.744399438,
          0.003292228000006503,
          5820.744665087
        ],
        [
          5820.744511828,
          5820.747716698,
          0.0032049880000002418,
          5820.747858098
        ],
        [
          5820.747823988,
          5820.751593716,
          0.0037699069999987955,
          5820.751732905
        ]
      ]
    },
    {
      "round_index": 8,
      "map_setup_wall_s": 0.0027911710003536427,
      "map_setup_parent_cpu_s": 0.0038842500000000335,
      "result_next_wall_s": 0.4993744100056574,
      "result_next_parent_cpu_s": 0.02571941800000399,
      "serial_result_processing_wall_s": 0.011813912007710314,
      "serial_result_processing_parent_cpu_s": 0.014145697999996987,
      "worker_placement_wall_sum_s": 0.4955621540029824,
      "worker_placement_cpu_sum_s": 0.4936100289999743,
      "worker_tasks": 181,
      "per_worker": {
        "20001": 181
      },
      "task_intervals": [
        [
          5821.105202475,
          5821.105990243,
          0.000787477999999453,
          5821.107280248
        ],
        [
          5821.106188272,
          5821.108727694,
          0.002539281000004223,
          5821.108888544
        ],
        [
          5821.108832033,
          5821.111228306,
          0.0023963020000010715,
          5821.111340176
        ],
        [
          5821.111326165,
          5821.113669549,
          0.0023433920000002217,
          5821.113794558
        ],
        [
          5821.113766228,
          5821.11637598,
          0.0026097699999994006,
          5821.116537189
        ],
        [
          5821.11646548,
          5821.119032981,
          0.002567480999999816,
          5821.11915396
        ],
        [
          5821.119129111,
          5821.121729672,
          0.0026006810000041014,
          5821.121863252
        ],
        [
          5821.121820962,
          5821.124250355,
          0.002429440999996757,
          5821.124345424
        ],
        [
          5821.124358914,
          5821.126889566,
          0.0025307409999939523,
          5821.127076526
        ],
        [
          5821.126986486,
          5821.129462888,
          0.0024764610000005405,
          5821.129555518
        ],
        [
          5821.129554478,
          5821.132197019,
          0.002642591000004302,
          5821.132286959
        ],
        [
          5821.132296769,
          5821.135251389,
          0.00295471900000166,
          5821.135361739
        ],
        [
          5821.135346889,
          5821.13823704,
          0.002890250000000094,
          5821.13833437
        ],
        [
          5821.13833182,
          5821.141398661,
          0.0030669799999998304,
          5821.14149608
        ],
        [
          5821.14149375,
          5821.14440404,
          0.0029103199999980234,
          5821.1445391
        ],
        [
          5821.14450261,
          5821.14745907,
          0.002956550000000391,
          5821.147553781
        ],
        [
          5821.14755267,
          5821.150345052,
          0.0027924100000049634,
          5821.150494661
        ],
        [
          5821.150441581,
          5821.153363232,
          0.002921720000003347,
          5821.153451242
        ],
        [
          5821.153461192,
          5821.156285423,
          0.002824300000000335,
          5821.156463953
        ],
        [
          5821.156378223,
          5821.159226244,
          0.0028481090000056497,
          5821.159439533
        ],
        [
          5821.159319053,
          5821.162085664,
          0.0027666299999964394,
          5821.162303854
        ],
        [
          5821.162177694,
          5821.164848675,
          0.002670999999999424,
          5821.165041565
        ],
        [
          5821.164942745,
          5821.167585987,
          0.0026414009999982113,
          5821.167679406
        ],
        [
          5821.167681017,
          5821.170253258,
          0.0025724109999956113,
          5821.170357228
        ],
        [
          5821.170347638,
          5821.17317934,
          0.002831790000001888,
          5821.173283789
        ],
        [
          5821.1732777,
          5821.175873911,
          0.002596359999998299,
          5821.176013571
        ],
        [
          5821.175962931,
          5821.178618803,
          0.002655961000002094,
          5821.178704742
        ],
        [
          5821.178707592,
          5821.181465813,
          0.0027583199999980934,
          5821.181557113
        ],
        [
          5821.181571683,
          5821.184030865,
          0.0024592910000009738,
          5821.184209574
        ],
        [
          5821.184133845,
          5821.186828966,
          0.002695160000001806,
          5821.186920925
        ],
        [
          5821.186922316,
          5821.189707417,
          0.002785119999998642,
          5821.189863846
        ],
        [
          5821.189803707,
          5821.192539698,
          0.0027360590000000684,
          5821.192696817
        ],
        [
          5821.192638947,
          5821.195467579,
          0.002828719999996565,
          5821.195558989
        ],
        [
          5821.195557299,
          5821.198401909,
          0.002844679999995492,
          5821.19849584
        ],
        [
          5821.19849534,
          5821.201294831,
          0.0027996099999967328,
          5821.20139514
        ],
        [
          5821.20139625,
          5821.203922102,
          0.0025259510000026353,
          5821.204186701
        ],
        [
          5821.204038071,
          5821.206855793,
          0.0028177900000017075,
          5821.207136412
        ],
        [
          5821.206953792,
          5821.209669513,
          0.0027157909999999674,
          5821.209829393
        ],
        [
          5821.209760053,
          5821.212184076,
          0.00242416200000406,
          5821.212371335
        ],
        [
          5821.212296765,
          5821.214922667,
          0.0026258999999981825,
          5821.215058436
        ],
        [
          5821.215044147,
          5821.217883077,
          0.002838990000000763,
          5821.217983198
        ],
        [
          5821.218019578,
          5821.220733099,
          0.002713460999999029,
          5821.220902338
        ],
        [
          5821.220838029,
          5821.22348448,
          0.002646560000002296,
          5821.22358228
        ],
        [
          5821.22359154,
          5821.226151132,
          0.0025596799999973996,
          5821.226350781
        ],
        [
          5821.226257411,
          5821.229029192,
          0.002771670000001336,
          5821.229203891
        ],
        [
          5821.229133172,
          5821.231755463,
          0.00262232099999693,
          5821.231832803
        ],
        [
          5821.231865073,
          5821.236519088,
          0.0027154899999999316,
          5821.236669208
        ],
        [
          5821.236649508,
          5821.239415199,
          0.002765700000004756,
          5821.239647729
        ],
        [
          5821.239524909,
          5821.242197901,
          0.0026727710000002958,
          5821.24243182
        ],
        [
          5821.2423055,
          5821.244948832,
          0.0026432100000022274,
          5821.2451607
        ],
        [
          5821.245064231,
          5821.247833963,
          0.0027697399999979666,
          5821.248103042
        ],
        [
          5821.247940073,
          5821.250677954,
          0.002737629999998603,
          5821.250874754
        ],
        [
          5821.250785003,
          5821.253505955,
          0.0027208309999977587,
          5821.253743674
        ],
        [
          5821.253613854,
          5821.256552705,
          0.002938839999998777,
          5821.256788694
        ],
        [
          5821.256654995,
          5821.259337946,
          0.0026830110000020113,
          5821.259523315
        ],
        [
          5821.259440846,
          5821.262183117,
          0.002742230999999151,
          5821.262283857
        ],
        [
          5821.262288726,
          5821.265045958,
          0.0027572209999959796,
          5821.265158609
        ],
        [
          5821.265158389,
          5821.26793372,
          0.002775310000004083,
          5821.268126928
        ],
        [
          5821.268046429,
          5821.2708145,
          0.0027681599999951345,
          5821.27089382
        ],
        [
          5821.27092005,
          5821.273479482,
          0.0025593799999938938,
          5821.273678331
        ],
        [
          5821.273584691,
          5821.276589921,
          0.0030053690000002575,
          5821.276825591
        ],
        [
          5821.276698171,
          5821.279236503,
          0.0025381610000039245,
          5821.279470332
        ],
        [
          5821.279343332,
          5821.281910435,
          0.002566971000000251,
          5821.282193403
        ],
        [
          5821.282031014,
          5821.284395627,
          0.002364561999996795,
          5821.284550976
        ],
        [
          5821.284511656,
          5821.287172698,
          0.0026610810000065044,
          5821.287369137
        ],
        [
          5821.287293887,
          5821.289700019,
          0.002406101999994803,
          5821.28977441
        ],
        [
          5821.289808219,
          5821.292195902,
          0.002387710999997239,
          5821.292284642
        ],
        [
          5821.292305871,
          5821.294771094,
          0.002465239999999369,
          5821.294868183
        ],
        [
          5821.294860983,
          5821.297428426,
          0.0025586809999964544,
          5821.297521575
        ],
        [
          5821.297523935,
          5821.300353457,
          0.0028296099999991497,
          5821.300451656
        ],
        [
          5821.300448706,
          5821.302977608,
          0.002529000999999198,
          5821.303143777
        ],
        [
          5821.303082258,
          5821.305721549,
          0.002639350000002594,
          5821.305800169
        ],
        [
          5821.305809869,
          5821.308315521,
          0.0025057309999994004,
          5821.308406931
        ],
        [
          5821.308407291,
          5821.310875593,
          0.0024683510000045317,
          5821.310952212
        ],
        [
          5821.310979083,
          5821.313737244,
          0.0027580900000003794,
          5821.313828254
        ],
        [
          5821.313844974,
          5821.316499305,
          0.002654360999997607,
          5821.316573765
        ],
        [
          5821.316594385,
          5821.319085366,
          0.0024910910000031095,
          5821.319181497
        ],
        [
          5821.319179137,
          5821.321644818,
          0.0024657399999981067,
          5821.321718878
        ],
        [
          5821.321736838,
          5821.3242788,
          0.002542110999996794,
          5821.32437354
        ],
        [
          5821.32437161,
          5821.326926452,
          0.002554969999998491,
          5821.327069221
        ],
        [
          5821.327035181,
          5821.329514253,
          0.002479131000001189,
          5821.329629123
        ],
        [
          5821.329608623,
          5821.332049876,
          0.0024413509999945404,
          5821.332206836
        ],
        [
          5821.332142275,
          5821.334710117,
          0.002567960999996899,
          5821.334844488
        ],
        [
          5821.334797688,
          5821.337538699,
          0.0027411399999976993,
          5821.337696048
        ],
        [
          5821.337630748,
          5821.34033638,
          0.0027057600000048865,
          5821.340484749
        ],
        [
          5821.34043583,
          5821.343142521,
          0.0027067210000026876,
          5821.34329726
        ],
        [
          5821.34323839,
          5821.345756422,
          0.002518171000005509,
          5821.345873182
        ],
        [
          5821.345843422,
          5821.348462384,
          0.002619121000002167,
          5821.348661973
        ],
        [
          5821.348564113,
          5821.351085896,
          0.0025218109999940452,
          5821.351197155
        ],
        [
          5821.351179545,
          5821.353649527,
          0.002470090999999286,
          5821.353737397
        ],
        [
          5821.353737097,
          5821.356127269,
          0.0023902909999975464,
          5821.356291519
        ],
        [
          5821.356219329,
          5821.358666441,
          0.002447240999998712,
          5821.358789861
        ],
        [
          5821.358761521,
          5821.361075053,
          0.002313682000000483,
          5821.361177993
        ],
        [
          5821.361167113,
          5821.363503106,
          0.0023360620000048016,
          5821.363613865
        ],
        [
          5821.363591025,
          5821.365947109,
          0.0023561720000060404,
          5821.366088598
        ],
        [
          5821.366060338,
          5821.36857368,
          0.002513531000005287,
          5821.368658269
        ],
        [
          5821.3686616,
          5821.371334001,
          0.0026724900000019147,
          5821.37155386
        ],
        [
          5821.37145422,
          5821.374091322,
          0.0026372499999993693,
          5821.374315402
        ],
        [
          5821.374208382,
          5821.376674274,
          0.0024658909999999423,
          5821.376773034
        ],
        [
          5821.376774143,
          5821.379410625,
          0.0026365809999973067,
          5821.379512845
        ],
        [
          5821.379504895,
          5821.381915247,
          0.0024103710000034084,
          5821.382170898
        ],
        [
          5821.382019057,
          5821.384477079,
          0.0024581309999973655,
          5821.384557279
        ],
        [
          5821.384575459,
          5821.387024731,
          0.0024492309999999407,
          5821.387215751
        ],
        [
          5821.387119091,
          5821.389642294,
          0.0025232710000011593,
          5821.389729814
        ],
        [
          5821.389731614,
          5821.392401665,
          0.0026701209999941966,
          5821.392502005
        ],
        [
          5821.392495894,
          5821.395062546,
          0.0025666909999984,
          5821.395169906
        ],
        [
          5821.395157886,
          5821.397883577,
          0.0027256600000029607,
          5821.398051367
        ],
        [
          5821.397980587,
          5821.400531239,
          0.0025507109999978184,
          5821.400611268
        ],
        [
          5821.400624288,
          5821.40324343,
          0.002619109999997704,
          5821.403422619
        ],
        [
          5821.40334446,
          5821.406071641,
          0.0027272900000028244,
          5821.406160901
        ],
        [
          5821.406167901,
          5821.408934292,
          0.0027664200000003802,
          5821.409058281
        ],
        [
          5821.409037932,
          5821.411804983,
          0.0027671010000034357,
          5821.411995342
        ],
        [
          5821.411896212,
          5821.414662135,
          0.002765990000000329,
          5821.414895723
        ],
        [
          5821.414763074,
          5821.417567735,
          0.0028046899999978336,
          5821.417805974
        ],
        [
          5821.417662745,
          5821.420250346,
          0.002587630999997259,
          5821.420391836
        ],
        [
          5821.420345936,
          5821.423102587,
          0.0027567099999998845,
          5821.423304276
        ],
        [
          5821.423203497,
          5821.426236487,
          0.0030251989999996454,
          5821.426359397
        ],
        [
          5821.426338437,
          5821.429158257,
          0.0028199099999994814,
          5821.429262428
        ],
        [
          5821.429254648,
          5821.43190529,
          0.0026507010000003106,
          5821.431999909
        ],
        [
          5821.43201182,
          5821.43500523,
          0.002993408999998337,
          5821.435219399
        ],
        [
          5821.435127909,
          5821.43801834,
          0.0028904300000007765,
          5821.438212419
        ],
        [
          5821.438140749,
          5821.440993811,
          0.0028531409999956736,
          5821.441208299
        ],
        [
          5821.44111967,
          5821.443636522,
          0.0025168709999974226,
          5821.443714791
        ],
        [
          5821.443749042,
          5821.446499282,
          0.002750280999997301,
          5821.446588173
        ],
        [
          5821.446607802,
          5821.449356554,
          0.0027488500000032445,
          5821.449533114
        ],
        [
          5821.449453704,
          5821.452408004,
          0.0029543789999948444,
          5821.452561744
        ],
        [
          5821.452503254,
          5821.455523874,
          0.0030207100000012588,
          5821.455657534
        ],
        [
          5821.455621704,
          5821.458468455,
          0.0028469199999960892,
          5821.458564475
        ],
        [
          5821.458562935,
          5821.461367735,
          0.002804869999998516,
          5821.461460685
        ],
        [
          5821.461461375,
          5821.464266997,
          0.002805669999993654,
          5821.464363097
        ],
        [
          5821.464364407,
          5821.467051738,
          0.0026874300000017115,
          5821.467132808
        ],
        [
          5821.467144688,
          5821.469895459,
          0.0027508800000006772,
          5821.470103308
        ],
        [
          5821.470018559,
          5821.472936929,
          0.0029184690000008118,
          5821.473122438
        ],
        [
          5821.473040019,
          5821.476057459,
          0.003017419000002519,
          5821.476230608
        ],
        [
          5821.476154679,
          5821.47890771,
          0.0027530300000009333,
          5821.47907467
        ],
        [
          5821.47900919,
          5821.482012301,
          0.0030031399999970176,
          5821.48217777
        ],
        [
          5821.48211499,
          5821.484729792,
          0.002614860000001329,
          5821.484846292
        ],
        [
          5821.484824642,
          5821.487546543,
          0.002721990000004837,
          5821.487702203
        ],
        [
          5821.487640903,
          5821.490651233,
          0.0030104490000013584,
          5821.490731933
        ],
        [
          5821.490746002,
          5821.493733543,
          0.0029876700000031065,
          5821.493872403
        ],
        [
          5821.493820743,
          5821.496543915,
          0.0027232309999973836,
          5821.496681464
        ],
        [
          5821.496640684,
          5821.499654885,
          0.00301427899999851,
          5821.499745505
        ],
        [
          5821.499747854,
          5821.502442526,
          0.002694701000002908,
          5821.502646335
        ],
        [
          5821.502535265,
          5821.505253047,
          0.002717879999998729,
          5821.505459566
        ],
        [
          5821.505356796,
          5821.508188118,
          0.0028313899999972136,
          5821.508363477
        ],
        [
          5821.508278937,
          5821.510992978,
          0.002714199999999778,
          5821.511164208
        ],
        [
          5821.511091608,
          5821.513908589,
          0.0028170300000027737,
          5821.514083459
        ],
        [
          5821.514008989,
          5821.51698472,
          0.002975778999996237,
          5821.517245349
        ],
        [
          5821.517101539,
          5821.519877641,
          0.00277616999999708,
          5821.52021718
        ],
        [
          5821.51999565,
          5821.523022651,
          0.003027010000003827,
          5821.52322155
        ],
        [
          5821.5231119,
          5821.52603627,
          0.0029244289999965645,
          5821.52621066
        ],
        [
          5821.52613135,
          5821.529099552,
          0.0029682800000045972,
          5821.529257391
        ],
        [
          5821.529191792,
          5821.532306261,
          0.0031145479999992176,
          5821.53247259
        ],
        [
          5821.532398061,
          5821.53558326,
          0.0031853489999988938,
          5821.53567891
        ],
        [
          5821.53567252,
          5821.538648901,
          0.0029764900000017747,
          5821.53879995
        ],
        [
          5821.53874619,
          5821.541780361,
          0.0030342390000015484,
          5821.541873151
        ],
        [
          5821.541873771,
          5821.544796922,
          0.0029232690000000616,
          5821.544887481
        ],
        [
          5821.544889641,
          5821.547867361,
          0.0029778289999953245,
          5821.548125911
        ],
        [
          5821.547995291,
          5821.550802812,
          0.00280766999999571,
          5821.551033922
        ],
        [
          5821.550910791,
          5821.553670523,
          0.002759910999998283,
          5821.553919573
        ],
        [
          5821.553803194,
          5821.556420215,
          0.0026171000000019262,
          5821.556634494
        ],
        [
          5821.556509074,
          5821.559444655,
          0.0029356590000020333,
          5821.559621984
        ],
        [
          5821.559539935,
          5821.562500906,
          0.0029611090000045692,
          5821.562614785
        ],
        [
          5821.562594905,
          5821.565543525,
          0.002948729000003425,
          5821.565635385
        ],
        [
          5821.565645115,
          5821.568604595,
          0.002959648999997455,
          5821.568804466
        ],
        [
          5821.568703616,
          5821.571600997,
          0.0028975299999984827,
          5821.571802706
        ],
        [
          5821.571694166,
          5821.574912836,
          0.0032188889999957837,
          5821.575168225
        ],
        [
          5821.575022295,
          5821.578032786,
          0.0030105299999974022,
          5821.578256365
        ],
        [
          5821.578125916,
          5821.581439066,
          0.0033131879999999114,
          5821.581669905
        ],
        [
          5821.581536095,
          5821.584585725,
          0.003049760000003232,
          5821.584702415
        ],
        [
          5821.584677615,
          5821.587864555,
          0.0031871189999961302,
          5821.588050974
        ],
        [
          5821.587957854,
          5821.590763316,
          0.002805599000005543,
          5821.590908935
        ],
        [
          5821.590854215,
          5821.593735037,
          0.002880869999998481,
          5821.593831136
        ],
        [
          5821.593825507,
          5821.597386375,
          0.0035611079999995354,
          5821.597616094
        ],
        [
          5821.597495944,
          5821.600435585,
          0.002939728999997726,
          5821.600620984
        ],
        [
          5821.600535214,
          5821.603723685,
          0.003188637999997468,
          5821.603903115
        ],
        [
          5821.603825745,
          5821.606517866,
          0.0026922300000009614,
          5821.606671806
        ],
        [
          5821.606611376,
          5821.609525406,
          0.0029141300000006254,
          5821.609682976
        ],
        [
          5821.609622396,
          5821.612547067,
          0.002924800000002392,
          5821.612713726
        ],
        [
          5821.612656856,
          5821.615532997,
          0.002876189999994949,
          5821.615659326
        ],
        [
          5821.615624697,
          5821.618922527,
          0.0032919580000054793,
          5821.619043396
        ]
      ]
    },
    {
      "round_index": 9,
      "map_setup_wall_s": 0.0015134149998630164,
      "map_setup_parent_cpu_s": 0.0021062710000001594,
      "result_next_wall_s": 0.6063119539985564,
      "result_next_parent_cpu_s": 0.02761100000000072,
      "serial_result_processing_wall_s": 0.011293512011434359,
      "serial_result_processing_parent_cpu_s": 0.013079091999999015,
      "worker_placement_wall_sum_s": 0.5987362180048876,
      "worker_placement_cpu_sum_s": 0.598655316999924,
      "worker_tasks": 181,
      "per_worker": {
        "20001": 181
      },
      "task_intervals": [
        [
          5822.016534767,
          5822.017080405,
          0.0005450379999984989,
          5822.017253684
        ],
        [
          5822.017217025,
          5822.020361774,
          0.003144758000004799,
          5822.020503523
        ],
        [
          5822.020488194,
          5822.023423134,
          0.002934969999998316,
          5822.023556353
        ],
        [
          5822.023538804,
          5822.026468995,
          0.002930118999998399,
          5822.026594065
        ],
        [
          5822.026580325,
          5822.029880364,
          0.0032999779999940415,
          5822.030072033
        ],
        [
          5822.030010404,
          5822.033179114,
          0.003168709000000547,
          5822.033345493
        ],
        [
          5822.033287133,
          5822.036551873,
          0.00326468800000157,
          5822.036727352
        ],
        [
          5822.036663943,
          5822.040048442,
          0.0033844380000047636,
          5822.040223281
        ],
        [
          5822.040160792,
          5822.04356332,
          0.003402576999995688,
          5822.04373948
        ],
        [
          5822.04368227,
          5822.046805671,
          0.003123377999997956,
          5822.04698827
        ],
        [
          5822.04691562,
          5822.05005096,
          0.0031351880000016763,
          5822.05024454
        ],
        [
          5822.05016116,
          5822.053376109,
          0.0032149679999946557,
          5822.053559829
        ],
        [
          5822.053497439,
          5822.056707129,
          0.0032097280000016326,
          5822.056897708
        ],
        [
          5822.056822259,
          5822.060049269,
          0.0032268980000011993,
          5822.060229617
        ],
        [
          5822.060155428,
          5822.063602577,
          0.003447207999997204,
          5822.063732056
        ],
        [
          5822.063712817,
          5822.067516405,
          0.0037180570000003854,
          5822.067692994
        ],
        [
          5822.067637254,
          5822.070983483,
          0.003346198999999217,
          5822.071115543
        ],
        [
          5822.071098093,
          5822.074288313,
          0.003190138999997316,
          5822.074418103
        ],
        [
          5822.074397443,
          5822.077566483,
          0.0031689589999999157,
          5822.077744392
        ],
        [
          5822.077685062,
          5822.080740752,
          0.0030556889999999726,
          5822.080922422
        ],
        [
          5822.080848972,
          5822.084035553,
          0.0031864189999950554,
          5822.084163722
        ],
        [
          5822.084137942,
          5822.087629781,
          0.0034917879999980528,
          5822.08780362
        ],
        [
          5822.087749581,
          5822.09092507,
          0.00317549799999739,
          5822.091223779
        ],
        [
          5822.09104783,
          5822.09435032,
          0.0033024580000002857,
          5822.094579179
        ],
        [
          5822.09444818,
          5822.09757679,
          0.0031286689999987516,
          5822.097783389
        ],
        [
          5822.097673669,
          5822.101035158,
          0.003361458000000539,
          5822.101246478
        ],
        [
          5822.101135927,
          5822.104485117,
          0.0033493079999971087,
          5822.104691937
        ],
        [
          5822.104581848,
          5822.107878417,
          0.0032965770000004113,
          5822.108155256
        ],
        [
          5822.107979576,
          5822.111582726,
          0.003603187999999591,
          5822.111798325
        ],
        [
          5822.111680505,
          5822.115214254,
          0.003533828000001904,
          5822.115377113
        ],
        [
          5822.115305823,
          5822.118655533,
          0.0033497780000004695,
          5822.118776583
        ],
        [
          5822.118750352,
          5822.121662223,
          0.0029119900000011967,
          5822.121775483
        ],
        [
          5822.121757143,
          5822.124689584,
          0.0029325000000000045,
          5822.124834753
        ],
        [
          5822.124793123,
          5822.127840383,
          0.003047329000004595,
          5822.127934523
        ],
        [
          5822.127936793,
          5822.131187544,
          0.0032444490000003157,
          5822.131296613
        ],
        [
          5822.131285313,
          5822.134698682,
          0.0034134379999954945,
          5822.134834381
        ],
        [
          5822.134800812,
          5822.138094861,
          0.003294187999998144,
          5822.13824911
        ],
        [
          5822.13819113,
          5822.141412941,
          0.0032219289999986245,
          5822.1415113
        ],
        [
          5822.14150972,
          5822.14450461,
          0.0029949489999978596,
          5822.14466648
        ],
        [
          5822.14460187,
          5822.147547741,
          0.002945938999999953,
          5822.147646511
        ],
        [
          5822.147652811,
          5822.150936081,
          0.003283418999998844,
          5822.15105975
        ],
        [
          5822.15105185,
          5822.154451609,
          0.0033998480000008158,
          5822.154547709
        ],
        [
          5822.154550339,
          5822.157921278,
          0.0033710180000028345,
          5822.158136267
        ],
        [
          5822.158035858,
          5822.161387428,
          0.0033515880000010156,
          5822.161476847
        ],
        [
          5822.161486897,
          5822.164631157,
          0.003144329000001278,
          5822.164734026
        ],
        [
          5822.164728097,
          5822.167820876,
          0.0030927599999941435,
          5822.167903976
        ],
        [
          5822.167918856,
          5822.171017427,
          0.0030985890000039262,
          5822.171167997
        ],
        [
          5822.171120026,
          5822.174246487,
          0.00312657999999999,
          5822.174345496
        ],
        [
          5822.174342156,
          5822.177539886,
          0.003197919000001548,
          5822.177637185
        ],
        [
          5822.177635645,
          5822.180795786,
          0.0031602279999987104,
          5822.180961215
        ],
        [
          5822.180898566,
          5822.184236105,
          0.0033376379999978667,
          5822.184331055
        ],
        [
          5822.184333255,
          5822.187482764,
          0.0031494979999990846,
          5822.187627793
        ],
        [
          5822.187580394,
          5822.190617984,
          0.0030377189999981624,
          5822.190839954
        ],
        [
          5822.190716864,
          5822.193994244,
          0.0032775580000006244,
          5822.194229103
        ],
        [
          5822.194102784,
          5822.197226594,
          0.0031238090000016427,
          5822.197429753
        ],
        [
          5822.197318903,
          5822.200478323,
          0.0031595190000004436,
          5822.200691632
        ],
        [
          5822.200574652,
          5822.203906613,
          0.003332078999996213,
          5822.204139302
        ],
        [
          5822.204026782,
          5822.207130332,
          0.0031035789999975805,
          5822.207296431
        ],
        [
          5822.207226011,
          5822.210210112,
          0.0029841489999995474,
          5822.210368001
        ],
        [
          5822.210300762,
          5822.213577402,
          0.0032767479999975535,
          5822.213784362
        ],
        [
          5822.213674851,
          5822.216753921,
          0.003079157999998472,
          5822.216997451
        ],
        [
          5822.216856021,
          5822.219916871,
          0.0030610289999941642,
          5822.220149801
        ],
        [
          5822.220025381,
          5822.223202181,
          0.0031768779999978847,
          5822.223417651
        ],
        [
          5822.223298201,
          5822.226545101,
          0.0032469479999974737,
          5822.22675784
        ],
        [
          5822.22664715,
          5822.22979524,
          0.0031481580000018994,
          5822.230052439
        ],
        [
          5822.22989049,
          5822.23285977,
          0.002969409000002088,
          5822.23297158
        ],
        [
          5822.2329867,
          5822.23626974,
          0.0032831990000019573,
          5822.23646255
        ],
        [
          5822.23639053,
          5822.23943178,
          0.003041428999999596,
          5822.239531429
        ],
        [
          5822.239558939,
          5822.242701179,
          0.003142328999999222,
          5822.242793838
        ],
        [
          5822.242822849,
          5822.246210279,
          0.0033875369999947225,
          5822.246495738
        ],
        [
          5822.246315348,
          5822.249535288,
          0.00321997799999707,
          5822.249765257
        ],
        [
          5822.249639257,
          5822.252651727,
          0.0030126190000032693,
          5822.252870567
        ],
        [
          5822.252748057,
          5822.256005848,
          0.0032578189999981078,
          5822.256225347
        ],
        [
          5822.256102187,
          5822.259074378,
          0.0029722589999963134,
          5822.259266737
        ],
        [
          5822.259175597,
          5822.262553336,
          0.003377907999997376,
          5822.262793706
        ],
        [
          5822.262667266,
          5822.265656527,
          0.002989440000000343,
          5822.265766917
        ],
        [
          5822.265753866,
          5822.269234366,
          0.0034805880000021716,
          5822.269403094
        ],
        [
          5822.269330335,
          5822.272628164,
          0.003297947999996609,
          5822.272739674
        ],
        [
          5822.272757314,
          5822.276183524,
          0.0034263169999988463,
          5822.276387883
        ],
        [
          5822.276309223,
          5822.279371513,
          0.0030626789999956827,
          5822.279485573
        ],
        [
          5822.279500522,
          5822.282587083,
          0.003086758000002021,
          5822.282665972
        ],
        [
          5822.282686712,
          5822.285897343,
          0.0032107689999989475,
          5822.286057482
        ],
        [
          5822.286013782,
          5822.289149552,
          0.003135838999995144,
          5822.289367131
        ],
        [
          5822.289254112,
          5822.292430592,
          0.00317653900000181,
          5822.292538111
        ],
        [
          5822.292525351,
          5822.295565962,
          0.0030407189999976936,
          5822.295663432
        ],
        [
          5822.295668952,
          5822.29930505,
          0.003636176999997076,
          5822.299397099
        ],
        [
          5822.29939703,
          5822.302741529,
          0.0033445790000001807,
          5822.302833809
        ],
        [
          5822.302836809,
          5822.30583795,
          0.003001259999997785,
          5822.305935869
        ],
        [
          5822.305928399,
          5822.30892002,
          0.0029916989999989596,
          5822.309133799
        ],
        [
          5822.309051589,
          5822.312318929,
          0.0032673079999980814,
          5822.312529117
        ],
        [
          5822.312448458,
          5822.316076377,
          0.0036279669999998987,
          5822.316267557
        ],
        [
          5822.316176006,
          5822.319150467,
          0.0029745499999975777,
          5822.319306176
        ],
        [
          5822.319255087,
          5822.322231727,
          0.0029767689999999902,
          5822.322415657
        ],
        [
          5822.322328466,
          5822.325412257,
          0.003083889000002671,
          5822.325679416
        ],
        [
          5822.325530447,
          5822.328973386,
          0.003443027999999515,
          5822.329182035
        ],
        [
          5822.329078185,
          5822.332258695,
          0.0031805980000001455,
          5822.332474494
        ],
        [
          5822.332357585,
          5822.335642975,
          0.003285467999994296,
          5822.335764304
        ],
        [
          5822.335739505,
          5822.339199884,
          0.00346046699999647,
          5822.339419892
        ],
        [
          5822.339292873,
          5822.342609943,
          0.0033172079999985726,
          5822.342728893
        ],
        [
          5822.342710593,
          5822.346360851,
          0.0036503270000025623,
          5822.346458721
        ],
        [
          5822.346456421,
          5822.349491531,
          0.0030352380000024937,
          5822.349593711
        ],
        [
          5822.3495863,
          5822.352637371,
          0.00305123999999779,
          5822.352734721
        ],
        [
          5822.352732581,
          5822.355878691,
          0.0031461889999988557,
          5822.35617145
        ],
        [
          5822.355994991,
          5822.35934934,
          0.003354448000003174,
          5822.359542099
        ],
        [
          5822.359469759,
          5822.362775229,
          0.0033056179999988444,
          5822.362977678
        ],
        [
          5822.362896439,
          5822.366244258,
          0.003347898000001237,
          5822.366407097
        ],
        [
          5822.366354278,
          5822.369725287,
          0.003371067999999866,
          5822.369826126
        ],
        [
          5822.369818426,
          5822.373065457,
          0.0032471589999971684,
          5822.373247236
        ],
        [
          5822.373161096,
          5822.376250796,
          0.0030898090000022194,
          5822.376345046
        ],
        [
          5822.376347375,
          5822.379540305,
          0.003193060000000969,
          5822.379655975
        ],
        [
          5822.379641355,
          5822.382867206,
          0.003225958000001583,
          5822.382956595
        ],
        [
          5822.382958815,
          5822.386634783,
          0.003670585999998366,
          5822.386730513
        ],
        [
          5822.386757333,
          5822.389936943,
          0.003179648999996232,
          5822.390226132
        ],
        [
          5822.390057543,
          5822.393284852,
          0.0032273580000037327,
          5822.393395842
        ],
        [
          5822.393381342,
          5822.396609771,
          0.003228528999997593,
          5822.396702611
        ],
        [
          5822.396706281,
          5822.400028511,
          0.0033222579999971913,
          5822.400124051
        ],
        [
          5822.400135991,
          5822.40325307,
          0.0031171890000010194,
          5822.40335595
        ],
        [
          5822.40335464,
          5822.40648594,
          0.0031314289999997413,
          5822.40657621
        ],
        [
          5822.40658151,
          5822.40967739,
          0.0030959779999975012,
          5822.40977077
        ],
        [
          5822.40976851,
          5822.4128644,
          0.0030959489999986545,
          5822.41296523
        ],
        [
          5822.41297494,
          5822.41606332,
          0.0030883789999975875,
          5822.41614804
        ],
        [
          5822.416166349,
          5822.419783689,
          0.00361741599999732,
          5822.419954768
        ],
        [
          5822.419880788,
          5822.423398306,
          0.0035176069999991455,
          5822.423495237
        ],
        [
          5822.423489206,
          5822.426894715,
          0.0034056080000013367,
          5822.427088345
        ],
        [
          5822.427025105,
          5822.430398044,
          0.003373076999999114,
          5822.430580134
        ],
        [
          5822.430489495,
          5822.433860844,
          0.0033715080000007447,
          5822.434099152
        ],
        [
          5822.433955583,
          5822.437094414,
          0.0031389390000029493,
          5822.437297433
        ],
        [
          5822.437188334,
          5822.440360853,
          0.003172677999998541,
          5822.440567223
        ],
        [
          5822.440462383,
          5822.443531463,
          0.003069190000005051,
          5822.443758352
        ],
        [
          5822.443626773,
          5822.446790812,
          0.0031641480000033084,
          5822.446960903
        ],
        [
          5822.446888542,
          5822.45059474,
          0.003706407000002798,
          5822.45071431
        ],
        [
          5822.45069535,
          5822.45380422,
          0.003108928999999705,
          5822.453971829
        ],
        [
          5822.45390104,
          5822.457504789,
          0.00360388699999703,
          5822.457656509
        ],
        [
          5822.457599409,
          5822.461178457,
          0.0035791769999988787,
          5822.461272386
        ],
        [
          5822.461275717,
          5822.464749716,
          0.0034740870000007362,
          5822.464841715
        ],
        [
          5822.464854226,
          5822.468155435,
          0.003301337999999987,
          5822.468337144
        ],
        [
          5822.468250244,
          5822.471392265,
          0.0031421979999990413,
          5822.471611593
        ],
        [
          5822.471487764,
          5822.475059063,
          0.0035713469999976155,
          5822.475294873
        ],
        [
          5822.475157803,
          5822.478853521,
          0.0036958269999942672,
          5822.479127549
        ],
        [
          5822.4789728,
          5822.482892188,
          0.003921546000000831,
          5822.483144968
        ],
        [
          5822.483008558,
          5822.486333637,
          0.0033251580000026593,
          5822.486521896
        ],
        [
          5822.486432226,
          5822.489704627,
          0.00327254799999821,
          5822.489805687
        ],
        [
          5822.489800107,
          5822.493168536,
          0.0033685370000000603,
          5822.493264035
        ],
        [
          5822.493275865,
          5822.496433325,
          0.0031575290000063205,
          5822.496597424
        ],
        [
          5822.496528914,
          5822.500363953,
          0.003835136999995825,
          5822.500446582
        ],
        [
          5822.500464133,
          5822.503720382,
          0.0032562780000020553,
          5822.503903761
        ],
        [
          5822.503817051,
          5822.50751396,
          0.003697026000004655,
          5822.50771935
        ],
        [
          5822.50761591,
          5822.511419818,
          0.003804025999997407,
          5822.511608277
        ],
        [
          5822.511514207,
          5822.515066807,
          0.0035526969999963853,
          5822.515264846
        ],
        [
          5822.515163986,
          5822.518765884,
          0.003602007000004903,
          5822.519025353
        ],
        [
          5822.518872634,
          5822.522197874,
          0.0033252879999992047,
          5822.522375933
        ],
        [
          5822.522294333,
          5822.525729352,
          0.0034352380000015614,
          5822.525835682
        ],
        [
          5822.525828532,
          5822.529187432,
          0.0033590779999954634,
          5822.529341511
        ],
        [
          5822.529282942,
          5822.532423572,
          0.0031407290000018406,
          5822.532525431
        ],
        [
          5822.532521321,
          5822.536800438,
          0.004279195000002289,
          5822.536904927
        ],
        [
          5822.536904818,
          5822.540525615,
          0.003620866999995087,
          5822.540627165
        ],
        [
          5822.540620775,
          5822.543722705,
          0.00310206900000054,
          5822.543813275
        ],
        [
          5822.543817875,
          5822.547213225,
          0.0033955080000040994,
          5822.547314284
        ],
        [
          5822.547311754,
          5822.550986442,
          0.0036748070000029998,
          5822.551083392
        ],
        [
          5822.551096441,
          5822.554641511,
          0.003545137999999781,
          5822.554824101
        ],
        [
          5822.554738681,
          5822.558059999,
          0.0033214589999985833,
          5822.558256209
        ],
        [
          5822.55816555,
          5822.561818319,
          0.0036530180000013956,
          5822.562040287
        ],
        [
          5822.561917428,
          5822.565127288,
          0.0032099279999968644,
          5822.565305457
        ],
        [
          5822.565221577,
          5822.569014545,
          0.0037930370000012203,
          5822.569178915
        ],
        [
          5822.569110496,
          5822.572717104,
          0.003606697999998687,
          5822.572877943
        ],
        [
          5822.572816393,
          5822.576289241,
          0.0034729280000007634,
          5822.576449782
        ],
        [
          5822.576391053,
          5822.58008394,
          0.0036929859999972336,
          5822.58023726
        ],
        [
          5822.58017762,
          5822.583624198,
          0.0034466480000006072,
          5822.583726678
        ],
        [
          5822.583719338,
          5822.587195487,
          0.003476257000002647,
          5822.587367397
        ],
        [
          5822.587305718,
          5822.590909135,
          0.00360358700000063,
          5822.591016415
        ],
        [
          5822.591019815,
          5822.594705114,
          0.003685357000001943,
          5822.594803123
        ],
        [
          5822.594800663,
          5822.598045383,
          0.0032447690000054763,
          5822.598141032
        ],
        [
          5822.598158303,
          5822.602441619,
          0.004283495000002802,
          5822.602581398
        ],
        [
          5822.602547779,
          5822.606500517,
          0.0039529350000009345,
          5822.606601097
        ],
        [
          5822.606599697,
          5822.610782072,
          0.0041825249999973835,
          5822.610872732
        ],
        [
          5822.610873822,
          5822.61477293,
          0.003899245999996026,
          5822.61491959
        ],
        [
          5822.61488452,
          5822.618625708,
          0.0037412970000048063,
          5822.618744388
        ],
        [
          5822.618727068,
          5822.622625585,
          0.0038985959999990882,
          5822.622838825
        ],
        [
          5822.622725515,
          5822.626463863,
          0.00373844699999637,
          5822.626654183
        ],
        [
          5822.626572593,
          5822.630353081,
          0.0037806959999997503,
          5822.63046873
        ],
        [
          5822.6304564,
          5822.633987479,
          0.0035311580000012555,
          5822.634111179
        ]
      ]
    },
    {
      "round_index": 10,
      "map_setup_wall_s": 0.0037296979999155155,
      "map_setup_parent_cpu_s": 0.004853025000000066,
      "result_next_wall_s": 0.863713383000686,
      "result_next_parent_cpu_s": 0.043833750000000116,
      "serial_result_processing_wall_s": 0.011910463995263854,
      "serial_result_processing_parent_cpu_s": 0.013487274000003158,
      "worker_placement_wall_sum_s": 0.8563289880030425,
      "worker_placement_cpu_sum_s": 0.8562963600000231,
      "worker_tasks": 181,
      "per_worker": {
        "20001": 181
      },
      "task_intervals": [
        [
          5823.116122241,
          5823.116944588,
          0.0008212059999976873,
          5823.118768972
        ],
        [
          5823.117124498,
          5823.123487307,
          0.0063627870000004805,
          5823.123702557
        ],
        [
          5823.123620087,
          5823.128101863,
          0.004481913999995868,
          5823.128235572
        ],
        [
          5823.128218263,
          5823.132541939,
          0.004323683999999162,
          5823.132674429
        ],
        [
          5823.132655789,
          5823.137723562,
          0.005067801999999233,
          5823.137854012
        ],
        [
          5823.137836022,
          5823.142983296,
          0.005147360999998796,
          5823.143217065
        ],
        [
          5823.143113295,
          5823.147428792,
          0.004315634999997542,
          5823.147639611
        ],
        [
          5823.147545102,
          5823.151935157,
          0.0043901840000017955,
          5823.152227016
        ],
        [
          5823.152080977,
          5823.156869722,
          0.004788803000003838,
          5823.157178121
        ],
        [
          5823.157014752,
          5823.161622527,
          0.0046078829999984805,
          5823.161912566
        ],
        [
          5823.161750057,
          5823.166456132,
          0.004706223999995984,
          5823.166740821
        ],
        [
          5823.166583771,
          5823.171731455,
          0.00514776100000347,
          5823.172037924
        ],
        [
          5823.171856425,
          5823.17653822,
          0.004681943999997884,
          5823.176817359
        ],
        [
          5823.176665079,
          5823.181640443,
          0.004975513000005094,
          5823.181828123
        ],
        [
          5823.181772343,
          5823.186646778,
          0.004874493000002644,
          5823.186908987
        ],
        [
          5823.186767847,
          5823.191854741,
          0.0050870910000000436,
          5823.19219639
        ],
        [
          5823.191988581,
          5823.196982395,
          0.004993942999995227,
          5823.197267144
        ],
        [
          5823.197109745,
          5823.201918849,
          0.004809281999996529,
          5823.202281898
        ],
        [
          5823.202059929,
          5823.206908523,
          0.0048486319999980765,
          5823.207203142
        ],
        [
          5823.207107553,
          5823.212534596,
          0.005426552000002971,
          5823.212794144
        ],
        [
          5823.212646635,
          5823.21744159,
          0.0047880019999979595,
          5823.217715909
        ],
        [
          5823.21755348,
          5823.222087545,
          0.004534083999999439,
          5823.222364644
        ],
        [
          5823.222196935,
          5823.22700465,
          0.00480784300000181,
          5823.227272158
        ],
        [
          5823.227111349,
          5823.231855495,
          0.0047441739999953825,
          5823.232157653
        ],
        [
          5823.231962954,
          5823.236734579,
          0.004771642999997994,
          5823.237021538
        ],
        [
          5823.236838988,
          5823.241467434,
          0.004628492999998457,
          5823.241731233
        ],
        [
          5823.241572813,
          5823.246355109,
          0.004782403000000102,
          5823.246691908
        ],
        [
          5823.246489308,
          5823.250841095,
          0.004351845000002186,
          5823.251137163
        ],
        [
          5823.250946954,
          5823.255788649,
          0.004841833000000406,
          5823.256113147
        ],
        [
          5823.255900599,
          5823.260516243,
          0.004615734000005034,
          5823.260826913
        ],
        [
          5823.260628284,
          5823.265562638,
          0.004934421999998051,
          5823.265804117
        ],
        [
          5823.265667588,
          5823.270384541,
          0.004717022999997766,
          5823.270658281
        ],
        [
          5823.270489172,
          5823.274757698,
          0.0042687039999975696,
          5823.275101507
        ],
        [
          5823.274870907,
          5823.279481523,
          0.004610712999998157,
          5823.279777482
        ],
        [
          5823.279613533,
          5823.284224929,
          0.004605912999998907,
          5823.284527707
        ],
        [
          5823.284352978,
          5823.288705764,
          0.004352855000000488,
          5823.288983243
        ],
        [
          5823.288809804,
          5823.29317565,
          0.004365974000002382,
          5823.293446829
        ],
        [
          5823.29329136,
          5823.297846394,
          0.0045551030000012815,
          5823.298170845
        ],
        [
          5823.297979965,
          5823.302764389,
          0.004784563000001185,
          5823.303071859
        ],
        [
          5823.302877579,
          5823.307163505,
          0.004286053999997819,
          5823.307479754
        ],
        [
          5823.307288405,
          5823.311664271,
          0.004375964999994153,
          5823.31195143
        ],
        [
          5823.311765081,
          5823.316177547,
          0.004412594000001491,
          5823.316462376
        ],
        [
          5823.316283027,
          5823.320658413,
          0.00437548400000054,
          5823.320934142
        ],
        [
          5823.320759123,
          5823.325227268,
          0.004468193999997538,
          5823.325521458
        ],
        [
          5823.325343159,
          5823.329867413,
          0.004524374000006048,
          5823.330199922
        ],
        [
          5823.330009953,
          5823.334549149,
          0.00453931300000221,
          5823.334901037
        ],
        [
          5823.334673738,
          5823.339315623,
          0.0046419740000018805,
          5823.339665393
        ],
        [
          5823.339439303,
          5823.345027675,
          0.005588379999998949,
          5823.345325925
        ],
        [
          5823.345162895,
          5823.350271749,
          0.0051088509999956955,
          5823.350554768
        ],
        [
          5823.350395099,
          5823.355115683,
          0.004720633000005137,
          5823.355398383
        ],
        [
          5823.355237333,
          5823.359769538,
          0.004532293000004017,
          5823.360098528
        ],
        [
          5823.359891668,
          5823.364781853,
          0.004890273000000889,
          5823.364926482
        ],
        [
          5823.364904252,
          5823.369289639,
          0.004385474000002887,
          5823.369530598
        ],
        [
          5823.369388888,
          5823.373602595,
          0.004213865000004091,
          5823.373747365
        ],
        [
          5823.373725125,
          5823.37837181,
          0.004646743000002118,
          5823.37849309
        ],
        [
          5823.378496739,
          5823.383079225,
          0.004582643999995639,
          5823.383302135
        ],
        [
          5823.383201135,
          5823.388200419,
          0.004999462000000676,
          5823.388393238
        ],
        [
          5823.388323619,
          5823.392928714,
          0.0046051630000008,
          5823.393045304
        ],
        [
          5823.393112584,
          5823.397520899,
          0.00440834399999801,
          5823.397707489
        ],
        [
          5823.397644409,
          5823.402187364,
          0.0045431440000029966,
          5823.402300563
        ],
        [
          5823.402309343,
          5823.40669828,
          0.004389023999998187,
          5823.406884459
        ],
        [
          5823.40682012,
          5823.411201806,
          0.0043734039999989704,
          5823.411360675
        ],
        [
          5823.411316666,
          5823.415554962,
          0.004238424000000407,
          5823.415651022
        ],
        [
          5823.415679562,
          5823.420711506,
          0.005032052000004228,
          5823.420803125
        ],
        [
          5823.420835385,
          5823.425152652,
          0.004317444999998088,
          5823.425248351
        ],
        [
          5823.425274831,
          5823.429679687,
          0.004404954999998267,
          5823.429961687
        ],
        [
          5823.429801508,
          5823.433807014,
          0.004005585999998118,
          5823.434064383
        ],
        [
          5823.433929103,
          5823.43835659,
          0.004427574000004597,
          5823.438537979
        ],
        [
          5823.43848528,
          5823.443341764,
          0.004856622999994897,
          5823.443584213
        ],
        [
          5823.443446953,
          5823.44776762,
          0.0043207350000002975,
          5823.448118969
        ],
        [
          5823.44789141,
          5823.452701684,
          0.0048104230000021175,
          5823.452919864
        ],
        [
          5823.452825324,
          5823.45699148,
          0.004166274999995778,
          5823.45728466
        ],
        [
          5823.45712756,
          5823.461659235,
          0.004531774000000155,
          5823.461941194
        ],
        [
          5823.461782385,
          5823.466091952,
          0.0043098040000018045,
          5823.466245411
        ],
        [
          5823.466215152,
          5823.470795677,
          0.004580632999996226,
          5823.470902806
        ],
        [
          5823.470925117,
          5823.475361343,
          0.0044363039999950615,
          5823.475544492
        ],
        [
          5823.475461072,
          5823.479857938,
          0.004396933000002434,
          5823.479958338
        ],
        [
          5823.479975088,
          5823.484475553,
          0.0045005239999937885,
          5823.484584983
        ],
        [
          5823.484576553,
          5823.488892309,
          0.00431581600000186,
          5823.489072908
        ],
        [
          5823.489008379,
          5823.493241236,
          0.0042330149999969535,
          5823.493402935
        ],
        [
          5823.493341575,
          5823.497727262,
          0.004385774999995817,
          5823.497821901
        ],
        [
          5823.497824592,
          5823.501951599,
          0.004127085000000363,
          5823.502060468
        ],
        [
          5823.502067728,
          5823.506350344,
          0.004282664999998076,
          5823.506584473
        ],
        [
          5823.506462964,
          5823.510652771,
          0.004190033999996956,
          5823.51087763
        ],
        [
          5823.51075057,
          5823.515219926,
          0.004469464000003143,
          5823.515467276
        ],
        [
          5823.515320116,
          5823.519626323,
          0.00430634399999974,
          5823.519856271
        ],
        [
          5823.519728222,
          5823.524269067,
          0.004540964000000258,
          5823.524496497
        ],
        [
          5823.524368428,
          5823.529122661,
          0.00475429400000138,
          5823.529343182
        ],
        [
          5823.529218661,
          5823.533789777,
          0.004571214000002044,
          5823.534095336
        ],
        [
          5823.533890497,
          5823.538808721,
          0.0049126120000053675,
          5823.53909504
        ],
        [
          5823.538932721,
          5823.543918545,
          0.004985892000000547,
          5823.544090934
        ],
        [
          5823.544059934,
          5823.548961959,
          0.0049021419999988325,
          5823.549116568
        ],
        [
          5823.549073898,
          5823.553740554,
          0.004666694000000859,
          5823.554049473
        ],
        [
          5823.553866363,
          5823.55822562,
          0.004359364000002586,
          5823.558406999
        ],
        [
          5823.558347469,
          5823.562841305,
          0.004493904000000271,
          5823.563142144
        ],
        [
          5823.562939475,
          5823.567152012,
          0.004212655000003451,
          5823.567367601
        ],
        [
          5823.567248132,
          5823.571783558,
          0.004535553000003745,
          5823.572041146
        ],
        [
          5823.571882217,
          5823.576359852,
          0.004477764000000661,
          5823.576623711
        ],
        [
          5823.576471522,
          5823.581633746,
          0.005162210999998251,
          5823.581889525
        ],
        [
          5823.581733806,
          5823.586215631,
          0.004481954999995708,
          5823.58646739
        ],
        [
          5823.586325511,
          5823.590907616,
          0.004582224000003521,
          5823.591187295
        ],
        [
          5823.591121365,
          5823.596521368,
          0.005399420999999904,
          5823.596745328
        ],
        [
          5823.596624519,
          5823.600961124,
          0.004336723999998071,
          5823.601211823
        ],
        [
          5823.601087524,
          5823.606144737,
          0.005057370999999478,
          5823.606371867
        ],
        [
          5823.606258257,
          5823.611140401,
          0.004882233000003566,
          5823.611390771
        ],
        [
          5823.611256981,
          5823.616487085,
          0.005230121000003862,
          5823.616623625
        ],
        [
          5823.616618615,
          5823.622112247,
          0.0054936710000035305,
          5823.622353177
        ],
        [
          5823.622234517,
          5823.627795899,
          0.005561509999999714,
          5823.627980279
        ],
        [
          5823.627924029,
          5823.632907753,
          0.004983752000001118,
          5823.633154792
        ],
        [
          5823.633120372,
          5823.638255496,
          0.005134681999997781,
          5823.638465275
        ],
        [
          5823.638396966,
          5823.643530319,
          0.005133430999997302,
          5823.643686858
        ],
        [
          5823.643653329,
          5823.649119392,
          0.005466200999997284,
          5823.649333201
        ],
        [
          5823.649244741,
          5823.654606624,
          0.00536193199999957,
          5823.654712894
        ],
        [
          5823.654724884,
          5823.659686928,
          0.00496211300000482,
          5823.659778528
        ],
        [
          5823.659795578,
          5823.664654812,
          0.004859362999994232,
          5823.664912211
        ],
        [
          5823.664780882,
          5823.669707576,
          0.004920663000000047,
          5823.669975755
        ],
        [
          5823.669834736,
          5823.674617291,
          0.004782613000003266,
          5823.67485459
        ],
        [
          5823.674735531,
          5823.680216523,
          0.005481179999996755,
          5823.680484112
        ],
        [
          5823.680348173,
          5823.685856365,
          0.005508250999994857,
          5823.686183724
        ],
        [
          5823.686013204,
          5823.690987468,
          0.0049743309999996654,
          5823.691301319
        ],
        [
          5823.691123059,
          5823.695849353,
          0.0047263430000015205,
          5823.696169833
        ],
        [
          5823.695987853,
          5823.701175577,
          0.0051878020000017955,
          5823.701468106
        ],
        [
          5823.701303236,
          5823.706226481,
          0.00492333199999706,
          5823.70653056
        ],
        [
          5823.7063536,
          5823.710851656,
          0.004498263999998642,
          5823.710992895
        ],
        [
          5823.710976545,
          5823.71611473,
          0.005138161999994395,
          5823.716417728
        ],
        [
          5823.716252829,
          5823.721577192,
          0.005324569999999085,
          5823.721772442
        ],
        [
          5823.721718242,
          5823.726937415,
          0.0052192309999981035,
          5823.727268574
        ],
        [
          5823.727080274,
          5823.73175789,
          0.0046724729999994,
          5823.731956949
        ],
        [
          5823.731907679,
          5823.736536585,
          0.004629033000000504,
          5823.736810304
        ],
        [
          5823.736655275,
          5823.741491999,
          0.00483677200000443,
          5823.741805218
        ],
        [
          5823.741617428,
          5823.746462484,
          0.004845252000002631,
          5823.746759252
        ],
        [
          5823.746608783,
          5823.751164809,
          0.004556123000000412,
          5823.751463637
        ],
        [
          5823.751299288,
          5823.756331132,
          0.005031882000004373,
          5823.756626631
        ],
        [
          5823.756466952,
          5823.761438106,
          0.004971212000000946,
          5823.761717245
        ],
        [
          5823.761571225,
          5823.766026522,
          0.004455015000004892,
          5823.766323181
        ],
        [
          5823.766166281,
          5823.770849967,
          0.004683783000004382,
          5823.771175265
        ],
        [
          5823.770989826,
          5823.7758487,
          0.004858972999997491,
          5823.776237119
        ],
        [
          5823.77602718,
          5823.781404073,
          0.005376950999995245,
          5823.781684232
        ],
        [
          5823.781519082,
          5823.786289197,
          0.00477020299999964,
          5823.786563656
        ],
        [
          5823.786399677,
          5823.791385711,
          0.004986112000004539,
          5823.79166921
        ],
        [
          5823.791493961,
          5823.796295526,
          0.004794020999995041,
          5823.796628714
        ],
        [
          5823.796444935,
          5823.801615478,
          0.00517068100000273,
          5823.801870708
        ],
        [
          5823.801752898,
          5823.806810382,
          0.0050576120000016545,
          5823.807110121
        ],
        [
          5823.806921732,
          5823.812215295,
          0.005293690000002016,
          5823.812462063
        ],
        [
          5823.812354674,
          5823.816589351,
          0.004234865000000809,
          5823.81690707
        ],
        [
          5823.816729741,
          5823.821619585,
          0.0048898930000049745,
          5823.821979584
        ],
        [
          5823.821754474,
          5823.8262217,
          0.004467264000005855,
          5823.826575419
        ],
        [
          5823.82635408,
          5823.830878156,
          0.004524334000002739,
          5823.831138655
        ],
        [
          5823.831029145,
          5823.836217779,
          0.005188672000002725,
          5823.836602858
        ],
        [
          5823.836338128,
          5823.840816045,
          0.0044780839999987165,
          5823.841212823
        ],
        [
          5823.840926844,
          5823.84559513,
          0.0046684029999966015,
          5823.845822858
        ],
        [
          5823.845735709,
          5823.850538014,
          0.004802401999995709,
          5823.850885182
        ],
        [
          5823.850661123,
          5823.854931579,
          0.004270594000004735,
          5823.855285459
        ],
        [
          5823.855048919,
          5823.860025753,
          0.0049768330000006245,
          5823.860342251
        ],
        [
          5823.860138072,
          5823.864833937,
          0.004695791999999699,
          5823.865185576
        ],
        [
          5823.864943837,
          5823.870309131,
          0.0053654109999996535,
          5823.87061216
        ],
        [
          5823.87042658,
          5823.875196055,
          0.004769543000001875,
          5823.875497195
        ],
        [
          5823.875304955,
          5823.880358179,
          0.005053001999996809,
          5823.880725128
        ],
        [
          5823.880481889,
          5823.885474653,
          0.004992842000000053,
          5823.885816582
        ],
        [
          5823.885595332,
          5823.890329628,
          0.004734323000000984,
          5823.890646647
        ],
        [
          5823.890440777,
          5823.894824713,
          0.0043839850000040315,
          5823.895146521
        ],
        [
          5823.894933692,
          5823.899890886,
          0.004957312000001934,
          5823.900198186
        ],
        [
          5823.900014466,
          5823.904675891,
          0.0046615530000053695,
          5823.90490641
        ],
        [
          5823.904799611,
          5823.909388616,
          0.004589074000001858,
          5823.909722246
        ],
        [
          5823.909513826,
          5823.914425091,
          0.004911372999998775,
          5823.914777599
        ],
        [
          5823.91453783,
          5823.919216245,
          0.004678542999997148,
          5823.919506904
        ],
        [
          5823.919337095,
          5823.92418888,
          0.0048518520000016,
          5823.924478588
        ],
        [
          5823.9242958,
          5823.928963814,
          0.00466820300000137,
          5823.929283264
        ],
        [
          5823.929099464,
          5823.934155668,
          0.005056242000001987,
          5823.934459487
        ],
        [
          5823.934274448,
          5823.939242842,
          0.004968452999996487,
          5823.939555471
        ],
        [
          5823.939487421,
          5823.944009557,
          0.004522284000003651,
          5823.944382745
        ],
        [
          5823.944145166,
          5823.949163401,
          0.005018231000001094,
          5823.94947762
        ],
        [
          5823.94928204,
          5823.954097395,
          0.004815423000003705,
          5823.954402524
        ],
        [
          5823.954223165,
          5823.959215869,
          0.004992813000001206,
          5823.959519208
        ],
        [
          5823.959332158,
          5823.964603852,
          0.005271411000002502,
          5823.96490196
        ],
        [
          5823.964719421,
          5823.969203017,
          0.004483663999998555,
          5823.969508976
        ],
        [
          5823.969324517,
          5823.973918832,
          0.00459439300000497,
          5823.974170551
        ],
        [
          5823.974089562,
          5823.979481844,
          0.0053923409999967475,
          5823.979707185
        ],
        [
          5823.979624893,
          5823.984757249,
          0.005132472999996196,
          5823.984989508
        ],
        [
          5823.984899308,
          5823.989883742,
          0.004984541999995429,
          5823.990145341
        ],
        [
          5823.990023841,
          5823.994919266,
          0.004895511999997382,
          5823.995161425
        ]
      ]
    },
    {
      "round_index": 11,
      "map_setup_wall_s": 0.0018567549996078014,
      "map_setup_parent_cpu_s": 0.0026231870000001933,
      "result_next_wall_s": 1.4234014909998223,
      "result_next_parent_cpu_s": 0.05409083400000325,
      "serial_result_processing_wall_s": 0.016474648991788854,
      "serial_result_processing_parent_cpu_s": 0.017686776000003235,
      "worker_placement_wall_sum_s": 1.4146223799953077,
      "worker_placement_cpu_sum_s": 1.4144962939999388,
      "worker_tasks": 181,
      "per_worker": {
        "20001": 181
      },
      "task_intervals": [
        [
          5824.468430155,
          5824.469478071,
          0.0009572270000006711,
          5824.46978496
        ],
        [
          5824.469690951,
          5824.478234054,
          0.008543190000004586,
          5824.478510603
        ],
        [
          5824.478417013,
          5824.485131692,
          0.006714696999999603,
          5824.485462121
        ],
        [
          5824.485279372,
          5824.492606568,
          0.007327113999998858,
          5824.492797458
        ],
        [
          5824.492752618,
          5824.499960236,
          0.007207383999997319,
          5824.500319434
        ],
        [
          5824.500121645,
          5824.507752871,
          0.007631322999998247,
          5824.508144419
        ],
        [
          5824.50790304,
          5824.516125813,
          0.008222840999998482,
          5824.516479243
        ],
        [
          5824.516272873,
          5824.52360578,
          0.007332953999998892,
          5824.523956688
        ],
        [
          5824.52375034,
          5824.531699044,
          0.007948751000000698,
          5824.532104013
        ],
        [
          5824.531842634,
          5824.538861281,
          0.007018504000001258,
          5824.539121971
        ],
        [
          5824.539020631,
          5824.546347057,
          0.007326353999999924,
          5824.546535397
        ],
        [
          5824.546479817,
          5824.554134773,
          0.0076550629999943,
          5824.554458492
        ],
        [
          5824.554273352,
          5824.563165784,
          0.008892537000001255,
          5824.563499983
        ],
        [
          5824.563310784,
          5824.570524121,
          0.007213325000002158,
          5824.57084821
        ],
        [
          5824.570658501,
          5824.578276227,
          0.007618293000000165,
          5824.578474766
        ],
        [
          5824.578423936,
          5824.58655445,
          0.00813054099999988,
          5824.586876669
        ],
        [
          5824.5866885,
          5824.594529856,
          0.007841440999996507,
          5824.594712795
        ],
        [
          5824.594660295,
          5824.602348911,
          0.007688702999999464,
          5824.602671039
        ],
        [
          5824.60248036,
          5824.610797353,
          0.008317509999997696,
          5824.611137182
        ],
        [
          5824.610945283,
          5824.619354957,
          0.008409739999997612,
          5824.619564426
        ],
        [
          5824.619510126,
          5824.627235742,
          0.00772571199999561,
          5824.627492501
        ],
        [
          5824.627347321,
          5824.634739098,
          0.0073918129999981375,
          5824.635033477
        ],
        [
          5824.634872757,
          5824.642153365,
          0.007280753999999945,
          5824.642471404
        ],
        [
          5824.642304954,
          5824.649760761,
          0.0074559040000039545,
          5824.650065369
        ],
        [
          5824.64989673,
          5824.657619225,
          0.0077225519999970516,
          5824.657813964
        ],
        [
          5824.657753305,
          5824.665258851,
          0.007505643000001783,
          5824.66557993
        ],
        [
          5824.66539114,
          5824.673907014,
          0.008516129000000205,
          5824.674198033
        ],
        [
          5824.674039724,
          5824.682719005,
          0.008679300000004275,
          5824.683033424
        ],
        [
          5824.682852365,
          5824.690326892,
          0.007474592999997753,
          5824.69064812
        ],
        [
          5824.690455111,
          5824.698420686,
          0.007965632000001222,
          5824.698740994
        ],
        [
          5824.698548935,
          5824.707014589,
          0.008465649999997993,
          5824.707209248
        ],
        [
          5824.707145299,
          5824.714685955,
          0.007540844000004654,
          5824.715029073
        ],
        [
          5824.714813194,
          5824.722576009,
          0.007762911999996902,
          5824.722761958
        ],
        [
          5824.722722938,
          5824.730473264,
          0.007750451999996244,
          5824.730667304
        ],
        [
          5824.730613573,
          5824.737328703,
          0.006715245000002312,
          5824.737670091
        ],
        [
          5824.737472672,
          5824.744633609,
          0.007161004000003857,
          5824.745013118
        ],
        [
          5824.744788469,
          5824.751311239,
          0.006522896999996419,
          5824.751651438
        ],
        [
          5824.751454378,
          5824.758587296,
          0.0071330439999997,
          5824.758789345
        ],
        [
          5824.758737415,
          5824.765707782,
          0.00697038499999536,
          5824.765907781
        ],
        [
          5824.765851881,
          5824.772857239,
          0.007005383999995729,
          5824.773146229
        ],
        [
          5824.773008539,
          5824.780066807,
          0.007058324999995591,
          5824.780295846
        ],
        [
          5824.780198416,
          5824.787364344,
          0.007165963999995029,
          5824.787668773
        ],
        [
          5824.787501004,
          5824.795144059,
          0.007643141999999159,
          5824.795450008
        ],
        [
          5824.795276328,
          5824.801891698,
          0.006615566000000683,
          5824.802185287
        ],
        [
          5824.802132277,
          5824.810933699,
          0.008800919000002239,
          5824.811189099
        ],
        [
          5824.811100019,
          5824.82011165,
          0.009011707999995622,
          5824.820455788
        ],
        [
          5824.820259689,
          5824.827647116,
          0.007387434000001747,
          5824.827848776
        ],
        [
          5824.827782165,
          5824.834841034,
          0.007058925999999133,
          5824.835183232
        ],
        [
          5824.834979933,
          5824.84230997,
          0.007330082999999377,
          5824.842644638
        ],
        [
          5824.842454789,
          5824.850221505,
          0.007766811999999845,
          5824.850547914
        ],
        [
          5824.850357594,
          5824.857712161,
          0.00735452400000014,
          5824.857907
        ],
        [
          5824.85784076,
          5824.865904525,
          0.008063872000001027,
          5824.866253064
        ],
        [
          5824.866049695,
          5824.873096953,
          0.0070474039999979254,
          5824.873386812
        ],
        [
          5824.873234782,
          5824.880777738,
          0.007543012999995824,
          5824.881100457
        ],
        [
          5824.880908338,
          5824.888898112,
          0.007989801000000796,
          5824.889196141
        ],
        [
          5824.889118511,
          5824.898111363,
          0.00899230800000339,
          5824.898342853
        ],
        [
          5824.898261983,
          5824.906233248,
          0.007971292000000574,
          5824.906462987
        ],
        [
          5824.906359707,
          5824.913545664,
          0.007186023999999236,
          5824.913827153
        ],
        [
          5824.913671424,
          5824.923186784,
          0.009515516000000446,
          5824.923525382
        ],
        [
          5824.923340353,
          5824.930858739,
          0.007518424000004131,
          5824.931077509
        ],
        [
          5824.931006099,
          5824.938463895,
          0.007457993000002716,
          5824.938677134
        ],
        [
          5824.938617074,
          5824.945704223,
          0.007087175000002333,
          5824.946069051
        ],
        [
          5824.945854022,
          5824.95284935,
          0.0069952950000029546,
          5824.953272368
        ],
        [
          5824.953015979,
          5824.960715505,
          0.007699543000001086,
          5824.960926554
        ],
        [
          5824.960860064,
          5824.968039012,
          0.007178994000000216,
          5824.968253451
        ],
        [
          5824.968189591,
          5824.975384349,
          0.007195084000002794,
          5824.975774687
        ],
        [
          5824.975555288,
          5824.983352403,
          0.007797181999997349,
          5824.983726722
        ],
        [
          5824.983506592,
          5824.990824199,
          0.00731771299999906,
          5824.991263618
        ],
        [
          5824.990981879,
          5824.998311036,
          0.007329243000000929,
          5824.998678424
        ],
        [
          5824.998458485,
          5825.006071031,
          0.007612393000002271,
          5825.00639773
        ],
        [
          5825.00623137,
          5825.013800386,
          0.007569103000001576,
          5825.014015346
        ],
        [
          5825.013945915,
          5825.021447772,
          0.00750191400000233,
          5825.021649711
        ],
        [
          5825.021593782,
          5825.029398766,
          0.0078049829999997655,
          5825.029735956
        ],
        [
          5825.029544866,
          5825.037265962,
          0.007721082000003321,
          5825.037467861
        ],
        [
          5825.037404862,
          5825.045127228,
          0.007722452999999518,
          5825.045481836
        ],
        [
          5825.045275007,
          5825.053336511,
          0.008061470999997766,
          5825.05368512
        ],
        [
          5825.053476221,
          5825.060993546,
          0.007517352999997229,
          5825.061199396
        ],
        [
          5825.061152776,
          5825.06951122,
          0.008358359999995457,
          5825.069711959
        ],
        [
          5825.069649699,
          5825.077246895,
          0.0075915639999948326,
          5825.077602805
        ],
        [
          5825.077393205,
          5825.085143281,
          0.007750101999995707,
          5825.08534864
        ],
        [
          5825.08530289,
          5825.093339074,
          0.008036290999996254,
          5825.093540203
        ],
        [
          5825.093486743,
          5825.101454148,
          0.007967370999999446,
          5825.101654828
        ],
        [
          5825.101597528,
          5825.109629643,
          0.0080322620000004,
          5825.109840112
        ],
        [
          5825.109783132,
          5825.117042869,
          0.007259713999999917,
          5825.117207429
        ],
        [
          5825.117196789,
          5825.124728075,
          0.0075313329999957546,
          5825.125033544
        ],
        [
          5825.124855155,
          5825.132873989,
          0.008018880999998146,
          5825.133210348
        ],
        [
          5825.133102778,
          5825.141763621,
          0.008660278999997217,
          5825.14205586
        ],
        [
          5825.141901401,
          5825.150231264,
          0.008329961000001163,
          5825.150527613
        ],
        [
          5825.150378794,
          5825.15775195,
          0.007373103999995578,
          5825.158058359
        ],
        [
          5825.15787271,
          5825.164664109,
          0.0067914049999941994,
          5825.164959248
        ],
        [
          5825.164785108,
          5825.172536903,
          0.00775196200000039,
          5825.172706512
        ],
        [
          5825.172679323,
          5825.180826717,
          0.00814755100000042,
          5825.181129236
        ],
        [
          5825.180950666,
          5825.18892952,
          0.007978960999999174,
          5825.189157811
        ],
        [
          5825.189057751,
          5825.197357645,
          0.008299901000000887,
          5825.197569364
        ],
        [
          5825.197480844,
          5825.20525718,
          0.007770133000001067,
          5825.205430729
        ],
        [
          5825.205383089,
          5825.213375023,
          0.00799194200000386,
          5825.213649902
        ],
        [
          5825.213491773,
          5825.221435949,
          0.007944260999998676,
          5825.221765837
        ],
        [
          5825.221574288,
          5825.229104734,
          0.007530483000003585,
          5825.229454183
        ],
        [
          5825.229251064,
          5825.237650097,
          0.008399250000003633,
          5825.238044376
        ],
        [
          5825.237794316,
          5825.245612111,
          0.007817861999996012,
          5825.2460199
        ],
        [
          5825.245753781,
          5825.253896075,
          0.008142320000004588,
          5825.254224125
        ],
        [
          5825.254125915,
          5825.262331328,
          0.008204870000000142,
          5825.262602387
        ],
        [
          5825.262505148,
          5825.271193631,
          0.008680028999997091,
          5825.27147064
        ],
        [
          5825.271346011,
          5825.279292365,
          0.007946290999996108,
          5825.279621854
        ],
        [
          5825.279427905,
          5825.286762971,
          0.007335185000002298,
          5825.28708936
        ],
        [
          5825.286904731,
          5825.293980708,
          0.00707605400000233,
          5825.294310427
        ],
        [
          5825.294120118,
          5825.302006053,
          0.007885881999996514,
          5825.302302162
        ],
        [
          5825.302137682,
          5825.310092547,
          0.007955031000001611,
          5825.310427586
        ],
        [
          5825.310236887,
          5825.318264611,
          0.008027732000002175,
          5825.31858823
        ],
        [
          5825.318397251,
          5825.326443376,
          0.00804615099999495,
          5825.326771364
        ],
        [
          5825.326575295,
          5825.334594679,
          0.008013490000003287,
          5825.334918469
        ],
        [
          5825.334731659,
          5825.342570344,
          0.007838671999998326,
          5825.342899983
        ],
        [
          5825.342714504,
          5825.350917818,
          0.008205321000005483,
          5825.351237227
        ],
        [
          5825.351064038,
          5825.358627754,
          0.007563712999996142,
          5825.358951022
        ],
        [
          5825.358760363,
          5825.366693248,
          0.007932971999998983,
          5825.367080047
        ],
        [
          5825.366832368,
          5825.374548863,
          0.007710942999999304,
          5825.374847942
        ],
        [
          5825.374659463,
          5825.38180972,
          0.007150314000000435,
          5825.382130959
        ],
        [
          5825.381921309,
          5825.389733204,
          0.0078119920000006005,
          5825.390056054
        ],
        [
          5825.389840274,
          5825.398489447,
          0.008641348999994136,
          5825.398718656
        ],
        [
          5825.398635527,
          5825.406010124,
          0.007374583000000712,
          5825.406242312
        ],
        [
          5825.406137263,
          5825.414180117,
          0.00804298100000267,
          5825.414540066
        ],
        [
          5825.414313027,
          5825.422004653,
          0.007691671999999983,
          5825.422234052
        ],
        [
          5825.422143592,
          5825.431040234,
          0.00889661800000141,
          5825.431388443
        ],
        [
          5825.431169264,
          5825.439642477,
          0.008473250000001542,
          5825.439953065
        ],
        [
          5825.439767826,
          5825.446940643,
          0.007172893999999985,
          5825.447182653
        ],
        [
          5825.447066093,
          5825.454792248,
          0.007726271999999312,
          5825.455202188
        ],
        [
          5825.454933068,
          5825.462163775,
          0.007230753999998285,
          5825.462512933
        ],
        [
          5825.462295354,
          5825.470152229,
          0.007856932000002814,
          5825.470509089
        ],
        [
          5825.47028503,
          5825.478412554,
          0.00812763100000069,
          5825.478643933
        ],
        [
          5825.478557074,
          5825.486622877,
          0.008065831000003243,
          5825.486951556
        ],
        [
          5825.486753657,
          5825.494237384,
          0.00748375399999901,
          5825.494567852
        ],
        [
          5825.494358753,
          5825.501816059,
          0.0074573529999995,
          5825.502180138
        ],
        [
          5825.501937879,
          5825.509288385,
          0.00735074400000002,
          5825.509619035
        ],
        [
          5825.509429985,
          5825.516920201,
          0.007490283999999292,
          5825.51727379
        ],
        [
          5825.517059901,
          5825.525328545,
          0.008268749999999159,
          5825.525657414
        ],
        [
          5825.525461775,
          5825.533479499,
          0.008017740999996192,
          5825.533801918
        ],
        [
          5825.533616688,
          5825.541130625,
          0.007513983999999141,
          5825.541464594
        ],
        [
          5825.541265064,
          5825.549439108,
          0.008174101000001599,
          5825.549762408
        ],
        [
          5825.549570357,
          5825.557306334,
          0.007736002999997993,
          5825.557626113
        ],
        [
          5825.557437264,
          5825.565625818,
          0.008188621999998702,
          5825.565947876
        ],
        [
          5825.565763147,
          5825.574739549,
          0.00897681800000072,
          5825.575074048
        ],
        [
          5825.574884198,
          5825.582422574,
          0.0075385620000005815,
          5825.582796783
        ],
        [
          5825.582556814,
          5825.59008346,
          0.0075267229999980145,
          5825.590371409
        ],
        [
          5825.590214089,
          5825.598620793,
          0.0084067589999961,
          5825.598881921
        ],
        [
          5825.598747112,
          5825.606758136,
          0.008011150999998051,
          5825.607032675
        ],
        [
          5825.606893076,
          5825.616181307,
          0.009288437000002148,
          5825.616520496
        ],
        [
          5825.616317837,
          5825.62462768,
          0.008309950000004562,
          5825.624961039
        ],
        [
          5825.62478359,
          5825.632741925,
          0.007958281000000511,
          5825.633062213
        ],
        [
          5825.632880864,
          5825.641245558,
          0.00836476100000283,
          5825.641571216
        ],
        [
          5825.641371937,
          5825.648865283,
          0.007493433000000493,
          5825.649210742
        ],
        [
          5825.649029573,
          5825.657057338,
          0.008027691000002335,
          5825.657378136
        ],
        [
          5825.657189137,
          5825.665549301,
          0.008360229999993862,
          5825.665870509
        ],
        [
          5825.66567866,
          5825.673695935,
          0.008017302000006055,
          5825.674033303
        ],
        [
          5825.673820044,
          5825.681839499,
          0.00801958199999575,
          5825.682185578
        ],
        [
          5825.681983899,
          5825.690318502,
          0.008334709999999745,
          5825.690639751
        ],
        [
          5825.690447031,
          5825.698863104,
          0.008416210000000035,
          5825.699209834
        ],
        [
          5825.699011604,
          5825.707458988,
          0.00844743000000392,
          5825.707791467
        ],
        [
          5825.707599308,
          5825.71615209,
          0.008545688999994638,
          5825.716475209
        ],
        [
          5825.71628402,
          5825.724513244,
          0.008229231000001391,
          5825.724836542
        ],
        [
          5825.724645254,
          5825.732614398,
          0.00796915199999404,
          5825.732935797
        ],
        [
          5825.732743828,
          5825.74128959,
          0.008545829999995647,
          5825.74162678
        ],
        [
          5825.741437681,
          5825.749293785,
          0.007856111999998916,
          5825.749617444
        ],
        [
          5825.749426105,
          5825.758044997,
          0.00861888899999741,
          5825.758370806
        ],
        [
          5825.758177836,
          5825.766345422,
          0.008167610999997521,
          5825.76666329
        ],
        [
          5825.766483631,
          5825.775664111,
          0.009180777000004525,
          5825.77604348
        ],
        [
          5825.775804471,
          5825.783719027,
          0.007914661000000933,
          5825.784046205
        ],
        [
          5825.783858316,
          5825.791166873,
          0.007308674000000792,
          5825.791493722
        ],
        [
          5825.791301692,
          5825.799556616,
          0.008254911000001641,
          5825.799831995
        ],
        [
          5825.799705796,
          5825.80755368,
          0.00784799200000208,
          5825.807883839
        ],
        [
          5825.80769252,
          5825.815762614,
          0.008070150999998305,
          5825.816094594
        ],
        [
          5825.815914244,
          5825.824600377,
          0.008686249000000146,
          5825.824931705
        ],
        [
          5825.824741986,
          5825.833972447,
          0.009230577000003848,
          5825.834302556
        ],
        [
          5825.834111476,
          5825.841916351,
          0.007804932000006204,
          5825.842184361
        ],
        [
          5825.842065311,
          5825.850850334,
          0.00878496900000414,
          5825.851122273
        ],
        [
          5825.850987943,
          5825.859329416,
          0.008341459999996914,
          5825.859614935
        ],
        [
          5825.859458736,
          5825.86750384,
          0.008045101000000443,
          5825.867782549
        ],
        [
          5825.86762519,
          5825.876520842,
          0.008896017999994399,
          5825.876859651
        ],
        [
          5825.876645321,
          5825.884114548,
          0.007469294000003401,
          5825.884374397
        ],
        [
          5825.884231528,
          5825.892061923,
          0.007830391999995356,
          5825.892378731
        ],
        [
          5825.892190322,
          5825.900280386,
          0.008090030999994724,
          5825.900486376
        ],
        [
          5825.900410016,
          5825.90854422,
          0.008134190999996349,
          5825.90876016
        ]
      ]
    },
    {
      "round_index": 12,
      "map_setup_wall_s": 0.0020836730000155512,
      "map_setup_parent_cpu_s": 0.0028924129999996495,
      "result_next_wall_s": 1.0290637890011567,
      "result_next_parent_cpu_s": 0.04327108299998983,
      "serial_result_processing_wall_s": 0.012630267990061839,
      "serial_result_processing_parent_cpu_s": 0.014533015000002258,
      "worker_placement_wall_sum_s": 1.019891430005373,
      "worker_placement_cpu_sum_s": 1.0198664390000118,
      "worker_tasks": 181,
      "per_worker": {
        "20001": 181
      },
      "task_intervals": [
        [
          5826.649204443,
          5826.65014599,
          0.0009407969999983834,
          5826.650338
        ],
        [
          5826.65027924,
          5826.65621229,
          0.005933138999999699,
          5826.65639428
        ],
        [
          5826.65634056,
          5826.661786352,
          0.005445821000002127,
          5826.661869372
        ],
        [
          5826.661892602,
          5826.667737794,
          0.005845368999999323,
          5826.667849714
        ],
        [
          5826.667851244,
          5826.673461876,
          0.00561079000000575,
          5826.673627625
        ],
        [
          5826.673571055,
          5826.678988298,
          0.005417360999999232,
          5826.679090068
        ],
        [
          5826.679100077,
          5826.684638391,
          0.005538399999998944,
          5826.6847289
        ],
        [
          5826.68476472,
          5826.6908643,
          0.0060996580000036715,
          5826.69095274
        ],
        [
          5826.69099716,
          5826.697074452,
          0.006071628000000828,
          5826.697163971
        ],
        [
          5826.697201041,
          5826.702936913,
          0.005736108999997214,
          5826.703231521
        ],
        [
          5826.703075292,
          5826.708503804,
          0.005428520000002379,
          5826.708766063
        ],
        [
          5826.708628424,
          5826.713695368,
          0.0050669419999991305,
          5826.713957277
        ],
        [
          5826.713817058,
          5826.718995311,
          0.005178452000002665,
          5826.719265581
        ],
        [
          5826.71912685,
          5826.724633084,
          0.0055063699999990945,
          5826.724892133
        ],
        [
          5826.724755733,
          5826.729867497,
          0.005111941999999203,
          5826.730196016
        ],
        [
          5826.730010527,
          5826.735554779,
          0.005544389999997179,
          5826.735852168
        ],
        [
          5826.735682538,
          5826.74152301,
          0.005840719000005379,
          5826.7417739
        ],
        [
          5826.74165763,
          5826.747188582,
          0.005531050999998399,
          5826.747519901
        ],
        [
          5826.747324272,
          5826.753007723,
          0.005683448999995733,
          5826.753339993
        ],
        [
          5826.753135623,
          5826.759520963,
          0.0063853870000016855,
          5826.759686543
        ],
        [
          5826.759643523,
          5826.765837733,
          0.006194268000001557,
          5826.766094472
        ],
        [
          5826.765965513,
          5826.771866284,
          0.005900918999998339,
          5826.772178643
        ],
        [
          5826.772006644,
          5826.777499426,
          0.005492730000000279,
          5826.777810555
        ],
        [
          5826.777610276,
          5826.783314578,
          0.005704358999999215,
          5826.783570397
        ],
        [
          5826.783426667,
          5826.78909001,
          0.005663369999993506,
          5826.789391519
        ],
        [
          5826.789220909,
          5826.794643842,
          0.005423049999997431,
          5826.794823382
        ],
        [
          5826.794770811,
          5826.801026251,
          0.00625549800000158,
          5826.801187101
        ],
        [
          5826.801151961,
          5826.806840113,
          0.0056883110000001125,
          5826.807097043
        ],
        [
          5826.806938133,
          5826.812848534,
          0.005910529000004772,
          5826.813122093
        ],
        [
          5826.812956133,
          5826.818122907,
          0.005166811999998799,
          5826.818355087
        ],
        [
          5826.818228696,
          5826.82385625,
          0.005627629000002798,
          5826.824207638
        ],
        [
          5826.823974049,
          5826.829495361,
          0.005521381000001213,
          5826.829784951
        ],
        [
          5826.829622461,
          5826.835505862,
          0.005883479000004854,
          5826.835697792
        ],
        [
          5826.835625172,
          5826.841384444,
          0.0057594089999994935,
          5826.841628863
        ],
        [
          5826.841487363,
          5826.846653907,
          0.005166600999999105,
          5826.846981456
        ],
        [
          5826.846779177,
          5826.851876261,
          0.005097182000000089,
          5826.852170469
        ],
        [
          5826.85199007,
          5826.857103274,
          0.005113242000000184,
          5826.857364553
        ],
        [
          5826.857208793,
          5826.862457617,
          0.005248961999996027,
          5826.862684026
        ],
        [
          5826.862552176,
          5826.868053549,
          0.005501439999996194,
          5826.868321088
        ],
        [
          5826.868187389,
          5826.873501932,
          0.005314660999999887,
          5826.873730601
        ],
        [
          5826.873597432,
          5826.878677336,
          0.005079952000002663,
          5826.878918565
        ],
        [
          5826.878776916,
          5826.884050648,
          0.005273801000001299,
          5826.884309587
        ],
        [
          5826.884168428,
          5826.889361671,
          0.005193001999998614,
          5826.889675921
        ],
        [
          5826.889489931,
          5826.894650265,
          0.005160381999999686,
          5826.894964344
        ],
        [
          5826.894774234,
          5826.900083757,
          0.0053096609999983,
          5826.900396926
        ],
        [
          5826.900210637,
          5826.906103669,
          0.005893099000005009,
          5826.906297838
        ],
        [
          5826.906240238,
          5826.911435392,
          0.005195292000003349,
          5826.911692581
        ],
        [
          5826.911536121,
          5826.916597996,
          0.005062041999998712,
          5826.916826304
        ],
        [
          5826.916693035,
          5826.922386246,
          0.0056932689999982244,
          5826.922634976
        ],
        [
          5826.922496637,
          5826.927780829,
          0.0052842409999982465,
          5826.927924489
        ],
        [
          5826.927887089,
          5826.932820093,
          0.00493312199999707,
          5826.933127344
        ],
        [
          5826.932943263,
          5826.938314107,
          0.005370980999998665,
          5826.938578966
        ],
        [
          5826.938438016,
          5826.944124598,
          0.005686680000003719,
          5826.944406447
        ],
        [
          5826.944251597,
          5826.949971399,
          0.005719938999995122,
          5826.950258098
        ],
        [
          5826.950099559,
          5826.955044353,
          0.00494478200000259,
          5826.955327772
        ],
        [
          5826.955169182,
          5826.960374346,
          0.005204831000000354,
          5826.960653116
        ],
        [
          5826.960497725,
          5826.966043369,
          0.005545691000001796,
          5826.966327498
        ],
        [
          5826.966168828,
          5826.971233392,
          0.005064682000003984,
          5826.971526521
        ],
        [
          5826.971358212,
          5826.977072713,
          0.005714549000003899,
          5826.977355023
        ],
        [
          5826.977196073,
          5826.982470646,
          0.005274731000000088,
          5826.982748545
        ],
        [
          5826.982597886,
          5826.987579,
          0.0049812729999985095,
          5826.987859809
        ],
        [
          5826.987702259,
          5826.993050783,
          0.005348589999996989,
          5826.993356582
        ],
        [
          5826.993185593,
          5826.998259367,
          0.005073881999997809,
          5826.998434686
        ],
        [
          5826.998381297,
          5827.003820549,
          0.005439340999998876,
          5827.004099618
        ],
        [
          5827.003926068,
          5827.009443001,
          0.005517090000004998,
          5827.00968808
        ],
        [
          5827.009541581,
          5827.015269702,
          0.005728249000000574,
          5827.015533102
        ],
        [
          5827.015389383,
          5827.021068474,
          0.005679170999997041,
          5827.021382603
        ],
        [
          5827.021200054,
          5827.026433317,
          0.00523334100000028,
          5827.026707166
        ],
        [
          5827.026545556,
          5827.03175413,
          0.0052086319999986586,
          5827.032125609
        ],
        [
          5827.031878119,
          5827.037036903,
          0.005158780999998669,
          5827.037280453
        ],
        [
          5827.037137033,
          5827.042441506,
          0.005304570999996372,
          5827.042758426
        ],
        [
          5827.042573845,
          5827.047859329,
          0.005285569999998074,
          5827.048230899
        ],
        [
          5827.047988869,
          5827.053205252,
          0.005216422000003718,
          5827.053453742
        ],
        [
          5827.053305472,
          5827.059075444,
          0.005770048999998778,
          5827.059395603
        ],
        [
          5827.059200073,
          5827.064994375,
          0.005794429999994577,
          5827.065183074
        ],
        [
          5827.065132625,
          5827.070139979,
          0.005007421999998485,
          5827.070391568
        ],
        [
          5827.070271389,
          5827.075202783,
          0.004931542999997873,
          5827.075336413
        ],
        [
          5827.075390073,
          5827.080633425,
          0.005243440999997517,
          5827.080938095
        ],
        [
          5827.080763405,
          5827.086444567,
          0.005681279999997457,
          5827.086754925
        ],
        [
          5827.086568417,
          5827.091592921,
          0.005024573000000032,
          5827.09185298
        ],
        [
          5827.09170668,
          5827.096909273,
          0.005202701000001753,
          5827.097179212
        ],
        [
          5827.097111143,
          5827.103427493,
          0.006315787000005457,
          5827.103679372
        ],
        [
          5827.103540323,
          5827.109067005,
          0.005526729999999702,
          5827.109298484
        ],
        [
          5827.109173405,
          5827.114178189,
          0.005005313000005174,
          5827.114393398
        ],
        [
          5827.114281598,
          5827.119572132,
          0.005290590000001316,
          5827.119841381
        ],
        [
          5827.119683631,
          5827.124727635,
          0.005035982000002548,
          5827.124938356
        ],
        [
          5827.124830096,
          5827.129693721,
          0.004863683000003505,
          5827.129930329
        ],
        [
          5827.1297964,
          5827.135018244,
          0.0052218519999982504,
          5827.135239703
        ],
        [
          5827.135156663,
          5827.140598815,
          0.005442229999999881,
          5827.140799465
        ],
        [
          5827.140726495,
          5827.145768299,
          0.005041902000002096,
          5827.146071828
        ],
        [
          5827.145893238,
          5827.151011062,
          0.005117861999998752,
          5827.151299561
        ],
        [
          5827.151137882,
          5827.156372385,
          0.005234570999995469,
          5827.156686634
        ],
        [
          5827.156504295,
          5827.161663828,
          0.005159621000004222,
          5827.161985147
        ],
        [
          5827.161787227,
          5827.167434881,
          0.005647799999998426,
          5827.16757473
        ],
        [
          5827.16756604,
          5827.173311722,
          0.005745720000000176,
          5827.173535061
        ],
        [
          5827.173444471,
          5827.179362002,
          0.005917558999996686,
          5827.179568592
        ],
        [
          5827.179488912,
          5827.184689076,
          0.005200301999998658,
          5827.184836246
        ],
        [
          5827.184813746,
          5827.190110629,
          0.005297021000004065,
          5827.190287908
        ],
        [
          5827.190235848,
          5827.19573442,
          0.0054986299999981725,
          5827.19601811
        ],
        [
          5827.19585206,
          5827.201433352,
          0.005581389999996134,
          5827.201665152
        ],
        [
          5827.201541252,
          5827.206987605,
          0.005446372000001531,
          5827.207263895
        ],
        [
          5827.207116305,
          5827.212466867,
          0.0053506109999972296,
          5827.212695987
        ],
        [
          5827.212584707,
          5827.217656821,
          0.005072161999997604,
          5827.2179232
        ],
        [
          5827.217757371,
          5827.223161133,
          0.0054038910000002716,
          5827.223404143
        ],
        [
          5827.223261913,
          5827.228460176,
          0.005198340999996276,
          5827.228703806
        ],
        [
          5827.228561166,
          5827.233985209,
          0.00542417099999426,
          5827.234241829
        ],
        [
          5827.23413219,
          5827.239308033,
          0.005175811999997393,
          5827.239519742
        ],
        [
          5827.239407622,
          5827.244239617,
          0.004832082999996601,
          5827.244480166
        ],
        [
          5827.244347367,
          5827.250285878,
          0.005938569000001337,
          5827.250501197
        ],
        [
          5827.250390298,
          5827.256118929,
          0.005728709999999637,
          5827.256346178
        ],
        [
          5827.256221779,
          5827.2623837,
          0.006161917999996547,
          5827.262629799
        ],
        [
          5827.262502209,
          5827.268961189,
          0.006459117000005676,
          5827.269206828
        ],
        [
          5827.269092328,
          5827.27485495,
          0.005762620000005825,
          5827.275115109
        ],
        [
          5827.27497684,
          5827.281365908,
          0.006389168000005441,
          5827.281604389
        ],
        [
          5827.281473288,
          5827.287629089,
          0.006156048000001135,
          5827.287911948
        ],
        [
          5827.287762729,
          5827.29403174,
          0.006269127999999569,
          5827.294204819
        ],
        [
          5827.294165639,
          5827.300333729,
          0.006169898000003116,
          5827.300523988
        ],
        [
          5827.300482328,
          5827.30613533,
          0.005653129000002366,
          5827.306333149
        ],
        [
          5827.3062523,
          5827.312034602,
          0.005782369000002063,
          5827.312301221
        ],
        [
          5827.312149522,
          5827.317720304,
          0.005564752000005058,
          5827.317924983
        ],
        [
          5827.317828433,
          5827.324152774,
          0.006324367000004827,
          5827.324408713
        ],
        [
          5827.324270593,
          5827.330316214,
          0.006045739000001049,
          5827.330533423
        ],
        [
          5827.330417304,
          5827.336841433,
          0.006424256999999045,
          5827.337122803
        ],
        [
          5827.336986003,
          5827.343238712,
          0.0062527979999984495,
          5827.343370892
        ],
        [
          5827.343365662,
          5827.349022755,
          0.005657089999999698,
          5827.349284474
        ],
        [
          5827.349147205,
          5827.355122145,
          0.005975048000003369,
          5827.355380585
        ],
        [
          5827.355245485,
          5827.361134817,
          0.005889459000002262,
          5827.361320646
        ],
        [
          5827.361268247,
          5827.367509756,
          0.006242228000004957,
          5827.367737555
        ],
        [
          5827.367668615,
          5827.374313645,
          0.0066450360000018804,
          5827.374600224
        ],
        [
          5827.374434374,
          5827.380915513,
          0.006472476999995536,
          5827.381135513
        ],
        [
          5827.381204593,
          5827.387384913,
          0.006180317999998408,
          5827.387598362
        ],
        [
          5827.387491992,
          5827.393170165,
          0.005678180000003863,
          5827.393422234
        ],
        [
          5827.393276404,
          5827.399665074,
          0.006388746999995476,
          5827.399871904
        ],
        [
          5827.399778804,
          5827.405661345,
          0.005882699000004266,
          5827.406017133
        ],
        [
          5827.405799854,
          5827.412106754,
          0.006306956999999613,
          5827.412369414
        ],
        [
          5827.412235444,
          5827.418343354,
          0.006108039000004339,
          5827.418666485
        ],
        [
          5827.418473035,
          5827.425265692,
          0.0067927559999958476,
          5827.425527802
        ],
        [
          5827.425384532,
          5827.431624943,
          0.006240466999997807,
          5827.431946312
        ],
        [
          5827.431752023,
          5827.438700101,
          0.006948303999998018,
          5827.43903006
        ],
        [
          5827.43883301,
          5827.444233353,
          0.005400510999997721,
          5827.444555342
        ],
        [
          5827.444363583,
          5827.450027114,
          0.005663568999999313,
          5827.450344883
        ],
        [
          5827.450163344,
          5827.455984736,
          0.005821498999999619,
          5827.456308625
        ],
        [
          5827.456119115,
          5827.462094586,
          0.005975587999998311,
          5827.462409875
        ],
        [
          5827.462221095,
          5827.467868597,
          0.005647699999997258,
          5827.468204387
        ],
        [
          5827.468015487,
          5827.473785579,
          0.005770208999997806,
          5827.473998178
        ],
        [
          5827.473904679,
          5827.479536331,
          0.005631749999999158,
          5827.47973988
        ],
        [
          5827.4796552,
          5827.484942414,
          0.005287361000000601,
          5827.485197282
        ],
        [
          5827.485060033,
          5827.490417616,
          0.005357590999999218,
          5827.490705336
        ],
        [
          5827.490539546,
          5827.496759337,
          0.006219837999999811,
          5827.496961905
        ],
        [
          5827.496876536,
          5827.502808537,
          0.005932139000002223,
          5827.503142137
        ],
        [
          5827.502951386,
          5827.50850216,
          0.005550900999999442,
          5827.508790799
        ],
        [
          5827.508633409,
          5827.514844239,
          0.006210907999999904,
          5827.515255247
        ],
        [
          5827.514962848,
          5827.52079483,
          0.005832169999997916,
          5827.52099471
        ],
        [
          5827.52092097,
          5827.526260673,
          0.005332791000000725,
          5827.526574432
        ],
        [
          5827.526385423,
          5827.532441253,
          0.006056037999996988,
          5827.532705902
        ],
        [
          5827.532567223,
          5827.538641804,
          0.006074707999999873,
          5827.538774744
        ],
        [
          5827.538767753,
          5827.545007263,
          0.006239527000005296,
          5827.545272862
        ],
        [
          5827.545133352,
          5827.551693512,
          0.006560245999999381,
          5827.552027751
        ],
        [
          5827.551821931,
          5827.558006583,
          0.006184727000004386,
          5827.558319802
        ],
        [
          5827.558131792,
          5827.563867884,
          0.005736229000000037,
          5827.564176932
        ],
        [
          5827.563985373,
          5827.569360586,
          0.005375280999999177,
          5827.569590175
        ],
        [
          5827.569464315,
          5827.574691369,
          0.0052270810000010215,
          5827.574891209
        ],
        [
          5827.574797738,
          5827.581014099,
          0.006216426999998248,
          5827.581209729
        ],
        [
          5827.581127359,
          5827.586446712,
          0.005319481000000792,
          5827.586563712
        ],
        [
          5827.586569492,
          5827.592664323,
          0.006094958999995015,
          5827.592882002
        ],
        [
          5827.592792862,
          5827.598975213,
          0.006182538000004456,
          5827.599244501
        ],
        [
          5827.599123162,
          5827.604964183,
          0.00584097899999847,
          5827.605215473
        ],
        [
          5827.605102583,
          5827.610829055,
          0.005726590000001863,
          5827.610947004
        ],
        [
          5827.610952555,
          5827.617318344,
          0.006365897999998538,
          5827.617453955
        ],
        [
          5827.617450564,
          5827.623707544,
          0.006257158000003926,
          5827.623949063
        ],
        [
          5827.623829754,
          5827.630481753,
          0.006652225999999928,
          5827.630708312
        ],
        [
          5827.630605553,
          5827.636299794,
          0.005687869999995598,
          5827.636564663
        ],
        [
          5827.636437223,
          5827.642063876,
          0.005626788999997245,
          5827.642333344
        ],
        [
          5827.642189485,
          5827.648034797,
          0.00584537900000015,
          5827.648319106
        ],
        [
          5827.648160437,
          5827.653836408,
          0.005676049000001626,
          5827.654153877
        ],
        [
          5827.653959968,
          5827.660265619,
          0.006305756999999801,
          5827.660544378
        ],
        [
          5827.660395938,
          5827.666433479,
          0.006037667999997609,
          5827.666654367
        ],
        [
          5827.666538888,
          5827.672641179,
          0.006102388000002179,
          5827.672920298
        ],
        [
          5827.672764999,
          5827.67849807,
          0.005733149000000992,
          5827.67877802
        ],
        [
          5827.67862781,
          5827.684295682,
          0.005667899000002308,
          5827.684472191
        ],
        [
          5827.684418101,
          5827.69133326,
          0.006915286000001686,
          5827.691518599
        ]
      ]
    },
    {
      "round_index": 13,
      "map_setup_wall_s": 0.0017173950000142213,
      "map_setup_parent_cpu_s": 0.0023637990000002773,
      "result_next_wall_s": 1.5157944779994068,
      "result_next_parent_cpu_s": 0.05157773700000501,
      "serial_result_processing_wall_s": 0.011813300002359028,
      "serial_result_processing_parent_cpu_s": 0.012925380000006648,
      "worker_placement_wall_sum_s": 1.50202573700426,
      "worker_placement_cpu_sum_s": 1.5019703060000253,
      "worker_tasks": 181,
      "per_worker": {
        "20001": 181
      },
      "task_intervals": [
        [
          5828.334109633,
          5828.33488857,
          0.0007782769999948869,
          5828.335175239
        ],
        [
          5828.33507476,
          5828.343787721,
          0.008712928000001341,
          5828.344080331
        ],
        [
          5828.343947652,
          5828.352110775,
          0.008163299999999651,
          5828.352410534
        ],
        [
          5828.352261725,
          5828.3601052,
          0.007843521999994607,
          5828.360430779
        ],
        [
          5828.36023816,
          5828.368289474,
          0.0080514619999974,
          5828.368630982
        ],
        [
          5828.368434293,
          5828.376874837,
          0.008440569999997649,
          5828.377133846
        ],
        [
          5828.377128016,
          5828.386031267,
          0.008902618000000473,
          5828.386249446
        ],
        [
          5828.386151417,
          5828.394039593,
          0.007888191999995797,
          5828.394318212
        ],
        [
          5828.394151602,
          5828.402446466,
          0.008284140000000662,
          5828.402724445
        ],
        [
          5828.402577715,
          5828.410075042,
          0.007497303999997484,
          5828.41038107
        ],
        [
          5828.410214491,
          5828.418589875,
          0.008375420000000133,
          5828.418896484
        ],
        [
          5828.418728684,
          5828.427096268,
          0.008367579000001513,
          5828.427397247
        ],
        [
          5828.427230677,
          5828.435277222,
          0.008046691000004103,
          5828.435588981
        ],
        [
          5828.435418841,
          5828.444044084,
          0.00862523899999701,
          5828.444347973
        ],
        [
          5828.444179054,
          5828.452512177,
          0.008333211000000063,
          5828.452773796
        ],
        [
          5828.452634527,
          5828.46075421,
          0.008119801999995957,
          5828.46091535
        ],
        [
          5828.46091329,
          5828.469265974,
          0.008353089999999952,
          5828.469528013
        ],
        [
          5828.469404443,
          5828.477089519,
          0.007685252000001697,
          5828.477351508
        ],
        [
          5828.477220738,
          5828.485805242,
          0.008584570000003566,
          5828.485939182
        ],
        [
          5828.485929011,
          5828.493821846,
          0.007892751999996506,
          5828.494132476
        ],
        [
          5828.493932176,
          5828.50213779,
          0.00820565000000073,
          5828.502383989
        ],
        [
          5828.502250639,
          5828.509902635,
          0.0076521929999984195,
          5828.510205654
        ],
        [
          5828.510161404,
          5828.518305919,
          0.008143951000000982,
          5828.518542118
        ],
        [
          5828.518458339,
          5828.525870245,
          0.007411984000000871,
          5828.526167984
        ],
        [
          5828.526017515,
          5828.534008539,
          0.00799103199999962,
          5828.534318778
        ],
        [
          5828.534150449,
          5828.541643934,
          0.007493472999996698,
          5828.541992464
        ],
        [
          5828.541788164,
          5828.550487506,
          0.008699448999998083,
          5828.550818016
        ],
        [
          5828.550624306,
          5828.558690251,
          0.008066020000001117,
          5828.559029819
        ],
        [
          5828.558821091,
          5828.566847165,
          0.008026291000000185,
          5828.567029484
        ],
        [
          5828.566981334,
          5828.575293899,
          0.00831268000000307,
          5828.575567378
        ],
        [
          5828.575411378,
          5828.582717654,
          0.007306343999999854,
          5828.583047684
        ],
        [
          5828.582861784,
          5828.591033908,
          0.008172241000004021,
          5828.591358477
        ],
        [
          5828.591166038,
          5828.599069943,
          0.007904101000001162,
          5828.599374302
        ],
        [
          5828.599202422,
          5828.607166666,
          0.007964262000001554,
          5828.607498185
        ],
        [
          5828.607302496,
          5828.614411103,
          0.007108684000002086,
          5828.614735833
        ],
        [
          5828.614541134,
          5828.623144516,
          0.008603458000003172,
          5828.623463135
        ],
        [
          5828.623285956,
          5828.631211241,
          0.007923951999998735,
          5828.631512189
        ],
        [
          5828.63134811,
          5828.639235265,
          0.007887232000001632,
          5828.639458355
        ],
        [
          5828.639351375,
          5828.647632169,
          0.008280951000003256,
          5828.647928518
        ],
        [
          5828.647770238,
          5828.656291821,
          0.008521659000003012,
          5828.6565871
        ],
        [
          5828.65643389,
          5828.664102676,
          0.007669131999996637,
          5828.664451925
        ],
        [
          5828.664253716,
          5828.671951831,
          0.007698241999996469,
          5828.67223779
        ],
        [
          5828.672085301,
          5828.680629854,
          0.008544598999996822,
          5828.680960603
        ],
        [
          5828.680761014,
          5828.689056907,
          0.008295979999999759,
          5828.689386086
        ],
        [
          5828.689201217,
          5828.696936612,
          0.007735441999997761,
          5828.697269361
        ],
        [
          5828.697076812,
          5828.704769388,
          0.007692683000001921,
          5828.705033327
        ],
        [
          5828.704919837,
          5828.712936132,
          0.008016301000004944,
          5828.71328225
        ],
        [
          5828.713086191,
          5828.720980326,
          0.007894181000004608,
          5828.721316655
        ],
        [
          5828.721122625,
          5828.728623202,
          0.007500534000001835,
          5828.728951391
        ],
        [
          5828.728757472,
          5828.736521207,
          0.0077639410000003295,
          5828.736848246
        ],
        [
          5828.736652486,
          5828.744846781,
          0.00819426099999987,
          5828.74525718
        ],
        [
          5828.74499309,
          5828.753046844,
          0.008053799999999,
          5828.753372983
        ],
        [
          5828.753182254,
          5828.76091387,
          0.007731763000002445,
          5828.761271648
        ],
        [
          5828.761106109,
          5828.769504023,
          0.008398139999997056,
          5828.769825411
        ],
        [
          5828.769648843,
          5828.777712026,
          0.00806314199999747,
          5828.778072645
        ],
        [
          5828.777849606,
          5828.785701741,
          0.007852321999997969,
          5828.78590842
        ],
        [
          5828.78585396,
          5828.793808815,
          0.007955012000003592,
          5828.794041324
        ],
        [
          5828.793951545,
          5828.802112229,
          0.008160850999999525,
          5828.802432068
        ],
        [
          5828.802233229,
          5828.809909024,
          0.007675781999999742,
          5828.810331613
        ],
        [
          5828.810092444,
          5828.817986958,
          0.007894391000000667,
          5828.818322357
        ],
        [
          5828.818124468,
          5828.826265352,
          0.008140871000001937,
          5828.826505801
        ],
        [
          5828.826400371,
          5828.834669406,
          0.008269290000001206,
          5828.834920525
        ],
        [
          5828.834802856,
          5828.8426143,
          0.007811262999993573,
          5828.84290127
        ],
        [
          5828.84274284,
          5828.851590922,
          0.00884805900000174,
          5828.851931351
        ],
        [
          5828.851724002,
          5828.859842456,
          0.008118551000002583,
          5828.860280104
        ],
        [
          5828.859967316,
          5828.868620578,
          0.008646259000002487,
          5828.868936957
        ],
        [
          5828.868761308,
          5828.877059982,
          0.008298719000002563,
          5828.877369561
        ],
        [
          5828.877194041,
          5828.885764923,
          0.008570980000001782,
          5828.886061313
        ],
        [
          5828.885892473,
          5828.893371899,
          0.0074794829999973445,
          5828.893676449
        ],
        [
          5828.893504099,
          5828.901973483,
          0.008469489999995972,
          5828.902293431
        ],
        [
          5828.902116612,
          5828.909939997,
          0.007823432000002128,
          5828.910266826
        ],
        [
          5828.910097557,
          5828.917613693,
          0.0075161340000065024,
          5828.917772873
        ],
        [
          5828.917749162,
          5828.925690177,
          0.007941232000000298,
          5828.926070826
        ],
        [
          5828.925807316,
          5828.933435772,
          0.007628642000000241,
          5828.933760242
        ],
        [
          5828.933580742,
          5828.941392448,
          0.0078117620000028865,
          5828.941687567
        ],
        [
          5828.941515558,
          5828.949801991,
          0.008286591000000953,
          5828.95011241
        ],
        [
          5828.94992836,
          5828.957449827,
          0.0075215439999993805,
          5828.957749215
        ],
        [
          5828.957583876,
          5828.964998292,
          0.007421612999998217,
          5828.965166172
        ],
        [
          5828.965134902,
          5828.973851085,
          0.008716149000001394,
          5828.974163484
        ],
        [
          5828.973986235,
          5828.982662667,
          0.008676529000005928,
          5828.982994975
        ],
        [
          5828.982794286,
          5828.99076619,
          0.0079719109999985,
          5828.991095961
        ],
        [
          5828.99089802,
          5828.998270797,
          0.0073730239999960645,
          5828.998526977
        ],
        [
          5828.998412887,
          5829.006987799,
          0.008574929000005227,
          5829.007311609
        ],
        [
          5829.007129149,
          5829.015608842,
          0.008479739999998515,
          5829.015933011
        ],
        [
          5829.015770682,
          5829.024651534,
          0.008880956999995249,
          5829.024853603
        ],
        [
          5829.024788343,
          5829.032305469,
          0.007517352999997229,
          5829.032562298
        ],
        [
          5829.032438439,
          5829.040813893,
          0.008375499999999647,
          5829.041127571
        ],
        [
          5829.040927772,
          5829.048985637,
          0.008057911000001639,
          5829.050097313
        ],
        [
          5829.049129826,
          5829.057657269,
          0.008523890000006418,
          5829.057923278
        ],
        [
          5829.057815098,
          5829.066133152,
          0.008317940999994278,
          5829.066413111
        ],
        [
          5829.066282462,
          5829.074845395,
          0.008562988999997856,
          5829.075131483
        ],
        [
          5829.075048334,
          5829.083123359,
          0.008074531000005436,
          5829.083390298
        ],
        [
          5829.083269188,
          5829.091251752,
          0.007982521000002407,
          5829.091494152
        ],
        [
          5829.091406912,
          5829.099948115,
          0.00854131899999544,
          5829.100230203
        ],
        [
          5829.100109184,
          5829.108217249,
          0.00810800100000364,
          5829.108481998
        ],
        [
          5829.108362658,
          5829.116506703,
          0.008143939999996519,
          5829.116779522
        ],
        [
          5829.116660222,
          5829.124092679,
          0.007432522999998525,
          5829.124369427
        ],
        [
          5829.124233458,
          5829.132614851,
          0.00838135000000051,
          5829.132843451
        ],
        [
          5829.132759281,
          5829.141713532,
          0.008954277000000843,
          5829.141990402
        ],
        [
          5829.141860602,
          5829.149491427,
          0.007630792000000497,
          5829.149716497
        ],
        [
          5829.149646187,
          5829.157600453,
          0.007954271999999207,
          5829.157864632
        ],
        [
          5829.157747142,
          5829.165106949,
          0.007359793999995645,
          5829.165377358
        ],
        [
          5829.165259589,
          5829.174211229,
          0.008944087999999795,
          5829.174477139
        ],
        [
          5829.174367399,
          5829.181574806,
          0.007207453999996005,
          5829.181838195
        ],
        [
          5829.181721145,
          5829.189222772,
          0.007501644000001306,
          5829.189487441
        ],
        [
          5829.189370892,
          5829.197158596,
          0.007787771999993254,
          5829.197391276
        ],
        [
          5829.197298096,
          5829.204712003,
          0.007413773999999762,
          5829.204933703
        ],
        [
          5829.204864673,
          5829.212955877,
          0.008091260999997019,
          5829.213225036
        ],
        [
          5829.213114577,
          5829.221285911,
          0.008171391000004746,
          5829.22143854
        ],
        [
          5829.22143197,
          5829.229680524,
          0.008248681000004865,
          5829.229987723
        ],
        [
          5829.229840994,
          5829.237996747,
          0.008155829999999753,
          5829.238228257
        ],
        [
          5829.238141887,
          5829.245594943,
          0.007453052999998988,
          5829.245834822
        ],
        [
          5829.245739213,
          5829.253352969,
          0.007613783000003593,
          5829.253616458
        ],
        [
          5829.253499398,
          5829.260954765,
          0.007455384000003562,
          5829.261200584
        ],
        [
          5829.261125814,
          5829.269074699,
          0.0079488919999946,
          5829.269342638
        ],
        [
          5829.269226388,
          5829.276652504,
          0.0074261429999964435,
          5829.276913843
        ],
        [
          5829.276798024,
          5829.285552547,
          0.008755039000000409,
          5829.285892235
        ],
        [
          5829.285755986,
          5829.295063617,
          0.009308746999998618,
          5829.295276196
        ],
        [
          5829.295231996,
          5829.303135801,
          0.007894432000000506,
          5829.30333949
        ],
        [
          5829.303279531,
          5829.312513071,
          0.009233566999995446,
          5829.312770521
        ],
        [
          5829.312633531,
          5829.322063252,
          0.009429767000000311,
          5829.32239488
        ],
        [
          5829.322218561,
          5829.330983683,
          0.008765148999998473,
          5829.331198032
        ],
        [
          5829.331128552,
          5829.339900595,
          0.008772009000004743,
          5829.340197434
        ],
        [
          5829.340118254,
          5829.349696584,
          0.009577794999998446,
          5829.349976143
        ],
        [
          5829.349825473,
          5829.359218683,
          0.009393376999994985,
          5829.359509393
        ],
        [
          5829.359361463,
          5829.368458053,
          0.009096587000001932,
          5829.368799103
        ],
        [
          5829.368602503,
          5829.378075674,
          0.009467536000002497,
          5829.378417272
        ],
        [
          5829.378196353,
          5829.387357104,
          0.00916080700000066,
          5829.387645893
        ],
        [
          5829.387480794,
          5829.396253905,
          0.008773198000000093,
          5829.396549805
        ],
        [
          5829.396370386,
          5829.405659156,
          0.009288967000003368,
          5829.405931625
        ],
        [
          5829.405783315,
          5829.416111613,
          0.010328323000003081,
          5829.416439922
        ],
        [
          5829.416256092,
          5829.424789055,
          0.008533019000005027,
          5829.425140864
        ],
        [
          5829.424923355,
          5829.433297628,
          0.008364561000000492,
          5829.433633467
        ],
        [
          5829.433437638,
          5829.442143891,
          0.008706318000001545,
          5829.44247031
        ],
        [
          5829.44228065,
          5829.451099951,
          0.0088194690000023,
          5829.451430142
        ],
        [
          5829.451244492,
          5829.459954284,
          0.00870986900000048,
          5829.460286633
        ],
        [
          5829.460102274,
          5829.468850646,
          0.00874843900000144,
          5829.469201465
        ],
        [
          5829.468997195,
          5829.477418368,
          0.008421249999997826,
          5829.477744327
        ],
        [
          5829.477560528,
          5829.486049492,
          0.008488999000000774,
          5829.48637378
        ],
        [
          5829.486182191,
          5829.495625141,
          0.009443027000003212,
          5829.49596445
        ],
        [
          5829.49576001,
          5829.504908392,
          0.009148506999999029,
          5829.5052687
        ],
        [
          5829.505057141,
          5829.513647754,
          0.008590618999996025,
          5829.513985293
        ],
        [
          5829.513792193,
          5829.523403643,
          0.009611514999996018,
          5829.523600213
        ],
        [
          5829.523545043,
          5829.533332831,
          0.009787955000000181,
          5829.533529881
        ],
        [
          5829.533471662,
          5829.542373282,
          0.008901688000001684,
          5829.542699761
        ],
        [
          5829.542516392,
          5829.551162255,
          0.008645858999997813,
          5829.551492134
        ],
        [
          5829.551297605,
          5829.559732687,
          0.008435129999995183,
          5829.560028926
        ],
        [
          5829.559865347,
          5829.56849555,
          0.008630239000005702,
          5829.56869177
        ],
        [
          5829.56863356,
          5829.577884889,
          0.009251335999998389,
          5829.578091979
        ],
        [
          5829.578106769,
          5829.587692669,
          0.009585235999999497,
          5829.587962077
        ],
        [
          5829.587809578,
          5829.597467788,
          0.009658344999998292,
          5829.597736097
        ],
        [
          5829.597603978,
          5829.607304656,
          0.009700674000001186,
          5829.607628695
        ],
        [
          5829.607454986,
          5829.617483235,
          0.010028304999998738,
          5829.617816103
        ],
        [
          5829.617620594,
          5829.626747715,
          0.0091271670000026,
          5829.626918834
        ],
        [
          5829.626890194,
          5829.635773747,
          0.008883699000001855,
          5829.636095906
        ],
        [
          5829.635933586,
          5829.645266166,
          0.009333145999995907,
          5829.645546656
        ],
        [
          5829.645418556,
          5829.65356159,
          0.008143040000000212,
          5829.65385568
        ],
        [
          5829.65369752,
          5829.663056351,
          0.009358826000003262,
          5829.66331227
        ],
        [
          5829.66319739,
          5829.671564533,
          0.008367270000000815,
          5829.671896022
        ],
        [
          5829.671709332,
          5829.679755677,
          0.008046460999999283,
          5829.680013136
        ],
        [
          5829.679879857,
          5829.687759002,
          0.007872661000000392,
          5829.688125591
        ],
        [
          5829.687893512,
          5829.695860467,
          0.007966871000000708,
          5829.696086666
        ],
        [
          5829.696012616,
          5829.705038117,
          0.009025488000006021,
          5829.705352837
        ],
        [
          5829.705181467,
          5829.71379357,
          0.008612069999998084,
          5829.714132688
        ],
        [
          5829.713928209,
          5829.72313754,
          0.009209427000001824,
          5829.723477309
        ],
        [
          5829.723275209,
          5829.732377511,
          0.009102486999999826,
          5829.732678
        ],
        [
          5829.73252804,
          5829.741140243,
          0.008612177999999915,
          5829.741468622
        ],
        [
          5829.741274982,
          5829.749704805,
          0.008419830000001127,
          5829.749966375
        ],
        [
          5829.749832216,
          5829.758547068,
          0.008714888999996617,
          5829.758818587
        ],
        [
          5829.758659537,
          5829.767291901,
          0.008632458999997539,
          5829.76755292
        ],
        [
          5829.76741662,
          5829.775766343,
          0.008349780000003193,
          5829.776073892
        ],
        [
          5829.775875562,
          5829.784181736,
          0.008306240000003129,
          5829.784502845
        ],
        [
          5829.784299215,
          5829.79275846,
          0.008459279000000208,
          5829.793029719
        ],
        [
          5829.792873369,
          5829.800830574,
          0.00795770199999879,
          5829.801111633
        ],
        [
          5829.800944823,
          5829.809361226,
          0.008416580000002227,
          5829.809633886
        ],
        [
          5829.809476926,
          5829.81787648,
          0.008399570000001688,
          5829.818098169
        ],
        [
          5829.818114309,
          5829.827112771,
          0.008997817999997437,
          5829.82735657
        ],
        [
          5829.82723815,
          5829.83648527,
          0.009247297000001709,
          5829.836804689
        ],
        [
          5829.836625009,
          5829.845217043,
          0.008592089000003966,
          5829.845536482
        ],
        [
          5829.845344913,
          5829.853049568,
          0.007704631999999378,
          5829.853218308
        ],
        [
          5829.853190457,
          5829.86181877,
          0.008628458000004002,
          5829.86204977
        ]
      ]
    },
    {
      "round_index": 14,
      "map_setup_wall_s": 0.002255033000437834,
      "map_setup_parent_cpu_s": 0.003117020000000359,
      "result_next_wall_s": 1.7677416209990042,
      "result_next_parent_cpu_s": 0.055364178999997016,
      "serial_result_processing_wall_s": 0.008939496995481022,
      "serial_result_processing_parent_cpu_s": 0.009289582999996604,
      "worker_placement_wall_sum_s": 1.7499480309979845,
      "worker_placement_cpu_sum_s": 1.7498319509999334,
      "worker_tasks": 181,
      "per_worker": {
        "20001": 181
      },
      "task_intervals": [
        [
          5830.50876277,
          5830.509690487,
          0.0008617370000010283,
          5830.510233155
        ],
        [
          5830.509845956,
          5830.520449382,
          0.010603702000004489,
          5830.520600822
        ],
        [
          5830.520605522,
          5830.529664333,
          0.00905891699999728,
          5830.529957403
        ],
        [
          5830.529810143,
          5830.538620185,
          0.00881022800000153,
          5830.538912875
        ],
        [
          5830.538750645,
          5830.548328904,
          0.009578755999996247,
          5830.548582994
        ],
        [
          5830.548486773,
          5830.557289156,
          0.008802389000003075,
          5830.557572865
        ],
        [
          5830.557451365,
          5830.567294824,
          0.009844454999999641,
          5830.567484713
        ],
        [
          5830.567474124,
          5830.576957923,
          0.009483885999998165,
          5830.577272433
        ],
        [
          5830.577147653,
          5830.586097105,
          0.008949488000006056,
          5830.586367504
        ],
        [
          5830.586259185,
          5830.595551554,
          0.009292555999998342,
          5830.595824404
        ],
        [
          5830.595707843,
          5830.604755035,
          0.009047336999998379,
          5830.605059164
        ],
        [
          5830.604909415,
          5830.614582354,
          0.00967303499999872,
          5830.614828934
        ],
        [
          5830.614733694,
          5830.624880702,
          0.010147013000000982,
          5830.62517287
        ],
        [
          5830.62512849,
          5830.63498655,
          0.009858096000002092,
          5830.635314538
        ],
        [
          5830.635200138,
          5830.646300664,
          0.011100650000003043,
          5830.646637262
        ],
        [
          5830.646469663,
          5830.655603174,
          0.009133697999999413,
          5830.655945104
        ],
        [
          5830.655747574,
          5830.665964312,
          0.010216893999995591,
          5830.666150701
        ],
        [
          5830.666145391,
          5830.675459462,
          0.009313996999999574,
          5830.675701091
        ],
        [
          5830.675608121,
          5830.684609262,
          0.00900122800000247,
          5830.684856681
        ],
        [
          5830.684756781,
          5830.695081528,
          0.010324862999993911,
          5830.695378528
        ],
        [
          5830.695233478,
          5830.704494659,
          0.009261296999994784,
          5830.704809648
        ],
        [
          5830.704656169,
          5830.71355479,
          0.008898647999998843,
          5830.71384034
        ],
        [
          5830.71371514,
          5830.724317107,
          0.010602211999994893,
          5830.724612855
        ],
        [
          5830.724478115,
          5830.733956556,
          0.00947857599999935,
          5830.734280264
        ],
        [
          5830.734124225,
          5830.743902914,
          0.009778576000002204,
          5830.744160993
        ],
        [
          5830.744117933,
          5830.753951813,
          0.00983340500000196,
          5830.754221052
        ],
        [
          5830.754121042,
          5830.763185233,
          0.009063916999998867,
          5830.763444563
        ],
        [
          5830.763350273,
          5830.772261944,
          0.008911748000002717,
          5830.772417415
        ],
        [
          5830.772419844,
          5830.781486635,
          0.009067107999996438,
          5830.781765614
        ],
        [
          5830.781641794,
          5830.791285184,
          0.00964357599999488,
          5830.791529163
        ],
        [
          5830.791431794,
          5830.801452942,
          0.01002113499999524,
          5830.801713051
        ],
        [
          5830.801610711,
          5830.810642873,
          0.009032148000002849,
          5830.810918002
        ],
        [
          5830.810796862,
          5830.820300083,
          0.009503246000001297,
          5830.820583202
        ],
        [
          5830.820456372,
          5830.829763802,
          0.009307646999999974,
          5830.830066532
        ],
        [
          5830.829929372,
          5830.839541761,
          0.00961239600000141,
          5830.839811241
        ],
        [
          5830.839696891,
          5830.84939897,
          0.00970226499999427,
          5830.849678459
        ],
        [
          5830.8495555,
          5830.85891598,
          0.009360465999996848,
          5830.859219628
        ],
        [
          5830.859211279,
          5830.870808072,
          0.011596349000001283,
          5830.871132581
        ],
        [
          5830.871029522,
          5830.881539508,
          0.010510032999995644,
          5830.881827787
        ],
        [
          5830.881699347,
          5830.891064408,
          0.009365076999998223,
          5830.891317677
        ],
        [
          5830.891217357,
          5830.901031306,
          0.009814175000002479,
          5830.901283665
        ],
        [
          5830.901187975,
          5830.910184547,
          0.008996458999995127,
          5830.910459317
        ],
        [
          5830.910341337,
          5830.919362778,
          0.009021626999995647,
          5830.919516978
        ],
        [
          5830.919521358,
          5830.929078697,
          0.009557596000000501,
          5830.929354147
        ],
        [
          5830.929236258,
          5830.939899253,
          0.010662832999997818,
          5830.940202682
        ],
        [
          5830.940151463,
          5830.949585613,
          0.009433336000000736,
          5830.949863212
        ],
        [
          5830.949739072,
          5830.958716333,
          0.008977317999999457,
          5830.959170292
        ],
        [
          5830.958874652,
          5830.96958813,
          0.010714042000003587,
          5830.970012558
        ],
        [
          5830.969764398,
          5830.980203156,
          0.010438862999997411,
          5830.980566274
        ],
        [
          5830.980357445,
          5830.989961954,
          0.009604535999997665,
          5830.990341063
        ],
        [
          5830.990124384,
          5831.000282681,
          0.010158953000001247,
          5831.000510581
        ],
        [
          5831.000456511,
          5831.010774768,
          0.010318322999999907,
          5831.011145837
        ],
        [
          5831.010922598,
          5831.020443208,
          0.009520814999994798,
          5831.020806287
        ],
        [
          5831.020591967,
          5831.030729785,
          0.0101308830000022,
          5831.031102663
        ],
        [
          5831.030899124,
          5831.040235595,
          0.00933683699999932,
          5831.040590373
        ],
        [
          5831.040378025,
          5831.050100194,
          0.009722214999996481,
          5831.050445762
        ],
        [
          5831.050239043,
          5831.059511614,
          0.009272756999997966,
          5831.059866893
        ],
        [
          5831.059656873,
          5831.070301739,
          0.010645050999997352,
          5831.070644338
        ],
        [
          5831.070451129,
          5831.079466791,
          0.009015767999997593,
          5831.07980522
        ],
        [
          5831.07960815,
          5831.088931691,
          0.009323567000002697,
          5831.08927398
        ],
        [
          5831.08907724,
          5831.098394911,
          0.009318157999999244,
          5831.09872499
        ],
        [
          5831.09855871,
          5831.10802452,
          0.009465975999994214,
          5831.108363898
        ],
        [
          5831.108167299,
          5831.118034638,
          0.00986728499999856,
          5831.118372728
        ],
        [
          5831.118174058,
          5831.127598478,
          0.009424955999996598,
          5831.127892317
        ],
        [
          5831.127734877,
          5831.137354707,
          0.009620036000001164,
          5831.137701476
        ],
        [
          5831.137508157,
          5831.146879177,
          0.009370955999997932,
          5831.147207616
        ],
        [
          5831.147115507,
          5831.156470077,
          0.009354096999999229,
          5831.156747166
        ],
        [
          5831.156620726,
          5831.166602885,
          0.009982374999999877,
          5831.166770124
        ],
        [
          5831.166868044,
          5831.176066595,
          0.00919848700000614,
          5831.176431803
        ],
        [
          5831.176203535,
          5831.186329132,
          0.01012608399999948,
          5831.186494311
        ],
        [
          5831.186471831,
          5831.195669503,
          0.009197947000004092,
          5831.195854062
        ],
        [
          5831.195822733,
          5831.2059661,
          0.010143473000006509,
          5831.206319769
        ],
        [
          5831.206127829,
          5831.21505884,
          0.008931148000002054,
          5831.2154212
        ],
        [
          5831.21520792,
          5831.225396628,
          0.010181894000005798,
          5831.225730227
        ],
        [
          5831.225524878,
          5831.234671318,
          0.009146858000001146,
          5831.235097037
        ],
        [
          5831.234815338,
          5831.244059239,
          0.009244046999995703,
          5831.244378728
        ],
        [
          5831.244250579,
          5831.255209024,
          0.010958311000003107,
          5831.255555833
        ],
        [
          5831.255359684,
          5831.264774533,
          0.009415036000000043,
          5831.265159073
        ],
        [
          5831.264921442,
          5831.27544763,
          0.010526352999995936,
          5831.275789579
        ],
        [
          5831.27559928,
          5831.28504879,
          0.009441985999998792,
          5831.285387758
        ],
        [
          5831.285188709,
          5831.294580328,
          0.009392257000001791,
          5831.294865118
        ],
        [
          5831.294722178,
          5831.304148829,
          0.00942664599999432,
          5831.304488857
        ],
        [
          5831.304296378,
          5831.313756138,
          0.009459855999999434,
          5831.314113127
        ],
        [
          5831.313897887,
          5831.323167918,
          0.009270275999995192,
          5831.323504537
        ],
        [
          5831.323307138,
          5831.333602095,
          0.010295292999998651,
          5831.333963944
        ],
        [
          5831.333761084,
          5831.343320914,
          0.009559856999999283,
          5831.343662073
        ],
        [
          5831.343470784,
          5831.352189916,
          0.008719218999999612,
          5831.352530276
        ],
        [
          5831.352329977,
          5831.362117415,
          0.009787656000000311,
          5831.362400254
        ],
        [
          5831.362253645,
          5831.372017213,
          0.009764085000000478,
          5831.372346073
        ],
        [
          5831.372161093,
          5831.38248317,
          0.010322423000005188,
          5831.382821389
        ],
        [
          5831.38262975,
          5831.39213885,
          0.00950920599999705,
          5831.392354079
        ],
        [
          5831.392279859,
          5831.401905029,
          0.00962549500000165,
          5831.402296138
        ],
        [
          5831.402068099,
          5831.411470698,
          0.009392405999996356,
          5831.411817297
        ],
        [
          5831.411624397,
          5831.42041862,
          0.008794448999999815,
          5831.4206241
        ],
        [
          5831.42056846,
          5831.43002384,
          0.009455876000004082,
          5831.430366329
        ],
        [
          5831.430172339,
          5831.43970678,
          0.009534506000001386,
          5831.440052048
        ],
        [
          5831.439860349,
          5831.449399078,
          0.009538915000000259,
          5831.449736888
        ],
        [
          5831.449540628,
          5831.459608996,
          0.01006896399999846,
          5831.459797216
        ],
        [
          5831.459751045,
          5831.469322855,
          0.009571854999997242,
          5831.469662274
        ],
        [
          5831.469466435,
          5831.479220184,
          0.00974028599999599,
          5831.479553233
        ],
        [
          5831.479369134,
          5831.489998,
          0.010635522000001174,
          5831.490348808
        ],
        [
          5831.490148239,
          5831.499700129,
          0.009552196000001345,
          5831.500044748
        ],
        [
          5831.499853418,
          5831.509163999,
          0.009310657000000333,
          5831.509505318
        ],
        [
          5831.509317448,
          5831.518687818,
          0.009370306000000994,
          5831.519063668
        ],
        [
          5831.518828688,
          5831.528419538,
          0.009591186000001528,
          5831.528607167
        ],
        [
          5831.528574987,
          5831.538168776,
          0.009593734999995718,
          5831.538373986
        ],
        [
          5831.538319466,
          5831.547981265,
          0.0096617359999982,
          5831.548321335
        ],
        [
          5831.548135825,
          5831.556890038,
          0.00875429900000313,
          5831.557198867
        ],
        [
          5831.557125347,
          5831.566494158,
          0.009368477000002429,
          5831.566803917
        ],
        [
          5831.566632677,
          5831.576294076,
          0.009661614999998847,
          5831.576515235
        ],
        [
          5831.576465536,
          5831.586022365,
          0.00955667600000254,
          5831.586346744
        ],
        [
          5831.586166695,
          5831.595815534,
          0.00964947599999988,
          5831.596051244
        ],
        [
          5831.595974264,
          5831.605468983,
          0.009494835999994677,
          5831.605776532
        ],
        [
          5831.605610173,
          5831.615174123,
          0.009563995000000602,
          5831.615452022
        ],
        [
          5831.615374232,
          5831.62549116,
          0.010116983999999718,
          5831.625830658
        ],
        [
          5831.625629019,
          5831.636183306,
          0.010554581999997481,
          5831.636374596
        ],
        [
          5831.636356316,
          5831.646764503,
          0.010408552999997767,
          5831.646987442
        ],
        [
          5831.646922652,
          5831.656477352,
          0.009554755999999998,
          5831.656747451
        ],
        [
          5831.656616341,
          5831.667255827,
          0.0106334020000034,
          5831.667563377
        ],
        [
          5831.667407527,
          5831.677035967,
          0.009628395999996542,
          5831.677301606
        ],
        [
          5831.677163776,
          5831.686929876,
          0.009766215999995609,
          5831.687262554
        ],
        [
          5831.687098005,
          5831.696545275,
          0.009447716000003936,
          5831.696893594
        ],
        [
          5831.696703125,
          5831.706646013,
          0.009943134000003795,
          5831.706857652
        ],
        [
          5831.706796153,
          5831.717233679,
          0.010437511999995763,
          5831.717591878
        ],
        [
          5831.717397188,
          5831.727271877,
          0.009874925000005419,
          5831.727509216
        ],
        [
          5831.727413287,
          5831.736953686,
          0.009531854999998757,
          5831.737334765
        ],
        [
          5831.737129276,
          5831.746605596,
          0.009476376000002062,
          5831.746953245
        ],
        [
          5831.746751166,
          5831.755985366,
          0.00923432699999438,
          5831.756338665
        ],
        [
          5831.756144636,
          5831.766138825,
          0.009994593999998358,
          5831.766509893
        ],
        [
          5831.766284254,
          5831.776106883,
          0.009822794999998052,
          5831.776457781
        ],
        [
          5831.776253253,
          5831.785404024,
          0.009151046999996026,
          5831.785755732
        ],
        [
          5831.785558653,
          5831.796568638,
          0.011010881000004247,
          5831.796852467
        ],
        [
          5831.796729117,
          5831.806856445,
          0.010127803999999685,
          5831.807183864
        ],
        [
          5831.807010715,
          5831.816934833,
          0.0099242739999994,
          5831.817283872
        ],
        [
          5831.817093003,
          5831.826203084,
          0.009110427999999615,
          5831.826488663
        ],
        [
          5831.826356874,
          5831.835499915,
          0.009143108000003508,
          5831.835843953
        ],
        [
          5831.835645324,
          5831.845137095,
          0.009491906000000938,
          5831.845480783
        ],
        [
          5831.845280044,
          5831.854164105,
          0.008884207999997784,
          5831.854502824
        ],
        [
          5831.854312394,
          5831.863989254,
          0.009677365999998244,
          5831.864360382
        ],
        [
          5831.864139954,
          5831.874287611,
          0.010147663000005025,
          5831.87462853
        ],
        [
          5831.874433341,
          5831.885031638,
          0.010598301999998228,
          5831.885372547
        ],
        [
          5831.885176757,
          5831.894944797,
          0.009768995999998253,
          5831.895240736
        ],
        [
          5831.895108196,
          5831.904677666,
          0.00956952500000341,
          5831.905025545
        ],
        [
          5831.904819195,
          5831.914164565,
          0.009345527000000686,
          5831.914502964
        ],
        [
          5831.914307855,
          5831.923891654,
          0.009583886000001485,
          5831.924180733
        ],
        [
          5831.924123673,
          5831.934006572,
          0.00988249499999938,
          5831.934289561
        ],
        [
          5831.934156912,
          5831.943569912,
          0.009412976000000128,
          5831.943855771
        ],
        [
          5831.943730511,
          5831.953131732,
          0.009401216000000545,
          5831.95342326
        ],
        [
          5831.953291541,
          5831.962211923,
          0.008920977999999025,
          5831.962519872
        ],
        [
          5831.962389012,
          5831.97261665,
          0.010227854000000036,
          5831.972931889
        ],
        [
          5831.972783279,
          5831.981906111,
          0.00912270799999959,
          5831.98214845
        ],
        [
          5831.98213976,
          5831.992113309,
          0.009973344999998801,
          5831.992329248
        ],
        [
          5831.992271468,
          5832.002467325,
          0.010196374000003061,
          5832.002819024
        ],
        [
          5832.002617495,
          5832.011921655,
          0.009304197000005843,
          5832.012280465
        ],
        [
          5832.012085795,
          5832.022135703,
          0.010049993999999174,
          5832.022476772
        ],
        [
          5832.022278382,
          5832.032069731,
          0.009791724999999474,
          5832.03243235
        ],
        [
          5832.032221351,
          5832.04199348,
          0.009772234999999796,
          5832.042294719
        ],
        [
          5832.04214307,
          5832.051284431,
          0.00913202699999971,
          5832.0516248
        ],
        [
          5832.051426281,
          5832.061688978,
          0.010263084000001754,
          5832.062061507
        ],
        [
          5832.061843648,
          5832.071381458,
          0.009537916999995844,
          5832.071768886
        ],
        [
          5832.071537477,
          5832.081100346,
          0.009563024999998504,
          5832.081462855
        ],
        [
          5832.081251386,
          5832.091143574,
          0.009892254000000378,
          5832.091526403
        ],
        [
          5832.091306644,
          5832.10182843,
          0.01052210299999956,
          5832.102214779
        ],
        [
          5832.10201546,
          5832.111712959,
          0.00969763500000198,
          5832.112093408
        ],
        [
          5832.111864318,
          5832.121713638,
          0.009842595999998593,
          5832.121926377
        ],
        [
          5832.121864897,
          5832.132032434,
          0.01016767299999799,
          5832.132259154
        ],
        [
          5832.132193604,
          5832.142257572,
          0.010064004000000182,
          5832.142475872
        ],
        [
          5832.142414052,
          5832.151886662,
          0.009472635999998147,
          5832.15228059
        ],
        [
          5832.152158521,
          5832.162073599,
          0.009914944999998454,
          5832.162409948
        ],
        [
          5832.162237459,
          5832.172512066,
          0.010274902999995561,
          5832.172868625
        ],
        [
          5832.172664645,
          5832.184378988,
          0.01170810700000402,
          5832.184714918
        ],
        [
          5832.184524478,
          5832.194882215,
          0.01035833299999922,
          5832.195203324
        ],
        [
          5832.195098065,
          5832.205530991,
          0.010432723000000976,
          5832.205829201
        ],
        [
          5832.205663792,
          5832.216642606,
          0.010978930000000275,
          5832.217035415
        ],
        [
          5832.216797876,
          5832.226659465,
          0.009861663999998882,
          5832.226951793
        ],
        [
          5832.226808364,
          5832.236976712,
          0.010168344000000218,
          5832.2373243
        ],
        [
          5832.237132601,
          5832.247775038,
          0.010642401999994888,
          5832.248188557
        ],
        [
          5832.247918078,
          5832.257703446,
          0.009785505000003525,
          5832.258075306
        ],
        [
          5832.257860306,
          5832.267019717,
          0.009159786999994424,
          5832.267369145
        ],
        [
          5832.267169876,
          5832.276858166,
          0.009688596000003713,
          5832.277090305
        ],
        [
          5832.277023355,
          5832.287480452,
          0.010457211999998606,
          5832.287674621
        ]
      ]
    },
    {
      "round_index": 15,
      "map_setup_wall_s": 0.001292116000513488,
      "map_setup_parent_cpu_s": 0.0017857640000000785,
      "result_next_wall_s": 1.8585568529942975,
      "result_next_parent_cpu_s": 0.05603684499999684,
      "serial_result_processing_wall_s": 0.008373750002647284,
      "serial_result_processing_parent_cpu_s": 0.008635959999995002,
      "worker_placement_wall_sum_s": 1.8378725239917912,
      "worker_placement_cpu_sum_s": 1.8377892160000187,
      "worker_tasks": 181,
      "per_worker": {
        "20001": 181
      },
      "task_intervals": [
        [
          5833.003812261,
          5833.004810368,
          0.0009973970000061172,
          5833.005011028
        ],
        [
          5833.004956378,
          5833.014886536,
          0.009930404999998643,
          5833.015070196
        ],
        [
          5833.015076246,
          5833.024874785,
          0.009798795000001803,
          5833.025208374
        ],
        [
          5833.025120024,
          5833.035697981,
          0.010577892000000588,
          5833.0358482
        ],
        [
          5833.03592432,
          5833.045931088,
          0.010004804000004697,
          5833.046262467
        ],
        [
          5833.046114427,
          5833.055430078,
          0.009316507000001195,
          5833.055721227
        ],
        [
          5833.055598197,
          5833.065143527,
          0.009545766000002232,
          5833.065443306
        ],
        [
          5833.065308767,
          5833.076171521,
          0.010862901000002978,
          5833.07646338
        ],
        [
          5833.076336181,
          5833.085670112,
          0.009334426999998868,
          5833.08598521
        ],
        [
          5833.085834611,
          5833.095388181,
          0.009553836000002036,
          5833.09571882
        ],
        [
          5833.09556758,
          5833.105292989,
          0.00972577600000335,
          5833.105478849
        ],
        [
          5833.105465939,
          5833.115278138,
          0.0098120549999976,
          5833.115580787
        ],
        [
          5833.115438777,
          5833.125384776,
          0.009946243999998217,
          5833.125713925
        ],
        [
          5833.125564765,
          5833.135238375,
          0.009673784999996826,
          5833.135525714
        ],
        [
          5833.135401964,
          5833.144479256,
          0.009077288000000294,
          5833.144759155
        ],
        [
          5833.144639405,
          5833.154409605,
          0.009770414999998422,
          5833.154594193
        ],
        [
          5833.154588444,
          5833.164204423,
          0.009615955000001009,
          5833.164490153
        ],
        [
          5833.164370342,
          5833.174067572,
          0.009697334999998475,
          5833.174357311
        ],
        [
          5833.174230071,
          5833.183701641,
          0.009471625999999844,
          5833.1839906
        ],
        [
          5833.183858011,
          5833.193026171,
          0.009168336999998417,
          5833.193219181
        ],
        [
          5833.193202221,
          5833.202409582,
          0.00920728699999529,
          5833.202687191
        ],
        [
          5833.202566752,
          5833.213357787,
          0.010791110999996079,
          5833.213608717
        ],
        [
          5833.213514527,
          5833.222667117,
          0.009153118000000404,
          5833.222993867
        ],
        [
          5833.222846927,
          5833.233106764,
          0.010259822999998391,
          5833.233400504
        ],
        [
          5833.233269884,
          5833.242833373,
          0.009563636999999403,
          5833.243176863
        ],
        [
          5833.243009903,
          5833.253293041,
          0.01028341300000335,
          5833.253475911
        ],
        [
          5833.25345888,
          5833.263978897,
          0.010520423000002666,
          5833.264299816
        ],
        [
          5833.264157626,
          5833.274546463,
          0.010378963999997382,
          5833.274795043
        ],
        [
          5833.274699763,
          5833.284387482,
          0.009687705000004598,
          5833.284673391
        ],
        [
          5833.284549181,
          5833.294952688,
          0.010404143000002364,
          5833.295167927
        ],
        [
          5833.295151067,
          5833.304735068,
          0.00958386599999983,
          5833.305030516
        ],
        [
          5833.304899967,
          5833.314813356,
          0.009913494000002743,
          5833.315116915
        ],
        [
          5833.314981385,
          5833.325583982,
          0.010603371999998501,
          5833.325900961
        ],
        [
          5833.325762131,
          5833.335142991,
          0.00937432700000329,
          5833.33551376
        ],
        [
          5833.33530226,
          5833.344476302,
          0.009174147000003074,
          5833.34483619
        ],
        [
          5833.344629991,
          5833.354129691,
          0.009499916000002884,
          5833.354509379
        ],
        [
          5833.354294551,
          5833.363428472,
          0.00913457800000117,
          5833.36379333
        ],
        [
          5833.363583441,
          5833.373830438,
          0.010241202999999643,
          5833.374138548
        ],
        [
          5833.373981338,
          5833.384032686,
          0.010051363999998841,
          5833.384392165
        ],
        [
          5833.384188805,
          5833.393907475,
          0.009710345999998538,
          5833.394341864
        ],
        [
          5833.394088834,
          5833.403667624,
          0.009578705999999215,
          5833.404081093
        ],
        [
          5833.403826723,
          5833.413745372,
          0.009918694999996092,
          5833.414144381
        ],
        [
          5833.413893502,
          5833.423368172,
          0.009474834999998905,
          5833.423706271
        ],
        [
          5833.423527181,
          5833.43350846,
          0.009981324000001734,
          5833.433712989
        ],
        [
          5833.433659389,
          5833.443750567,
          0.010091183999996645,
          5833.444143286
        ],
        [
          5833.443893087,
          5833.454425263,
          0.010532433000001618,
          5833.454720993
        ],
        [
          5833.454572242,
          5833.464226482,
          0.009654305000005081,
          5833.464572761
        ],
        [
          5833.464373722,
          5833.47425969,
          0.009886523999995234,
          5833.474652558
        ],
        [
          5833.474433319,
          5833.485099157,
          0.010666051000001175,
          5833.485424505
        ],
        [
          5833.485236116,
          5833.49637963,
          0.011144009999995319,
          5833.496760899
        ],
        [
          5833.496547609,
          5833.507110736,
          0.010563262000005125,
          5833.507457295
        ],
        [
          5833.507261986,
          5833.517010785,
          0.009748975999997356,
          5833.517354424
        ],
        [
          5833.517155855,
          5833.52790443,
          0.010749021000002301,
          5833.528308499
        ],
        [
          5833.52807335,
          5833.537782479,
          0.009709194999999227,
          5833.538021278
        ],
        [
          5833.537934129,
          5833.547465128,
          0.00953114600000049,
          5833.547807887
        ],
        [
          5833.547610978,
          5833.557367557,
          0.009756754999997952,
          5833.557736066
        ],
        [
          5833.557526196,
          5833.566691618,
          0.009165508000002376,
          5833.566894967
        ],
        [
          5833.566841067,
          5833.576397746,
          0.009556984999996132,
          5833.576701936
        ],
        [
          5833.576523716,
          5833.587119533,
          0.010588812999998254,
          5833.587415542
        ],
        [
          5833.587262242,
          5833.596680193,
          0.009418325999995147,
          5833.597037551
        ],
        [
          5833.596825982,
          5833.605927173,
          0.00910124800000034,
          5833.606280061
        ],
        [
          5833.606078132,
          5833.615429473,
          0.009351406999996925,
          5833.615774162
        ],
        [
          5833.615573023,
          5833.62555736,
          0.00998464399999932,
          5833.62592605
        ],
        [
          5833.62571622,
          5833.635332009,
          0.009615945000000181,
          5833.635681899
        ],
        [
          5833.635479609,
          5833.644884519,
          0.00940501600000232,
          5833.645096639
        ],
        [
          5833.645052589,
          5833.655107637,
          0.010055274000002612,
          5833.655353976
        ],
        [
          5833.655256717,
          5833.665394294,
          0.010137634999999534,
          5833.665510454
        ],
        [
          5833.665553554,
          5833.675021064,
          0.009467555999997046,
          5833.675376373
        ],
        [
          5833.675168263,
          5833.684148675,
          0.008980517000004795,
          5833.684492274
        ],
        [
          5833.684293035,
          5833.693855104,
          0.009562384999995288,
          5833.694118194
        ],
        [
          5833.694024134,
          5833.703664033,
          0.009640085999997439,
          5833.704027263
        ],
        [
          5833.703811403,
          5833.712924443,
          0.009113078000005714,
          5833.713299862
        ],
        [
          5833.713079773,
          5833.72325115,
          0.0101716240000016,
          5833.723616561
        ],
        [
          5833.723410991,
          5833.73288012,
          0.009469295999998906,
          5833.733206829
        ],
        [
          5833.73310213,
          5833.743060968,
          0.009958634000000188,
          5833.743336147
        ],
        [
          5833.743191747,
          5833.753597946,
          0.01040693399999526,
          5833.753788794
        ],
        [
          5833.753750415,
          5833.762783645,
          0.00903327700000034,
          5833.763015004
        ],
        [
          5833.762928265,
          5833.772839044,
          0.009910895000004416,
          5833.773080103
        ],
        [
          5833.772987433,
          5833.782392414,
          0.009398496999999395,
          5833.782732813
        ],
        [
          5833.782537723,
          5833.792382692,
          0.009846004999999991,
          5833.79274601
        ],
        [
          5833.792540131,
          5833.801884682,
          0.00934460699999562,
          5833.802196801
        ],
        [
          5833.802125971,
          5833.812083149,
          0.009956934000001638,
          5833.812381568
        ],
        [
          5833.812222029,
          5833.822707875,
          0.010486443000004897,
          5833.823083205
        ],
        [
          5833.822861935,
          5833.833076963,
          0.010215023999997186,
          5833.833381553
        ],
        [
          5833.833219243,
          5833.842680642,
          0.009452185999997198,
          5833.843059472
        ],
        [
          5833.842826182,
          5833.852981631,
          0.010156043999998587,
          5833.853292159
        ],
        [
          5833.85313607,
          5833.863523117,
          0.010387102999999343,
          5833.863864736
        ],
        [
          5833.863663516,
          5833.873237966,
          0.00957458600000649,
          5833.873581805
        ],
        [
          5833.873384486,
          5833.883529023,
          0.010144523999997546,
          5833.883874522
        ],
        [
          5833.883676223,
          5833.893308923,
          0.009633456000003093,
          5833.893671771
        ],
        [
          5833.893464472,
          5833.903780449,
          0.010316042999996,
          5833.904191028
        ],
        [
          5833.903926029,
          5833.912926981,
          0.009001177000001803,
          5833.913295439
        ],
        [
          5833.9130816,
          5833.922512739,
          0.009431225999996684,
          5833.922880409
        ],
        [
          5833.922673299,
          5833.933279876,
          0.010606561999999542,
          5833.933593704
        ],
        [
          5833.933430595,
          5833.943181814,
          0.009751384999994173,
          5833.943532473
        ],
        [
          5833.943327193,
          5833.953035713,
          0.009708706000004952,
          5833.953329682
        ],
        [
          5833.953184213,
          5833.964040738,
          0.010856621999998595,
          5833.964356586
        ],
        [
          5833.964176107,
          5833.973812247,
          0.0096361860000016,
          5833.974127966
        ],
        [
          5833.973944507,
          5833.983585676,
          0.009641254999998239,
          5833.983925424
        ],
        [
          5833.983725785,
          5833.993940353,
          0.01021489400000064,
          5833.994305131
        ],
        [
          5833.994106903,
          5834.004866409,
          0.010759632000002739,
          5834.005151268
        ],
        [
          5834.005127918,
          5834.015121146,
          0.009993035000000816,
          5834.015361076
        ],
        [
          5834.015252266,
          5834.027977205,
          0.01272537500000226,
          5834.028332374
        ],
        [
          5834.028185475,
          5834.039284559,
          0.01108793999999591,
          5834.039469689
        ],
        [
          5834.039425048,
          5834.049389498,
          0.00996439499999724,
          5834.049701537
        ],
        [
          5834.049536988,
          5834.061271259,
          0.011734306999997557,
          5834.061585009
        ],
        [
          5834.061417659,
          5834.07384299,
          0.012425574999994637,
          5834.074203769
        ],
        [
          5834.074053369,
          5834.087157108,
          0.013104252999994515,
          5834.087526536
        ],
        [
          5834.087329208,
          5834.097993643,
          0.010664510999994548,
          5834.098352462
        ],
        [
          5834.098157023,
          5834.109567757,
          0.011410718999997016,
          5834.109911316
        ],
        [
          5834.109720246,
          5834.120039904,
          0.010320002999996802,
          5834.120356352
        ],
        [
          5834.120202123,
          5834.13053853,
          0.010336812999995004,
          5834.130884889
        ],
        [
          5834.130693939,
          5834.141314276,
          0.010620832999997276,
          5834.141647865
        ],
        [
          5834.141466026,
          5834.151663453,
          0.010197833999995964,
          5834.151934443
        ],
        [
          5834.151812783,
          5834.162949908,
          0.01112850200000537,
          5834.163239996
        ],
        [
          5834.163105557,
          5834.173414114,
          0.01030920299999849,
          5834.173770582
        ],
        [
          5834.173558483,
          5834.183641731,
          0.010083735000002036,
          5834.184035011
        ],
        [
          5834.183800012,
          5834.194510117,
          0.010710852000002546,
          5834.194896276
        ],
        [
          5834.194675917,
          5834.205262373,
          0.010586462000006236,
          5834.205637852
        ],
        [
          5834.205414582,
          5834.215168862,
          0.009754524999998182,
          5834.215537921
        ],
        [
          5834.215326782,
          5834.22525721,
          0.009924603999998283,
          5834.225586858
        ],
        [
          5834.225422119,
          5834.234332662,
          0.008910568999993984,
          5834.23470376
        ],
        [
          5834.234490221,
          5834.243723282,
          0.009233117000000846,
          5834.244080371
        ],
        [
          5834.243872092,
          5834.253067771,
          0.009196486999996978,
          5834.25341772
        ],
        [
          5834.253234231,
          5834.262400832,
          0.009166657000001521,
          5834.262751041
        ],
        [
          5834.262549292,
          5834.272029932,
          0.009480756000002089,
          5834.272382561
        ],
        [
          5834.272173702,
          5834.281430282,
          0.009257087000001718,
          5834.281780431
        ],
        [
          5834.281579552,
          5834.291147182,
          0.009567685999996911,
          5834.29150767
        ],
        [
          5834.291301411,
          5834.3006538,
          0.009352376999999024,
          5834.3010197
        ],
        [
          5834.300800371,
          5834.311062259,
          0.010262062999998989,
          5834.311411627
        ],
        [
          5834.311207908,
          5834.321594225,
          0.010386633000003087,
          5834.321884564
        ],
        [
          5834.321761094,
          5834.331691333,
          0.009930273999998462,
          5834.332031732
        ],
        [
          5834.331873332,
          5834.3421036,
          0.010230553999996062,
          5834.342411739
        ],
        [
          5834.342269379,
          5834.352395247,
          0.010126133999996512,
          5834.352705675
        ],
        [
          5834.352568586,
          5834.362121016,
          0.009552926000004902,
          5834.362440795
        ],
        [
          5834.362279265,
          5834.371668256,
          0.009390176000003692,
          5834.372116725
        ],
        [
          5834.371896995,
          5834.382193182,
          0.010296052999997585,
          5834.382495121
        ],
        [
          5834.382387021,
          5834.392787148,
          0.01040028300000273,
          5834.393130419
        ],
        [
          5834.392965679,
          5834.403045657,
          0.010079973999999936,
          5834.403326796
        ],
        [
          5834.403219356,
          5834.413750122,
          0.010530883000001268,
          5834.414071921
        ],
        [
          5834.413918932,
          5834.424292799,
          0.01036640300000613,
          5834.424625228
        ],
        [
          5834.424471959,
          5834.436398581,
          0.011926598000002286,
          5834.436681729
        ],
        [
          5834.43655757,
          5834.447081696,
          0.010524031999999295,
          5834.447364166
        ],
        [
          5834.447264766,
          5834.457246584,
          0.009981975000002308,
          5834.457565564
        ],
        [
          5834.457416723,
          5834.46829824,
          0.010881521999998256,
          5834.468587239
        ],
        [
          5834.468457239,
          5834.47760754,
          0.009150288000000728,
          5834.47788245
        ],
        [
          5834.47776377,
          5834.488302506,
          0.010538852000003374,
          5834.488620225
        ],
        [
          5834.488472156,
          5834.498083066,
          0.009610825999999406,
          5834.498369625
        ],
        [
          5834.498240585,
          5834.50928265,
          0.011042230000001041,
          5834.509570858
        ],
        [
          5834.509440679,
          5834.519381407,
          0.009940833999998233,
          5834.519670518
        ],
        [
          5834.519545427,
          5834.529520075,
          0.009974683999999456,
          5834.529813885
        ],
        [
          5834.529682195,
          5834.540291601,
          0.010609493000004022,
          5834.540570991
        ],
        [
          5834.540447491,
          5834.550931238,
          0.01047817199999912,
          5834.551124357
        ],
        [
          5834.551124677,
          5834.561310734,
          0.010186062999999024,
          5834.561601113
        ],
        [
          5834.561469214,
          5834.571882511,
          0.010413522999996871,
          5834.572171981
        ],
        [
          5834.572056141,
          5834.583558604,
          0.011502619000005154,
          5834.583852823
        ],
        [
          5834.583720754,
          5834.593505663,
          0.009784875999997666,
          5834.593788222
        ],
        [
          5834.593665062,
          5834.606751182,
          0.013086163000004092,
          5834.607049681
        ],
        [
          5834.606907051,
          5834.621472404,
          0.014565538000006484,
          5834.621753213
        ],
        [
          5834.621622053,
          5834.634292524,
          0.012670595000003004,
          5834.634634073
        ],
        [
          5834.634445423,
          5834.646376035,
          0.011930786999997167,
          5834.646681764
        ],
        [
          5834.646529464,
          5834.658820576,
          0.012291616000005945,
          5834.659183265
        ],
        [
          5834.659026484,
          5834.670046301,
          0.011019869999998377,
          5834.67032288
        ],
        [
          5834.670202029,
          5834.680963026,
          0.010761092999999278,
          5834.681167705
        ],
        [
          5834.681153685,
          5834.692811618,
          0.011658167999996749,
          5834.693203456
        ],
        [
          5834.692982768,
          5834.703769453,
          0.01078676200000217,
          5834.704020533
        ],
        [
          5834.703922523,
          5834.713857002,
          0.009934663999999316,
          5834.714069981
        ],
        [
          5834.714021701,
          5834.724599908,
          0.010578603000006126,
          5834.724907447
        ],
        [
          5834.724770427,
          5834.735312403,
          0.010542361999995364,
          5834.735609702
        ],
        [
          5834.735469562,
          5834.746385288,
          0.010915910000001361,
          5834.746689398
        ],
        [
          5834.746549328,
          5834.757354273,
          0.01080513200000155,
          5834.757660472
        ],
        [
          5834.757526073,
          5834.767983659,
          0.010457673000004775,
          5834.768306149
        ],
        [
          5834.768150569,
          5834.778262627,
          0.010112014000000613,
          5834.778616506
        ],
        [
          5834.778416286,
          5834.789253243,
          0.010837201000001073,
          5834.789475642
        ],
        [
          5834.789415242,
          5834.800897316,
          0.011482389000001092,
          5834.801096375
        ],
        [
          5834.801080175,
          5834.813132146,
          0.012030577000004428,
          5834.813437906
        ],
        [
          5834.813308167,
          5834.825159518,
          0.011851438000000769,
          5834.825395397
        ],
        [
          5834.825328888,
          5834.83730958,
          0.011980598000000953,
          5834.837651069
        ],
        [
          5834.83747475,
          5834.849328972,
          0.011854298000002927,
          5834.849551331
        ],
        [
          5834.849499532,
          5834.85931151,
          0.009812345000000278,
          5834.859534249
        ],
        [
          5834.859480969,
          5834.870938584,
          0.011457880000001808,
          5834.871164793
        ]
      ]
    },
    {
      "round_index": 16,
      "map_setup_wall_s": 0.0021980840001560864,
      "map_setup_parent_cpu_s": 0.0029849750000003894,
      "result_next_wall_s": 2.0584341149969987,
      "result_next_parent_cpu_s": 0.061183602000005166,
      "serial_result_processing_wall_s": 0.010343277008360019,
      "serial_result_processing_parent_cpu_s": 0.01086887199999964,
      "worker_placement_wall_sum_s": 2.0360734779978884,
      "worker_placement_cpu_sum_s": 2.034966371000017,
      "worker_tasks": 181,
      "per_worker": {
        "20001": 181
      },
      "task_intervals": [
        [
          5835.643902803,
          5835.644698261,
          0.0007947269999988293,
          5835.64490758
        ],
        [
          5835.64490936,
          5835.656910893,
          0.012002328000001228,
          5835.657298881
        ],
        [
          5835.657152292,
          5835.667962667,
          0.010810330999994733,
          5835.668258606
        ],
        [
          5835.668145377,
          5835.678553273,
          0.010408323000000053,
          5835.678842743
        ],
        [
          5835.678735793,
          5835.689658709,
          0.010923631000004264,
          5835.690032768
        ],
        [
          5835.689875898,
          5835.700801163,
          0.010918380999996202,
          5835.701039862
        ],
        [
          5835.701022062,
          5835.711946478,
          0.010924670999997943,
          5835.712288637
        ],
        [
          5835.712153307,
          5835.722435125,
          0.010282111999998733,
          5835.722774924
        ],
        [
          5835.722638964,
          5835.733735629,
          0.011097080000006088,
          5835.734066998
        ],
        [
          5835.733927297,
          5835.744990583,
          0.011063370999998767,
          5835.745308802
        ],
        [
          5835.745186362,
          5835.7554385,
          0.010252442999998834,
          5835.755766019
        ],
        [
          5835.755639099,
          5835.766214215,
          0.010566472000000715,
          5835.766531945
        ],
        [
          5835.766400015,
          5835.776994652,
          0.010594971999999814,
          5835.777314731
        ],
        [
          5835.777187671,
          5835.787529128,
          0.010342072999996788,
          5835.787860857
        ],
        [
          5835.787718127,
          5835.799059242,
          0.01134168000000102,
          5835.799391851
        ],
        [
          5835.799242902,
          5835.809981627,
          0.010738852000002908,
          5835.810326906
        ],
        [
          5835.810166436,
          5835.820908863,
          0.010742551999996408,
          5835.821261722
        ],
        [
          5835.821114593,
          5835.831618699,
          0.010504261999997766,
          5835.831965618
        ],
        [
          5835.831803908,
          5835.842095766,
          0.010292153999998277,
          5835.842431394
        ],
        [
          5835.842275414,
          5835.8531702,
          0.010895081000001028,
          5835.853528679
        ],
        [
          5835.85335859,
          5835.863381499,
          0.010023044000000425,
          5835.863732577
        ],
        [
          5835.863564918,
          5835.87527652,
          0.011711628000000474,
          5835.875624828
        ],
        [
          5835.875455829,
          5835.886257135,
          0.010801450999998963,
          5835.886633325
        ],
        [
          5835.886451235,
          5835.896399363,
          0.009948253999993995,
          5835.896723142
        ],
        [
          5835.896582153,
          5835.907619678,
          0.011037311000002603,
          5835.907962266
        ],
        [
          5835.907799697,
          5835.919013451,
          0.011213419999997143,
          5835.919223031
        ],
        [
          5835.919201801,
          5835.92881148,
          0.00960980499999664,
          5835.929179839
        ],
        [
          5835.92899788,
          5835.940508664,
          0.011504818999995337,
          5835.940862482
        ],
        [
          5835.940695523,
          5835.951238429,
          0.010542782999998224,
          5835.951605888
        ],
        [
          5835.951440089,
          5835.962174725,
          0.010734631000005379,
          5835.962530573
        ],
        [
          5835.962359174,
          5835.973307639,
          0.010948630999997988,
          5835.973674709
        ],
        [
          5835.973495159,
          5835.984513954,
          0.01101916100000011,
          5835.984880762
        ],
        [
          5835.984714453,
          5835.99529063,
          0.01057624199999907,
          5835.995488389
        ],
        [
          5835.995472129,
          5836.006344965,
          0.010872630999998023,
          5836.006693913
        ],
        [
          5836.006530824,
          5836.01719057,
          0.010651013000000376,
          5836.01754849
        ],
        [
          5836.017378859,
          5836.027575528,
          0.01019683300000196,
          5836.027909977
        ],
        [
          5836.027755947,
          5836.038603723,
          0.010847832000003166,
          5836.038924791
        ],
        [
          5836.038771782,
          5836.049695127,
          0.010923791000003291,
          5836.050057067
        ],
        [
          5836.049885317,
          5836.061561799,
          0.011676558000004889,
          5836.061906038
        ],
        [
          5836.061744559,
          5836.072504905,
          0.010760771000001057,
          5836.072846514
        ],
        [
          5836.072681465,
          5836.083203641,
          0.010464872000000014,
          5836.08340679
        ],
        [
          5836.08340555,
          5836.093911387,
          0.010506042999999465,
          5836.094266206
        ],
        [
          5836.094091756,
          5836.105435491,
          0.011343589999995629,
          5836.105784399
        ],
        [
          5836.10562169,
          5836.115623859,
          0.010002843999998845,
          5836.116041437
        ],
        [
          5836.115846267,
          5836.126693123,
          0.010847471000005271,
          5836.127147252
        ],
        [
          5836.126889112,
          5836.137671429,
          0.010782231999996839,
          5836.138064868
        ],
        [
          5836.137863088,
          5836.152762501,
          0.014891837000000407,
          5836.15303081
        ],
        [
          5836.15295891,
          5836.165329801,
          0.0123711259999979,
          5836.16553304
        ],
        [
          5836.16552275,
          5836.179096067,
          0.013573862000001213,
          5836.179469357
        ],
        [
          5836.179275497,
          5836.191261168,
          0.011986987000000227,
          5836.191647277
        ],
        [
          5836.191445858,
          5836.203960678,
          0.012515526000001387,
          5836.204201028
        ],
        [
          5836.204153798,
          5836.215012793,
          0.010859351999997102,
          5836.215251203
        ],
        [
          5836.215196263,
          5836.227375725,
          0.012179916000000901,
          5836.227754813
        ],
        [
          5836.227549573,
          5836.238528498,
          0.010979180999996174,
          5836.238886907
        ],
        [
          5836.238706238,
          5836.249708643,
          0.011002709999999638,
          5836.249952273
        ],
        [
          5836.249893663,
          5836.260638219,
          0.010745352000000707,
          5836.260895507
        ],
        [
          5836.260817418,
          5836.272382842,
          0.011566398999995897,
          5836.27277893
        ],
        [
          5836.272557631,
          5836.285184681,
          0.012627975000000902,
          5836.285575309
        ],
        [
          5836.28538479,
          5836.297400372,
          0.012016196999994122,
          5836.297786541
        ],
        [
          5836.297581482,
          5836.309344534,
          0.011763469000001692,
          5836.309582554
        ],
        [
          5836.309529654,
          5836.320487289,
          0.010958131000002425,
          5836.320721408
        ],
        [
          5836.320677178,
          5836.331432604,
          0.010755840999998156,
          5836.331662614
        ],
        [
          5836.331607384,
          5836.342157561,
          0.01055086199999522,
          5836.342520729
        ],
        [
          5836.34233194,
          5836.354402811,
          0.012071867000003067,
          5836.35478717
        ],
        [
          5836.354583071,
          5836.365723245,
          0.011141019999996615,
          5836.366191845
        ],
        [
          5836.365908814,
          5836.376674821,
          0.01076652199999728,
          5836.377076139
        ],
        [
          5836.376838131,
          5836.388550323,
          0.011713057999998,
          5836.388981592
        ],
        [
          5836.388739493,
          5836.400477135,
          0.011738278000002822,
          5836.400849955
        ],
        [
          5836.400658155,
          5836.411921599,
          0.011256478999996489,
          5836.412313948
        ],
        [
          5836.412108599,
          5836.423537613,
          0.011429539000005207,
          5836.423825611
        ],
        [
          5836.423727092,
          5836.433661851,
          0.009934755000003292,
          5836.434058769
        ],
        [
          5836.43383402,
          5836.444790465,
          0.010956630999999106,
          5836.445200354
        ],
        [
          5836.444963714,
          5836.454954843,
          0.009991884999998035,
          5836.455358511
        ],
        [
          5836.455144612,
          5836.466217728,
          0.011073669999994706,
          5836.466564666
        ],
        [
          5836.466393207,
          5836.478186359,
          0.011793158000003245,
          5836.478435809
        ],
        [
          5836.478362509,
          5836.491410308,
          0.013048314000002392,
          5836.491662536
        ],
        [
          5836.491591476,
          5836.502839452,
          0.011248239999993359,
          5836.50310094
        ],
        [
          5836.503025751,
          5836.513400118,
          0.010375103000001218,
          5836.513752477
        ],
        [
          5836.513581157,
          5836.525165381,
          0.011584079000002134,
          5836.52540891
        ],
        [
          5836.52534759,
          5836.535693787,
          0.010346452999996814,
          5836.535932356
        ],
        [
          5836.535863967,
          5836.546068184,
          0.010205343999999172,
          5836.546330063
        ],
        [
          5836.546255143,
          5836.5567869,
          0.010531782000001044,
          5836.557208488
        ],
        [
          5836.556965279,
          5836.567329706,
          0.010364563000003102,
          5836.567559527
        ],
        [
          5836.567501576,
          5836.578491192,
          0.01099058999999869,
          5836.57871852
        ],
        [
          5836.578702551,
          5836.590707722,
          0.012005516999998633,
          5836.591117041
        ],
        [
          5836.590884442,
          5836.603085963,
          0.012202105999996604,
          5836.603453662
        ],
        [
          5836.603288843,
          5836.613700069,
          0.010411701999998968,
          5836.614066959
        ],
        [
          5836.613889589,
          5836.625545092,
          0.011655449000002704,
          5836.625892901
        ],
        [
          5836.625734042,
          5836.637041626,
          0.011307470000005537,
          5836.637401995
        ],
        [
          5836.637234435,
          5836.650187114,
          0.01295348299999688,
          5836.650498793
        ],
        [
          5836.650379093,
          5836.662668054,
          0.012289686999999105,
          5836.663038733
        ],
        [
          5836.662873314,
          5836.674447968,
          0.011574848999998721,
          5836.674785276
        ],
        [
          5836.674638347,
          5836.686756297,
          0.012118646999994098,
          5836.687093817
        ],
        [
          5836.686946938,
          5836.698479591,
          0.011532799000001148,
          5836.69876884
        ],
        [
          5836.69865162,
          5836.709677516,
          0.011026671000003319,
          5836.709949535
        ],
        [
          5836.709837815,
          5836.722573825,
          0.012736625000002277,
          5836.722804734
        ],
        [
          5836.722748704,
          5836.733601609,
          0.010853531999998722,
          5836.733904499
        ],
        [
          5836.733782748,
          5836.745446522,
          0.011664127999999607,
          5836.745800161
        ],
        [
          5836.745646862,
          5836.757864363,
          0.012218207000003645,
          5836.758121722
        ],
        [
          5836.758077042,
          5836.769642786,
          0.011566249000004802,
          5836.769873315
        ],
        [
          5836.769850535,
          5836.781396237,
          0.011545668000003673,
          5836.781722617
        ],
        [
          5836.781599768,
          5836.793802609,
          0.012202817000002142,
          5836.794192188
        ],
        [
          5836.794055609,
          5836.80611963,
          0.012063988000001302,
          5836.80637497
        ],
        [
          5836.806308019,
          5836.817183385,
          0.0108759720000009,
          5836.817565663
        ],
        [
          5836.817365234,
          5836.828659319,
          0.011294920000004538,
          5836.828905788
        ],
        [
          5836.828838728,
          5836.840201402,
          0.01136342900000642,
          5836.840484961
        ],
        [
          5836.840364031,
          5836.851629806,
          0.011266229999996824,
          5836.851909685
        ],
        [
          5836.851822265,
          5836.862530861,
          0.01070908200000531,
          5836.862894159
        ],
        [
          5836.862705871,
          5836.873877916,
          0.011172428999998374,
          5836.874253014
        ],
        [
          5836.874130015,
          5836.885919946,
          0.011790177999998264,
          5836.886238696
        ],
        [
          5836.886139297,
          5836.898043488,
          0.011904627999996364,
          5836.898296878
        ],
        [
          5836.898222438,
          5836.909494792,
          0.011272990000001926,
          5836.909891401
        ],
        [
          5836.909684602,
          5836.922087922,
          0.012404074999999182,
          5836.922353071
        ],
        [
          5836.922270822,
          5836.933510116,
          0.011239991000003613,
          5836.933761235
        ],
        [
          5836.933684626,
          5836.945440718,
          0.01175655800000186,
          5836.945716518
        ],
        [
          5836.945638928,
          5836.956566843,
          0.010928571000000886,
          5836.956964421
        ],
        [
          5836.956745902,
          5836.968536025,
          0.011790338000004397,
          5836.968918054
        ],
        [
          5836.968713195,
          5836.980837086,
          0.012124485999997603,
          5836.981133025
        ],
        [
          5836.981036425,
          5836.992492309,
          0.011456670000001168,
          5836.992746598
        ],
        [
          5836.992667228,
          5837.003626694,
          0.01095994100000297,
          5837.003879193
        ],
        [
          5837.003804033,
          5837.015718036,
          0.011914588000003334,
          5837.015987105
        ],
        [
          5837.015903625,
          5837.027226898,
          0.0113235199999977,
          5837.027468998
        ],
        [
          5837.027394648,
          5837.037171347,
          0.009776784999999677,
          5837.037409826
        ],
        [
          5837.037334817,
          5837.047741694,
          0.010400783000001468,
          5837.048029264
        ],
        [
          5837.047929554,
          5837.058260841,
          0.010331423000003781,
          5837.05850047
        ],
        [
          5837.05843968,
          5837.069583144,
          0.011143580999998903,
          5837.069814983
        ],
        [
          5837.069750694,
          5837.080025221,
          0.01027466299999702,
          5837.080431481
        ],
        [
          5837.080197451,
          5837.090442269,
          0.010244813999996438,
          5837.090682248
        ],
        [
          5837.090621369,
          5837.101555673,
          0.010933999999998889,
          5837.101786902
        ],
        [
          5837.101724002,
          5837.113260257,
          0.011532107999997265,
          5837.113518596
        ],
        [
          5837.113444176,
          5837.123653124,
          0.010208993000006217,
          5837.124023722
        ],
        [
          5837.123828932,
          5837.135141968,
          0.011313149000002909,
          5837.135513896
        ],
        [
          5837.135318247,
          5837.14651632,
          0.01119832899999551,
          5837.146912439
        ],
        [
          5837.14669393,
          5837.157603446,
          0.010909631000004083,
          5837.157834875
        ],
        [
          5837.157778356,
          5837.168535581,
          0.010757472000001655,
          5837.16878105
        ],
        [
          5837.168719101,
          5837.179839426,
          0.011113420000000929,
          5837.180271784
        ],
        [
          5837.180031675,
          5837.190801211,
          0.010769612000004258,
          5837.19106547
        ],
        [
          5837.19096721,
          5837.204202988,
          0.013235733000001915,
          5837.204589907
        ],
        [
          5837.204374177,
          5837.215725341,
          0.011351589000000217,
          5837.215993811
        ],
        [
          5837.215910101,
          5837.226574997,
          0.010664991999995266,
          5837.226814047
        ],
        [
          5837.226745677,
          5837.237083674,
          0.010331243999999629,
          5837.237480613
        ],
        [
          5837.237254513,
          5837.248829696,
          0.011575838000005945,
          5837.249265306
        ],
        [
          5837.249029155,
          5837.259230354,
          0.010201572999996245,
          5837.259623213
        ],
        [
          5837.259400514,
          5837.270045909,
          0.010645941999996467,
          5837.270432048
        ],
        [
          5837.270212659,
          5837.281284913,
          0.011072541000004321,
          5837.281536992
        ],
        [
          5837.281462003,
          5837.29197961,
          0.010518371999999943,
          5837.292338489
        ],
        [
          5837.29215895,
          5837.30441782,
          0.012248786000000678,
          5837.30472457
        ],
        [
          5837.30458374,
          5837.316454063,
          0.01187057799999991,
          5837.316784121
        ],
        [
          5837.316635152,
          5837.327838016,
          0.011202859999997372,
          5837.328162605
        ],
        [
          5837.328014656,
          5837.340374686,
          0.012360336000000416,
          5837.340685945
        ],
        [
          5837.340542545,
          5837.35202816,
          0.011485988000004,
          5837.352270269
        ],
        [
          5837.352187349,
          5837.364066482,
          0.011871368999997856,
          5837.364333271
        ],
        [
          5837.364217531,
          5837.377361519,
          0.013138243000000216,
          5837.377672838
        ],
        [
          5837.377519108,
          5837.389347422,
          0.011828469000001007,
          5837.38962535
        ],
        [
          5837.389496941,
          5837.401387604,
          0.011890678000000321,
          5837.401694792
        ],
        [
          5837.401533943,
          5837.412400038,
          0.010866251000003047,
          5837.412752767
        ],
        [
          5837.412589217,
          5837.42459589,
          0.012006708000001254,
          5837.424944718
        ],
        [
          5837.424768979,
          5837.43713997,
          0.012371105000006821,
          5837.437511569
        ],
        [
          5837.437311659,
          5837.451191446,
          0.01387997100000149,
          5837.451561334
        ],
        [
          5837.451368855,
          5837.462848998,
          0.01148025900000249,
          5837.463236328
        ],
        [
          5837.463038188,
          5837.474222842,
          0.011184779999993566,
          5837.474594601
        ],
        [
          5837.474392792,
          5837.485008918,
          0.010616212999998709,
          5837.485393477
        ],
        [
          5837.485191127,
          5837.495794144,
          0.010603031999998791,
          5837.496230512
        ],
        [
          5837.495965513,
          5837.508267865,
          0.012302655999995693,
          5837.508627644
        ],
        [
          5837.508435044,
          5837.520322146,
          0.011887737000002119,
          5837.520700326
        ],
        [
          5837.520493166,
          5837.532888767,
          0.01238760599999722,
          5837.533272986
        ],
        [
          5837.533130546,
          5837.544786938,
          0.011656578000000195,
          5837.545218947
        ],
        [
          5837.544962268,
          5837.557265309,
          0.012303035999998713,
          5837.557506698
        ],
        [
          5837.557437778,
          5837.56940406,
          0.011966468000004227,
          5837.569793679
        ],
        [
          5837.569588479,
          5837.580897284,
          0.011309040000000437,
          5837.581314183
        ],
        [
          5837.581084374,
          5837.592834117,
          0.01174969799999559,
          5837.593134736
        ],
        [
          5837.593021496,
          5837.604086501,
          0.01106505999999996,
          5837.604319569
        ],
        [
          5837.60425544,
          5837.61678582,
          0.01253068500000154,
          5837.617062549
        ],
        [
          5837.61698468,
          5837.628481664,
          0.01149709899999607,
          5837.628721743
        ],
        [
          5837.628654783,
          5837.63882868,
          0.010173893000001044,
          5837.639231489
        ],
        [
          5837.6390074,
          5837.649608086,
          0.010601172000001213,
          5837.649851316
        ],
        [
          5837.649787146,
          5837.661733587,
          0.011946696999999062,
          5837.662167906
        ],
        [
          5837.661933107,
          5837.673399871,
          0.011466699000003189,
          5837.673771449
        ],
        [
          5837.673566581,
          5837.687665226,
          0.013095104000001356,
          5837.687928255
        ],
        [
          5837.687856145,
          5837.700803684,
          0.012947893999999849,
          5837.701102423
        ],
        [
          5837.700981403,
          5837.713220724,
          0.012239636000003884,
          5837.713458674
        ]
      ]
    },
    {
      "round_index": 17,
      "map_setup_wall_s": 0.001653784000154701,
      "map_setup_parent_cpu_s": 0.002283165999999781,
      "result_next_wall_s": 3.4715455340019616,
      "result_next_parent_cpu_s": 0.07952108800000701,
      "serial_result_processing_wall_s": 0.01801234700542409,
      "serial_result_processing_parent_cpu_s": 0.018492778000000598,
      "worker_placement_wall_sum_s": 3.4446715140029482,
      "worker_placement_cpu_sum_s": 3.4436974140000416,
      "worker_tasks": 181,
      "per_worker": {
        "20001": 181
      },
      "task_intervals": [
        [
          5838.510806037,
          5838.511743594,
          0.0009371869999981186,
          5838.511912873
        ],
        [
          5838.511942253,
          5838.529482857,
          0.017542267999999694,
          5838.529829046
        ],
        [
          5838.529738436,
          5838.549460544,
          0.019723409999997443,
          5838.549842913
        ],
        [
          5838.549727493,
          5838.568152755,
          0.018426455000003727,
          5838.568533644
        ],
        [
          5838.568411634,
          5838.587355684,
          0.018945522999999298,
          5838.587728832
        ],
        [
          5838.587610773,
          5838.604965798,
          0.017356347999999855,
          5838.605334508
        ],
        [
          5838.605219168,
          5838.62358909,
          0.018371195000000284,
          5838.623953138
        ],
        [
          5838.623836438,
          5838.6419885,
          0.018142826000001833,
          5838.642351719
        ],
        [
          5838.642258279,
          5838.660848781,
          0.01859163400000341,
          5838.661369019
        ],
        [
          5838.6611067,
          5838.679366592,
          0.018260864000005483,
          5838.679718451
        ],
        [
          5838.679622951,
          5838.696782927,
          0.017161238999996442,
          5838.697362206
        ],
        [
          5838.697055566,
          5838.715479748,
          0.01842519400000242,
          5838.715792107
        ],
        [
          5838.715727087,
          5838.732678484,
          0.01695196899999729,
          5838.733164932
        ],
        [
          5838.732908073,
          5838.751033625,
          0.018126985000002094,
          5838.751519084
        ],
        [
          5838.751284754,
          5838.769241297,
          0.017957195999997566,
          5838.769738156
        ],
        [
          5838.769482568,
          5838.787821959,
          0.01834042500000521,
          5838.788373117
        ],
        [
          5838.788168037,
          5838.806810739,
          0.018643174000004592,
          5838.807195428
        ],
        [
          5838.807119438,
          5838.824720172,
          0.017601286999997967,
          5838.82522435
        ],
        [
          5838.824954061,
          5838.843769401,
          0.018816593000003934,
          5838.84430764
        ],
        [
          5838.84404277,
          5838.863301169,
          0.0192590110000026,
          5838.863755048
        ],
        [
          5838.863631708,
          5838.883201706,
          0.01957141999999834,
          5838.883706554
        ],
        [
          5838.883445955,
          5838.902060507,
          0.018615743000005125,
          5838.902406615
        ],
        [
          5838.902302796,
          5838.921449986,
          0.01914864100000102,
          5838.921792354
        ],
        [
          5838.921690765,
          5838.940749204,
          0.019059191999993175,
          5838.941281683
        ],
        [
          5838.941021912,
          5838.959532105,
          0.018511314000001278,
          5838.960036303
        ],
        [
          5838.959763604,
          5838.978277274,
          0.018510716000001537,
          5838.978776604
        ],
        [
          5838.978523414,
          5838.997239605,
          0.01871647299999779,
          5838.997578793
        ],
        [
          5838.997480644,
          5839.015306308,
          0.017826637000005974,
          5839.015659696
        ],
        [
          5839.015557616,
          5839.033896599,
          0.018339645000004623,
          5839.034254028
        ],
        [
          5839.034153538,
          5839.052136651,
          0.01798422599999583,
          5839.052653589
        ],
        [
          5839.05238114,
          5839.071582839,
          0.01920259099999555,
          5839.072105937
        ],
        [
          5839.071820138,
          5839.090929889,
          0.019111031999997863,
          5839.091476107
        ],
        [
          5839.091201677,
          5839.109360719,
          0.018160364000003426,
          5839.109816808
        ],
        [
          5839.109608898,
          5839.127870381,
          0.018261604000002762,
          5839.12838303
        ],
        [
          5839.12814172,
          5839.145966554,
          0.017823475999996674,
          5839.146519752
        ],
        [
          5839.146237213,
          5839.165223833,
          0.01898708200000243,
          5839.165736231
        ],
        [
          5839.165460282,
          5839.184080502,
          0.018621552999995572,
          5839.184581651
        ],
        [
          5839.184304832,
          5839.202718514,
          0.0184135339999969,
          5839.203176162
        ],
        [
          5839.202926954,
          5839.22268688,
          0.019760998000002417,
          5839.223202039
        ],
        [
          5839.22292964,
          5839.240813063,
          0.01788463599999801,
          5839.241288201
        ],
        [
          5839.241127692,
          5839.26072027,
          0.019593870000001345,
          5839.261245808
        ],
        [
          5839.260961559,
          5839.281257425,
          0.020290277000000856,
          5839.281808992
        ],
        [
          5839.281513764,
          5839.299646577,
          0.018134005999996816,
          5839.300149695
        ],
        [
          5839.299905416,
          5839.317803939,
          0.017900665999995624,
          5839.318316737
        ],
        [
          5839.318192808,
          5839.338073065,
          0.01988068900000428,
          5839.338444253
        ],
        [
          5839.338341044,
          5839.355797409,
          0.017449708000000896,
          5839.356320296
        ],
        [
          5839.356162767,
          5839.375218787,
          0.019053722000002438,
          5839.375631695
        ],
        [
          5839.375454016,
          5839.393667608,
          0.018213025000001437,
          5839.394247027
        ],
        [
          5839.393910898,
          5839.411775092,
          0.017855757999996058,
          5839.41213805
        ],
        [
          5839.412038431,
          5839.430201402,
          0.018163606000001664,
          5839.430543872
        ],
        [
          5839.430438492,
          5839.448327235,
          0.017889986999996665,
          5839.448682764
        ],
        [
          5839.448570834,
          5839.466851186,
          0.018281065000003593,
          5839.467391355
        ],
        [
          5839.467112516,
          5839.486020866,
          0.018909591999999975,
          5839.486541304
        ],
        [
          5839.486289995,
          5839.505036625,
          0.01874854300000095,
          5839.505460854
        ],
        [
          5839.505269824,
          5839.523513998,
          0.018245463999996048,
          5839.524054725
        ],
        [
          5839.523766377,
          5839.543490764,
          0.019726099999999747,
          5839.544037402
        ],
        [
          5839.543736333,
          5839.562242084,
          0.018506473999998718,
          5839.562750832
        ],
        [
          5839.562479793,
          5839.581019155,
          0.018540414000000283,
          5839.581529733
        ],
        [
          5839.581264284,
          5839.600396602,
          0.01913271099999747,
          5839.600725633
        ],
        [
          5839.600631133,
          5839.618881864,
          0.018252085000000307,
          5839.619240094
        ],
        [
          5839.619141064,
          5839.639492459,
          0.020352307000003123,
          5839.639941437
        ],
        [
          5839.639720329,
          5839.658176751,
          0.018456923000002234,
          5839.658683049
        ],
        [
          5839.658417439,
          5839.677618569,
          0.019194131999995534,
          5839.677929978
        ],
        [
          5839.677875978,
          5839.698164533,
          0.020289287000004208,
          5839.698565712
        ],
        [
          5839.698396452,
          5839.717918171,
          0.01952281100000164,
          5839.71838146
        ],
        [
          5839.71817003,
          5839.73695218,
          0.01878339299999965,
          5839.737265369
        ],
        [
          5839.737209869,
          5839.75615212,
          0.01894379300000537,
          5839.756508908
        ],
        [
          5839.756406268,
          5839.775530598,
          0.019123250999996344,
          5839.776090776
        ],
        [
          5839.775783358,
          5839.79392434,
          0.0181413040000038,
          5839.794469327
        ],
        [
          5839.794207559,
          5839.813600207,
          0.01939373999999816,
          5839.814132696
        ],
        [
          5839.813837697,
          5839.832376168,
          0.018539093000001117,
          5839.832870286
        ],
        [
          5839.832610167,
          5839.852693554,
          0.020084248000003413,
          5839.853250612
        ],
        [
          5839.852940633,
          5839.871181444,
          0.01822998499999784,
          5839.871523974
        ],
        [
          5839.871436543,
          5839.889597837,
          0.01816227500000167,
          5839.889931296
        ],
        [
          5839.889833576,
          5839.908634206,
          0.01880107299999878,
          5839.909187085
        ],
        [
          5839.908878645,
          5839.927387217,
          0.018509353999995426,
          5839.927729936
        ],
        [
          5839.927631586,
          5839.945900728,
          0.01826887500000396,
          5839.946282687
        ],
        [
          5839.946185017,
          5839.965253566,
          0.019066191999996818,
          5839.965592605
        ],
        [
          5839.965494336,
          5839.984204747,
          0.018711602999999855,
          5839.984703645
        ],
        [
          5839.984452026,
          5840.003248256,
          0.01879665300000255,
          5840.003576906
        ],
        [
          5840.003486205,
          5840.021917158,
          0.01843186500000371,
          5840.022271626
        ],
        [
          5840.022176797,
          5840.040553167,
          0.018376973999998825,
          5840.041069697
        ],
        [
          5840.040784717,
          5840.0590119,
          0.01821806499999923,
          5840.059348839
        ],
        [
          5840.059287479,
          5840.07811452,
          0.018831222000002867,
          5840.078468388
        ],
        [
          5840.078366428,
          5840.098761494,
          0.020395237000002453,
          5840.099286622
        ],
        [
          5840.099027543,
          5840.119628537,
          0.020596136000001763,
          5840.119989076
        ],
        [
          5840.119883016,
          5840.139797804,
          0.019914339999999697,
          5840.140279982
        ],
        [
          5840.140052343,
          5840.159334851,
          0.019283802000003902,
          5840.15984068
        ],
        [
          5840.15957893,
          5840.177866744,
          0.018281115000000625,
          5840.178244462
        ],
        [
          5840.178112352,
          5840.19735739,
          0.019245671000000186,
          5840.197686481
        ],
        [
          5840.1975866,
          5840.215854883,
          0.01826955500000338,
          5840.216391621
        ],
        [
          5840.216118202,
          5840.234632463,
          0.018512842999996337,
          5840.234964463
        ],
        [
          5840.234866272,
          5840.252568256,
          0.017702966000001652,
          5840.253176845
        ],
        [
          5840.252810695,
          5840.272821082,
          0.020011037999999814,
          5840.273268581
        ],
        [
          5840.273117451,
          5840.291494523,
          0.018377993999997955,
          5840.29202465
        ],
        [
          5840.291742191,
          5840.310858602,
          0.019117763000004118,
          5840.31138778
        ],
        [
          5840.311121001,
          5840.330358329,
          0.019238701999995556,
          5840.330706748
        ],
        [
          5840.330598599,
          5840.350149007,
          0.01955155999999647,
          5840.350666655
        ],
        [
          5840.350392136,
          5840.369432616,
          0.01904150200000032,
          5840.369933895
        ],
        [
          5840.369658285,
          5840.389756581,
          0.02009939700000274,
          5840.390272979
        ],
        [
          5840.39005394,
          5840.408650231,
          0.01859654399999755,
          5840.409011161
        ],
        [
          5840.40888739,
          5840.42793813,
          0.01905148200000184,
          5840.428462378
        ],
        [
          5840.428186679,
          5840.44698442,
          0.01879042299999867,
          5840.447514369
        ],
        [
          5840.447256439,
          5840.466808437,
          0.019553481000002648,
          5840.467304746
        ],
        [
          5840.467096756,
          5840.48493975,
          0.017844236000001956,
          5840.485465188
        ],
        [
          5840.485192478,
          5840.504329978,
          0.019138983000004828,
          5840.504667537
        ],
        [
          5840.504564228,
          5840.522535251,
          0.017971776000003103,
          5840.523051878
        ],
        [
          5840.52276223,
          5840.542047778,
          0.0192866419999973,
          5840.542550057
        ],
        [
          5840.542295258,
          5840.560127031,
          0.017831475999997792,
          5840.56062191
        ],
        [
          5840.5603474,
          5840.585464571,
          0.02410245399999411,
          5840.58596399
        ],
        [
          5840.58571329,
          5840.607871189,
          0.022160100999997212,
          5840.608349619
        ],
        [
          5840.608179269,
          5840.629269262,
          0.021091155000000583,
          5840.629751611
        ],
        [
          5840.629535261,
          5840.649873896,
          0.0203400470000048,
          5840.650390666
        ],
        [
          5840.650165886,
          5840.669173515,
          0.019008860999996102,
          5840.669654564
        ],
        [
          5840.669427094,
          5840.688561265,
          0.019136071999994897,
          5840.689080452
        ],
        [
          5840.688845073,
          5840.709006209,
          0.02016276799999872,
          5840.709486618
        ],
        [
          5840.709258639,
          5840.72739655,
          0.018138915000001532,
          5840.7278703
        ],
        [
          5840.727641081,
          5840.746993859,
          0.019354020000001526,
          5840.747486278
        ],
        [
          5840.747267547,
          5840.767379105,
          0.0201131179999976,
          5840.767839773
        ],
        [
          5840.767631094,
          5840.788564137,
          0.020934255000000235,
          5840.789057175
        ],
        [
          5840.788823576,
          5840.808463294,
          0.01964109000000036,
          5840.808779973
        ],
        [
          5840.808717953,
          5840.82861019,
          0.019893717999998728,
          5840.828925339
        ],
        [
          5840.828899129,
          5840.848873706,
          0.019976158999995164,
          5840.849201315
        ],
        [
          5840.849167385,
          5840.867578207,
          0.018412134000001856,
          5840.868068505
        ],
        [
          5840.867819806,
          5840.887990622,
          0.02017236799999722,
          5840.888490251
        ],
        [
          5840.888251291,
          5840.90750384,
          0.019253502000005085,
          5840.907805439
        ],
        [
          5840.90775685,
          5840.928182674,
          0.020427537999999856,
          5840.928699333
        ],
        [
          5840.928448513,
          5840.947485233,
          0.01903836099999978,
          5840.947992802
        ],
        [
          5840.947734693,
          5840.966629913,
          0.01889565300000129,
          5840.967155142
        ],
        [
          5840.966876763,
          5840.98628031,
          0.019404409999999928,
          5840.98662313
        ],
        [
          5840.986511781,
          5841.007043055,
          0.020532156999998108,
          5841.007537603
        ],
        [
          5841.007281994,
          5841.026981492,
          0.019700230000005092,
          5841.02747511
        ],
        [
          5841.027222501,
          5841.045928601,
          0.0187075129999954,
          5841.04644485
        ],
        [
          5841.046183321,
          5841.064216114,
          0.01803431599999783,
          5841.064525053
        ],
        [
          5841.064452083,
          5841.081637948,
          0.017186698999999805,
          5841.082186377
        ],
        [
          5841.081860018,
          5841.100184469,
          0.01832606499999656,
          5841.100540718
        ],
        [
          5841.100437899,
          5841.117709193,
          0.017270609000000547,
          5841.118234063
        ],
        [
          5841.117947803,
          5841.135915067,
          0.017968715999998608,
          5841.136282406
        ],
        [
          5841.136184275,
          5841.155198345,
          0.019013182000001905,
          5841.155532785
        ],
        [
          5841.155438204,
          5841.174845992,
          0.019408910000002777,
          5841.175394622
        ],
        [
          5841.175093772,
          5841.192997806,
          0.01792654599999821,
          5841.193362525
        ],
        [
          5841.193271485,
          5841.211786606,
          0.018508193999998923,
          5841.212163525
        ],
        [
          5841.212055735,
          5841.230878746,
          0.018824072000001024,
          5841.231217965
        ],
        [
          5841.231148194,
          5841.250923962,
          0.019776670000005936,
          5841.25126711
        ],
        [
          5841.251179591,
          5841.269923711,
          0.018745762999998306,
          5841.270301281
        ],
        [
          5841.270197271,
          5841.288670102,
          0.0184735940000067,
          5841.28921369
        ],
        [
          5841.288910771,
          5841.306879274,
          0.017970045999994966,
          5841.307241283
        ],
        [
          5841.307155223,
          5841.326361832,
          0.019206250999999952,
          5841.326823041
        ],
        [
          5841.326594831,
          5841.344776405,
          0.01817352599999822,
          5841.345145324
        ],
        [
          5841.345046804,
          5841.364458711,
          0.01941264099999529,
          5841.364812341
        ],
        [
          5841.364710302,
          5841.38389679,
          0.019182201999996096,
          5841.384244269
        ],
        [
          5841.384147469,
          5841.403685227,
          0.019526798999997652,
          5841.404207736
        ],
        [
          5841.403930397,
          5841.423109636,
          0.019179631999996616,
          5841.423584015
        ],
        [
          5841.423338645,
          5841.442413445,
          0.019076472000001843,
          5841.442781623
        ],
        [
          5841.442652964,
          5841.463222058,
          0.02056954600000438,
          5841.463576537
        ],
        [
          5841.463452518,
          5841.485739518,
          0.022288359999997454,
          5841.486330865
        ],
        [
          5841.485966986,
          5841.505541375,
          0.019575210000006393,
          5841.505891854
        ],
        [
          5841.505794883,
          5841.526334619,
          0.02053930699999995,
          5841.526847608
        ],
        [
          5841.526574869,
          5841.547573562,
          0.02100003400000361,
          5841.5481747
        ],
        [
          5841.547828821,
          5841.568062797,
          0.020234719000001178,
          5841.568552864
        ],
        [
          5841.568304625,
          5841.588947791,
          0.020643735000000163,
          5841.589317439
        ],
        [
          5841.58921864,
          5841.610192553,
          0.02097336500000324,
          5841.610711061
        ],
        [
          5841.610441742,
          5841.629478932,
          0.019036682000006522,
          5841.629816091
        ],
        [
          5841.629721621,
          5841.64908344,
          0.019353451000000632,
          5841.649418868
        ],
        [
          5841.649324379,
          5841.668908337,
          0.019585080000005917,
          5841.669265156
        ],
        [
          5841.669167746,
          5841.688799704,
          0.019633259999999098,
          5841.692353083
        ],
        [
          5841.689074163,
          5841.710823514,
          0.021749653000000535,
          5841.711343363
        ],
        [
          5841.711118333,
          5841.733848101,
          0.022722347999994952,
          5841.73431633
        ],
        [
          5841.73411757,
          5841.753485179,
          0.019368661000001453,
          5841.753941808
        ],
        [
          5841.753717828,
          5841.77530499,
          0.021588383000000988,
          5841.775818128
        ],
        [
          5841.775560109,
          5841.798179968,
          0.022618588999996803,
          5841.798716475
        ],
        [
          5841.798434936,
          5841.81935845,
          0.02092488499999945,
          5841.819711388
        ],
        [
          5841.819613919,
          5841.840615583,
          0.02100231499999694,
          5841.841213481
        ],
        [
          5841.840939001,
          5841.861512846,
          0.020575317000002258,
          5841.862109684
        ],
        [
          5841.861758055,
          5841.88253678,
          0.020780025000000535,
          5841.883083448
        ],
        [
          5841.882774089,
          5841.902135038,
          0.019361670999998637,
          5841.902620017
        ],
        [
          5841.902375287,
          5841.922079725,
          0.01970565899999599,
          5841.922423723
        ],
        [
          5841.922306814,
          5841.942098432,
          0.01979245000000418,
          5841.942584759
        ],
        [
          5841.942341491,
          5841.962431427,
          0.02009103800000389,
          5841.962906435
        ],
        [
          5841.962656726,
          5841.981985505,
          0.019330240999998693,
          5841.982358704
        ],
        [
          5841.982233774,
          5842.001305863,
          0.01907342200000528,
          5842.001606783
        ]
      ]
    },
    {
      "round_index": 18,
      "map_setup_wall_s": 0.0014516450000883196,
      "map_setup_parent_cpu_s": 0.0019967570000005708,
      "result_next_wall_s": 2.239104438999675,
      "result_next_parent_cpu_s": 0.06532901500000321,
      "serial_result_processing_wall_s": 0.009740607009916857,
      "serial_result_processing_parent_cpu_s": 0.01026036199999325,
      "worker_placement_wall_sum_s": 2.214124472995536,
      "worker_placement_cpu_sum_s": 2.212118130000057,
      "worker_tasks": 181,
      "per_worker": {
        "20001": 181
      },
      "task_intervals": [
        [
          5842.974224509,
          5842.974910428,
          0.0006854980000028377,
          5842.975138057
        ],
        [
          5842.975202417,
          5842.99005737,
          0.01485524600000332,
          5842.990400218
        ],
        [
          5842.990267389,
          5843.001418683,
          0.011151949999998578,
          5843.001821893
        ],
        [
          5843.001640082,
          5843.012940607,
          0.011300970000000632,
          5843.013387725
        ],
        [
          5843.013145516,
          5843.023553563,
          0.010408753000000104,
          5843.023981211
        ],
        [
          5843.023735863,
          5843.034874408,
          0.011139220000004002,
          5843.035147056
        ],
        [
          5843.035089697,
          5843.0463308,
          0.011239390000000071,
          5843.04675217
        ],
        [
          5843.04651882,
          5843.058887931,
          0.01235977600000382,
          5843.05929012
        ],
        [
          5843.059119791,
          5843.070337785,
          0.01121862999999479,
          5843.070758203
        ],
        [
          5843.070541444,
          5843.081770339,
          0.011228789999996991,
          5843.082210158
        ],
        [
          5843.081953728,
          5843.093384582,
          0.011431187999995984,
          5843.093765131
        ],
        [
          5843.093559471,
          5843.104696687,
          0.01113777100000135,
          5843.104964975
        ],
        [
          5843.104886335,
          5843.116883008,
          0.011997057000002087,
          5843.117353316
        ],
        [
          5843.117127137,
          5843.128428871,
          0.01130189900000289,
          5843.12881145
        ],
        [
          5843.12859724,
          5843.139464846,
          0.010868201000000965,
          5843.139735315
        ],
        [
          5843.139659265,
          5843.15099146,
          0.011332550000005881,
          5843.151385748
        ],
        [
          5843.151169569,
          5843.162056425,
          0.010887091999997267,
          5843.162298353
        ],
        [
          5843.162223544,
          5843.174869433,
          0.012646244999999112,
          5843.175215812
        ],
        [
          5843.175080323,
          5843.188139551,
          0.013053143000000489,
          5843.188535591
        ],
        [
          5843.188314471,
          5843.200370012,
          0.012055468000006897,
          5843.200794822
        ],
        [
          5843.200572482,
          5843.212354605,
          0.011782467999999824,
          5843.212750873
        ],
        [
          5843.212533264,
          5843.224437027,
          0.011904327999999964,
          5843.224821525
        ],
        [
          5843.224611826,
          5843.237469395,
          0.012857543999999166,
          5843.237881184
        ],
        [
          5843.237658494,
          5843.249393728,
          0.01173548899999588,
          5843.249776536
        ],
        [
          5843.249567487,
          5843.26125652,
          0.01168915800000292,
          5843.261471199
        ],
        [
          5843.26144087,
          5843.273734951,
          0.012294666999999038,
          5843.274022659
        ],
        [
          5843.27393107,
          5843.286832369,
          0.012902173999997046,
          5843.287285817
        ],
        [
          5843.287028318,
          5843.298151603,
          0.011123369999999966,
          5843.298498822
        ],
        [
          5843.298330053,
          5843.309843036,
          0.011513388000004454,
          5843.310288845
        ],
        [
          5843.310050455,
          5843.320851382,
          0.010791682999993668,
          5843.32123468
        ],
        [
          5843.321043501,
          5843.332653334,
          0.011610049000005063,
          5843.333050823
        ],
        [
          5843.332829513,
          5843.344735055,
          0.011905488000003572,
          5843.345189574
        ],
        [
          5843.344915554,
          5843.356856267,
          0.01194088799999804,
          5843.357266265
        ],
        [
          5843.357049126,
          5843.369376947,
          0.012328455999998766,
          5843.369603336
        ],
        [
          5843.369558647,
          5843.382214726,
          0.012647334999996929,
          5843.382569936
        ],
        [
          5843.382395296,
          5843.394411537,
          0.012016836999997338,
          5843.394695136
        ],
        [
          5843.394618827,
          5843.406797909,
          0.012180006000001242,
          5843.407096677
        ],
        [
          5843.406996088,
          5843.418594841,
          0.011599909000004516,
          5843.41898789
        ],
        [
          5843.418771871,
          5843.430185325,
          0.011413799999999696,
          5843.430418864
        ],
        [
          5843.430357184,
          5843.442277046,
          0.011920746999997789,
          5843.442694285
        ],
        [
          5843.442464086,
          5843.454414807,
          0.011951007999996932,
          5843.454796817
        ],
        [
          5843.454589758,
          5843.465726832,
          0.011137609999998688,
          5843.46615327
        ],
        [
          5843.465899151,
          5843.477568565,
          0.011670578000000376,
          5843.477846724
        ],
        [
          5843.477791134,
          5843.489408068,
          0.011617118000003757,
          5843.489603187
        ],
        [
          5843.489594436,
          5843.500728021,
          0.011134789999999839,
          5843.50101549
        ],
        [
          5843.50117273,
          5843.512803722,
          0.011631038000004423,
          5843.513079152
        ],
        [
          5843.512993642,
          5843.525895521,
          0.012902314000001525,
          5843.526333559
        ],
        [
          5843.52610014,
          5843.538381572,
          0.012281536999999787,
          5843.5386493
        ],
        [
          5843.53857982,
          5843.550556163,
          0.011976537000002452,
          5843.550947581
        ],
        [
          5843.550739632,
          5843.563200523,
          0.012461145999999701,
          5843.563596512
        ],
        [
          5843.563375962,
          5843.576171461,
          0.01278929400000095,
          5843.57645294
        ],
        [
          5843.57636802,
          5843.588148563,
          0.011780817999998305,
          5843.588537572
        ],
        [
          5843.588325043,
          5843.600493304,
          0.012168746000000397,
          5843.600895843
        ],
        [
          5843.600686884,
          5843.612851245,
          0.01216489699999812,
          5843.613120795
        ],
        [
          5843.613046995,
          5843.625146457,
          0.01209974800000424,
          5843.625534085
        ],
        [
          5843.625314776,
          5843.637396168,
          0.012072977999999068,
          5843.637828586
        ],
        [
          5843.637590537,
          5843.650093378,
          0.012503084999998748,
          5843.650489206
        ],
        [
          5843.650271177,
          5843.661584851,
          0.011313939000004325,
          5843.66196906
        ],
        [
          5843.661756031,
          5843.673371193,
          0.011615759000001447,
          5843.673649164
        ],
        [
          5843.673564864,
          5843.686224184,
          0.012660374999995838,
          5843.686643162
        ],
        [
          5843.686427012,
          5843.698259314,
          0.011825878999999873,
          5843.698651174
        ],
        [
          5843.698438145,
          5843.710269807,
          0.011832187999999633,
          5843.710682045
        ],
        [
          5843.710434706,
          5843.721736211,
          0.011301960000004385,
          5843.722094159
        ],
        [
          5843.72188178,
          5843.734203491,
          0.012322466000000531,
          5843.73451406
        ],
        [
          5843.734357331,
          5843.746244113,
          0.011887096999998903,
          5843.746639821
        ],
        [
          5843.746416782,
          5843.758440115,
          0.012023966000000996,
          5843.758825983
        ],
        [
          5843.758611494,
          5843.769581788,
          0.010962841000001333,
          5843.770057437
        ],
        [
          5843.769764558,
          5843.78167193,
          0.011907998000005193,
          5843.782061259
        ],
        [
          5843.78185345,
          5843.792771445,
          0.010918191000001798,
          5843.793190985
        ],
        [
          5843.792944494,
          5843.804431468,
          0.01148734899999937,
          5843.804703227
        ],
        [
          5843.804623568,
          5843.816224141,
          0.011600598999997658,
          5843.81658743
        ],
        [
          5843.81638784,
          5843.828324973,
          0.01193801800000216,
          5843.828688272
        ],
        [
          5843.828507322,
          5843.839899205,
          0.011392470000004096,
          5843.840172824
        ],
        [
          5843.840123495,
          5843.850859462,
          0.010736542000003624,
          5843.85111163
        ],
        [
          5843.851058741,
          5843.862483904,
          0.01142603000000264,
          5843.862834493
        ],
        [
          5843.862690223,
          5843.875257004,
          0.012567374999996161,
          5843.875646403
        ],
        [
          5843.875463844,
          5843.887791185,
          0.012327576000004115,
          5843.888115833
        ],
        [
          5843.887962924,
          5843.901264322,
          0.013301572000003148,
          5843.9016726
        ],
        [
          5843.901450981,
          5843.913482943,
          0.012032276999995872,
          5843.913834731
        ],
        [
          5843.913662632,
          5843.927569408,
          0.013907321000004913,
          5843.927984157
        ],
        [
          5843.927754848,
          5843.93972957,
          0.011975286999998502,
          5843.940186959
        ],
        [
          5843.939915589,
          5843.95191453,
          0.011998948000005782,
          5843.95230749
        ],
        [
          5843.9521142,
          5843.963285645,
          0.011172010000002786,
          5843.963671213
        ],
        [
          5843.963461874,
          5843.975715006,
          0.012253585999999927,
          5843.976199684
        ],
        [
          5843.975895195,
          5843.987253189,
          0.011358698999998751,
          5843.987633528
        ],
        [
          5843.987428309,
          5843.99954636,
          0.012118348000001333,
          5843.999926579
        ],
        [
          5843.99971751,
          5844.012963268,
          0.013246342999998717,
          5844.013365366
        ],
        [
          5844.013154447,
          5844.025502528,
          0.012340336000001173,
          5844.025889267
        ],
        [
          5844.025675747,
          5844.038096577,
          0.012421565000003909,
          5844.038352187
        ],
        [
          5844.038304607,
          5844.050331459,
          0.01202693700000168,
          5844.050723928
        ],
        [
          5844.050517918,
          5844.062808539,
          0.012291224999998462,
          5844.063219368
        ],
        [
          5844.062990769,
          5844.075022761,
          0.01203222699999884,
          5844.075410879
        ],
        [
          5844.07520006,
          5844.088073289,
          0.012867484000004481,
          5844.088457988
        ],
        [
          5844.088248198,
          5844.10031556,
          0.012067977000000951,
          5844.100691319
        ],
        [
          5844.100521499,
          5844.111857254,
          0.011336108999998373,
          5844.112194543
        ],
        [
          5844.112081843,
          5844.123594066,
          0.011512238999998203,
          5844.123764605
        ],
        [
          5844.123776365,
          5844.13504011,
          0.011264119999999878,
          5844.135428059
        ],
        [
          5844.1352152,
          5844.147320682,
          0.012098395999998957,
          5844.14770531
        ],
        [
          5844.147497781,
          5844.16033128,
          0.012833724000003599,
          5844.160673619
        ],
        [
          5844.160501909,
          5844.172603562,
          0.012102546000001269,
          5844.17303484
        ],
        [
          5844.172819521,
          5844.184897632,
          0.012078266000003168,
          5844.185289381
        ],
        [
          5844.185096371,
          5844.197558082,
          0.012461914999995827,
          5844.197946891
        ],
        [
          5844.197738651,
          5844.208500968,
          0.010762900999999658,
          5844.208884776
        ],
        [
          5844.208676557,
          5844.220069421,
          0.011393129999994756,
          5844.220450219
        ],
        [
          5844.2202405,
          5844.232469641,
          0.01222976700000089,
          5844.23270654
        ],
        [
          5844.232653271,
          5844.244583543,
          0.011930847000002132,
          5844.245083452
        ],
        [
          5844.244776913,
          5844.257653812,
          0.01287712500000282,
          5844.25806259
        ],
        [
          5844.257856801,
          5844.270186172,
          0.012329376000003833,
          5844.270493691
        ],
        [
          5844.270347631,
          5844.282101094,
          0.011743027999997935,
          5844.282397503
        ],
        [
          5844.282330703,
          5844.294663124,
          0.012332796000002588,
          5844.295044453
        ],
        [
          5844.294847734,
          5844.307055385,
          0.012207996000000776,
          5844.307408744
        ],
        [
          5844.307233115,
          5844.321038971,
          0.013806640000005643,
          5844.32131368
        ],
        [
          5844.3212746,
          5844.334941016,
          0.013666960000001893,
          5844.335233006
        ],
        [
          5844.335158166,
          5844.348226625,
          0.013068893000003357,
          5844.348628484
        ],
        [
          5844.348418434,
          5844.361692152,
          0.013274222999996255,
          5844.362101501
        ],
        [
          5844.361873622,
          5844.373758014,
          0.011884807999997804,
          5844.374030793
        ],
        [
          5844.373943273,
          5844.385963695,
          0.012021267999998031,
          5844.386344884
        ],
        [
          5844.386182005,
          5844.400815028,
          0.01463355799999988,
          5844.401179307
        ],
        [
          5844.401044407,
          5844.414529444,
          0.013485312000000249,
          5844.414848403
        ],
        [
          5844.414728754,
          5844.428838519,
          0.014109879000002934,
          5844.429288888
        ],
        [
          5844.429044718,
          5844.441840748,
          0.01279634299999799,
          5844.442238827
        ],
        [
          5844.442045387,
          5844.454839656,
          0.012794414999994785,
          5844.455246976
        ],
        [
          5844.455031336,
          5844.467092028,
          0.01206096599999995,
          5844.467330048
        ],
        [
          5844.467270098,
          5844.480608165,
          0.013338801999999816,
          5844.480931484
        ],
        [
          5844.480799514,
          5844.495186099,
          0.014386758000000555,
          5844.495467888
        ],
        [
          5844.495392568,
          5844.507945979,
          0.012553955000001338,
          5844.508328767
        ],
        [
          5844.508162918,
          5844.520508289,
          0.012345836000001498,
          5844.520883598
        ],
        [
          5844.520691728,
          5844.533357258,
          0.012665574999999762,
          5844.533739857
        ],
        [
          5844.533541587,
          5844.546038798,
          0.012496935000001486,
          5844.546418856
        ],
        [
          5844.546216077,
          5844.559199505,
          0.012983932999993897,
          5844.559644085
        ],
        [
          5844.559434916,
          5844.572228195,
          0.012794394000003706,
          5844.572701914
        ],
        [
          5844.572521624,
          5844.586785109,
          0.014263888999998642,
          5844.587088208
        ],
        [
          5844.587035738,
          5844.599479698,
          0.012443974999996499,
          5844.599710598
        ],
        [
          5844.599687148,
          5844.61144418,
          0.011757288000005417,
          5844.61171575
        ],
        [
          5844.611644831,
          5844.623603352,
          0.011958687999999995,
          5844.623852471
        ],
        [
          5844.623785961,
          5844.637868507,
          0.014083870000000331,
          5844.638359245
        ],
        [
          5844.638076576,
          5844.650298627,
          0.01222228599999653,
          5844.650686686
        ],
        [
          5844.650479096,
          5844.662256559,
          0.01177756699999577,
          5844.662631268
        ],
        [
          5844.662428539,
          5844.675242488,
          0.01281406399999696,
          5844.675621957
        ],
        [
          5844.675415288,
          5844.688402526,
          0.012988002999996695,
          5844.688651985
        ],
        [
          5844.688588706,
          5844.702579911,
          0.013991490000002216,
          5844.70299492
        ],
        [
          5844.702763511,
          5844.716283379,
          0.013520040999999594,
          5844.716647607
        ],
        [
          5844.716454608,
          5844.730067255,
          0.013613091999999938,
          5844.730447973
        ],
        [
          5844.730247874,
          5844.742885283,
          0.01263784399999679,
          5844.743197733
        ],
        [
          5844.743128542,
          5844.754658217,
          0.011529838999997821,
          5844.755068545
        ],
        [
          5844.754822556,
          5844.767074717,
          0.012252386000000115,
          5844.767451386
        ],
        [
          5844.767260906,
          5844.779423988,
          0.012163655999998468,
          5844.779821617
        ],
        [
          5844.779604058,
          5844.791218991,
          0.011615657999996643,
          5844.79158358
        ],
        [
          5844.79141789,
          5844.804468559,
          0.013050924000005182,
          5844.804822178
        ],
        [
          5844.804708468,
          5844.817880825,
          0.013172562000001165,
          5844.818131596
        ],
        [
          5844.818079465,
          5844.830069597,
          0.011990297000004091,
          5844.830400966
        ],
        [
          5844.830241777,
          5844.842714127,
          0.012472744999996621,
          5844.843116837
        ],
        [
          5844.842886337,
          5844.855550707,
          0.012665414000004205,
          5844.855908056
        ],
        [
          5844.855756177,
          5844.869482262,
          0.013726531000003206,
          5844.869886831
        ],
        [
          5844.869662682,
          5844.88303481,
          0.013372222000000988,
          5844.883278009
        ],
        [
          5844.883218199,
          5844.896068798,
          0.01285072499999984,
          5844.896458297
        ],
        [
          5844.896250588,
          5844.909504966,
          0.013255011999994792,
          5844.909885764
        ],
        [
          5844.909681855,
          5844.921657477,
          0.011975847000002204,
          5844.922088515
        ],
        [
          5844.921833327,
          5844.934424376,
          0.012592054999998936,
          5844.934796275
        ],
        [
          5844.934623336,
          5844.947133156,
          0.012510355000003415,
          5844.947318666
        ],
        [
          5844.947343026,
          5844.960382975,
          0.013040182999993988,
          5844.960768673
        ],
        [
          5844.960580054,
          5844.972877115,
          0.012297556000000043,
          5844.973269984
        ],
        [
          5844.973123405,
          5844.98692137,
          0.01182333799999924,
          5844.98734676
        ],
        [
          5844.987128299,
          5844.99981673,
          0.012688865000001215,
          5845.000093089
        ],
        [
          5845.000010299,
          5845.011790771,
          0.011781157999998015,
          5845.012232181
        ],
        [
          5845.01202165,
          5845.024554581,
          0.012533054999998683,
          5845.02493121
        ],
        [
          5845.024761521,
          5845.037375651,
          0.01261505499999771,
          5845.037796509
        ],
        [
          5845.03759333,
          5845.051209437,
          0.013616750999993599,
          5845.051397796
        ],
        [
          5845.051429945,
          5845.063467467,
          0.012037468000002605,
          5845.063786637
        ],
        [
          5845.063671137,
          5845.075692499,
          0.012021637000003693,
          5845.075952388
        ],
        [
          5845.075885468,
          5845.089686295,
          0.013801221000001362,
          5845.090154314
        ],
        [
          5845.089914124,
          5845.102784943,
          0.012871193999998809,
          5845.103198581
        ],
        [
          5845.103023913,
          5845.11672471,
          0.013694630999999902,
          5845.117163148
        ],
        [
          5845.116931998,
          5845.129673388,
          0.01274158399999692,
          5845.129929637
        ],
        [
          5845.129868988,
          5845.142697776,
          0.012829405000005067,
          5845.142944856
        ],
        [
          5845.142884356,
          5845.155760995,
          0.01287725399999573,
          5845.156184384
        ],
        [
          5845.155943105,
          5845.168905693,
          0.012963184000000183,
          5845.169332363
        ],
        [
          5845.169127963,
          5845.183508577,
          0.014380998999996564,
          5845.183935906
        ],
        [
          5845.183726296,
          5845.197132544,
          0.013406402000001094,
          5845.197403023
        ],
        [
          5845.197331694,
          5845.210030843,
          0.012699475000005123,
          5845.210311472
        ],
        [
          5845.210217422,
          5845.223422231,
          0.013205033000005528,
          5845.22366834
        ]
      ]
    },
    {
      "round_index": 19,
      "map_setup_wall_s": 0.0017083439997804817,
      "map_setup_parent_cpu_s": 0.0023984280000011182,
      "result_next_wall_s": 1.8995165859996632,
      "result_next_parent_cpu_s": 0.05792919599998214,
      "serial_result_processing_wall_s": 0.005407271005424263,
      "serial_result_processing_parent_cpu_s": 0.005873584999989134,
      "worker_placement_wall_sum_s": 1.876844790006544,
      "worker_placement_cpu_sum_s": 1.8767439169999776,
      "worker_tasks": 181,
      "per_worker": {
        "20001": 181
      },
      "task_intervals": [
        [
          5846.115360214,
          5846.116194941,
          0.0008014779999996335,
          5846.11638692
        ],
        [
          5846.11634785,
          5846.126294649,
          0.00994761500000152,
          5846.126461258
        ],
        [
          5846.126440078,
          5846.13539646,
          0.008950247999997885,
          5846.135751119
        ],
        [
          5846.135548529,
          5846.145387729,
          0.00983941400000532,
          5846.145705028
        ],
        [
          5846.145544718,
          5846.155390237,
          0.0098461950000015,
          5846.155730785
        ],
        [
          5846.155583656,
          5846.165450675,
          0.009867074999995396,
          5846.165787933
        ],
        [
          5846.165615534,
          5846.174896675,
          0.009281655999998861,
          5846.175247504
        ],
        [
          5846.175093315,
          5846.184486695,
          0.009393625999997823,
          5846.184852644
        ],
        [
          5846.184673814,
          5846.194537913,
          0.009864254999996547,
          5846.194756332
        ],
        [
          5846.194701662,
          5846.204162352,
          0.009460894999996583,
          5846.204518671
        ],
        [
          5846.204315452,
          5846.213782161,
          0.009467976999999905,
          5846.214134471
        ],
        [
          5846.213949212,
          5846.223491641,
          0.009542465999999195,
          5846.223832329
        ],
        [
          5846.22364884,
          5846.233864718,
          0.01021703400000007,
          5846.234306447
        ],
        [
          5846.234096568,
          5846.243767877,
          0.009671314999998515,
          5846.244157336
        ],
        [
          5846.243953206,
          5846.253672975,
          0.009720254999997735,
          5846.253985754
        ],
        [
          5846.253844094,
          5846.265032559,
          0.011188939999996705,
          5846.265421558
        ],
        [
          5846.265194749,
          5846.275076198,
          0.009881745000001274,
          5846.275401406
        ],
        [
          5846.275232927,
          5846.285075915,
          0.009843274000004953,
          5846.285457294
        ],
        [
          5846.285248695,
          5846.296158991,
          0.010910801000001413,
          5846.29655395
        ],
        [
          5846.29632676,
          5846.306760317,
          0.010433922000004259,
          5846.307077456
        ],
        [
          5846.306913277,
          5846.317895322,
          0.010982231999996372,
          5846.31818707
        ],
        [
          5846.318046761,
          5846.328905287,
          0.010858801000004803,
          5846.329128767
        ],
        [
          5846.329077256,
          5846.339498443,
          0.010421811999997033,
          5846.339711253
        ],
        [
          5846.339661953,
          5846.34991199,
          0.010250263000003201,
          5846.35010064
        ],
        [
          5846.350072369,
          5846.360226548,
          0.010154452999998398,
          5846.360495696
        ],
        [
          5846.360376967,
          5846.3720108,
          0.011634008000001472,
          5846.37226743
        ],
        [
          5846.37215711,
          5846.382312318,
          0.010155564000001505,
          5846.382563217
        ],
        [
          5846.382469707,
          5846.392548295,
          0.01007884399999881,
          5846.392902764
        ],
        [
          5846.392696065,
          5846.404041709,
          0.0113458689999959,
          5846.404400777
        ],
        [
          5846.404198938,
          5846.413673379,
          0.00947466599999558,
          5846.414078757
        ],
        [
          5846.413815568,
          5846.424711863,
          0.0108964909999969,
          5846.425042232
        ],
        [
          5846.424856963,
          5846.43525025,
          0.010393851999999981,
          5846.435601089
        ],
        [
          5846.4354089,
          5846.445552678,
          0.010143833000000768,
          5846.445892277
        ],
        [
          5846.445697457,
          5846.455480196,
          0.009776534999993203,
          5846.455820045
        ],
        [
          5846.455623346,
          5846.466020133,
          0.01039731199999494,
          5846.466367691
        ],
        [
          5846.466164942,
          5846.477329036,
          0.011164719999996464,
          5846.477703076
        ],
        [
          5846.477507076,
          5846.487806533,
          0.010299572000000978,
          5846.488189072
        ],
        [
          5846.487988143,
          5846.49834807,
          0.010360472999998649,
          5846.498701278
        ],
        [
          5846.49852637,
          5846.509151145,
          0.010624881999994784,
          5846.509510274
        ],
        [
          5846.509307675,
          5846.520260621,
          0.010952901000003123,
          5846.520618989
        ],
        [
          5846.52042018,
          5846.531249346,
          0.010829431000004774,
          5846.531614174
        ],
        [
          5846.531409905,
          5846.542029391,
          0.010619712000000447,
          5846.54237118
        ],
        [
          5846.5421779,
          5846.552344048,
          0.010166822999998715,
          5846.552545548
        ],
        [
          5846.552604898,
          5846.562020608,
          0.009415906999997503,
          5846.562406457
        ],
        [
          5846.562182417,
          5846.572437405,
          0.010255043999997326,
          5846.572795184
        ],
        [
          5846.572594125,
          5846.582124384,
          0.009530395999995278,
          5846.582476233
        ],
        [
          5846.582285424,
          5846.592406982,
          0.010121894000000964,
          5846.592619801
        ],
        [
          5846.592565552,
          5846.603034898,
          0.010469231999998385,
          5846.603378007
        ],
        [
          5846.603180427,
          5846.612928187,
          0.009747965000002523,
          5846.613144026
        ],
        [
          5846.613080676,
          5846.622713446,
          0.009632926000001873,
          5846.623024475
        ],
        [
          5846.622858525,
          5846.631843186,
          0.008985027000001367,
          5846.632210746
        ],
        [
          5846.631997707,
          5846.641058138,
          0.00905515700000592,
          5846.641404426
        ],
        [
          5846.641192287,
          5846.651082475,
          0.009890044999998793,
          5846.651421974
        ],
        [
          5846.651234735,
          5846.66244413,
          0.011209770000000674,
          5846.662801078
        ],
        [
          5846.662600979,
          5846.672196229,
          0.009595264999994413,
          5846.672541688
        ],
        [
          5846.672349619,
          5846.681665798,
          0.009316327000000513,
          5846.682022288
        ],
        [
          5846.681812498,
          5846.692406565,
          0.010594221999994602,
          5846.692764094
        ],
        [
          5846.692572155,
          5846.704253107,
          0.011681477999999856,
          5846.704637886
        ],
        [
          5846.704431077,
          5846.714061095,
          0.009629916000001515,
          5846.714392995
        ],
        [
          5846.714199296,
          5846.724078225,
          0.009879015000002767,
          5846.724366684
        ],
        [
          5846.724225215,
          5846.734160533,
          0.00993555499999843,
          5846.734445092
        ],
        [
          5846.734287792,
          5846.745422976,
          0.011135199999998235,
          5846.745754275
        ],
        [
          5846.745545616,
          5846.755854674,
          0.010308702999999753,
          5846.756235062
        ],
        [
          5846.755981823,
          5846.765934531,
          0.009952855000001648,
          5846.76618209
        ],
        [
          5846.766123161,
          5846.777287616,
          0.011164641000000586,
          5846.777558895
        ],
        [
          5846.777426675,
          5846.78848361,
          0.01105702999999636,
          5846.78875924
        ],
        [
          5846.788631129,
          5846.800151953,
          0.011520968999995773,
          5846.800493262
        ],
        [
          5846.800316322,
          5846.811104828,
          0.010788621999999748,
          5846.811430598
        ],
        [
          5846.811254868,
          5846.822073084,
          0.010818382000003623,
          5846.822264973
        ],
        [
          5846.822222213,
          5846.832986369,
          0.01076469099999855,
          5846.833359828
        ],
        [
          5846.833169378,
          5846.843997544,
          0.010835141999997688,
          5846.844393883
        ],
        [
          5846.844201314,
          5846.855282968,
          0.011082109999996703,
          5846.855481358
        ],
        [
          5846.855441198,
          5846.866719723,
          0.011279151000003651,
          5846.866900582
        ],
        [
          5846.866862892,
          5846.877298438,
          0.010435552999993547,
          5846.877534457
        ],
        [
          5846.877459458,
          5846.888057134,
          0.010597961999998518,
          5846.888359114
        ],
        [
          5846.888207223,
          5846.89919216,
          0.010985580999999911,
          5846.899502659
        ],
        [
          5846.899348449,
          5846.909197208,
          0.009848804000000655,
          5846.909527436
        ],
        [
          5846.909341307,
          5846.919444035,
          0.010102944000003333,
          5846.919782824
        ],
        [
          5846.919604164,
          5846.929274564,
          0.009670566000004044,
          5846.929618932
        ],
        [
          5846.929425464,
          5846.939551351,
          0.010125993999999139,
          5846.93987665
        ],
        [
          5846.93969584,
          5846.949520149,
          0.009824593999994136,
          5846.949873568
        ],
        [
          5846.949677769,
          5846.960030766,
          0.01035325299999812,
          5846.960356226
        ],
        [
          5846.960197886,
          5846.970262414,
          0.01006478400000077,
          5846.970565143
        ],
        [
          5846.970414084,
          5846.979755824,
          0.00934237599999932,
          5846.980179912
        ],
        [
          5846.979902673,
          5846.989406423,
          0.009504096000000573,
          5846.989745152
        ],
        [
          5846.989561502,
          5847.00015155,
          0.010590452999998945,
          5847.000523239
        ],
        [
          5847.0003055,
          5847.010090208,
          0.009784815999999807,
          5847.010443117
        ],
        [
          5847.010240288,
          5847.020128426,
          0.009888305000004038,
          5847.020477415
        ],
        [
          5847.020282266,
          5847.029830355,
          0.00954843600000288,
          5847.030287214
        ],
        [
          5847.029996905,
          5847.040669481,
          0.010672702000000811,
          5847.04102216
        ],
        [
          5847.040814571,
          5847.051405457,
          0.010590923000002306,
          5847.051742285
        ],
        [
          5847.051548746,
          5847.061354405,
          0.009805925000001992,
          5847.061716764
        ],
        [
          5847.061518474,
          5847.071614942,
          0.010096564000001251,
          5847.071965392
        ],
        [
          5847.071761362,
          5847.081358652,
          0.00959775600000512,
          5847.08170503
        ],
        [
          5847.081498682,
          5847.091652089,
          0.010105373999998335,
          5847.092229958
        ],
        [
          5847.091804778,
          5847.102491665,
          0.01068691100000052,
          5847.102705604
        ],
        [
          5847.102793304,
          5847.11353473,
          0.010741652000000101,
          5847.113886439
        ],
        [
          5847.11368154,
          5847.124939764,
          0.011259399000003611,
          5847.125308683
        ],
        [
          5847.125154124,
          5847.135867799,
          0.010714172000000133,
          5847.136145958
        ],
        [
          5847.136044058,
          5847.147777581,
          0.011733438000000262,
          5847.148046391
        ],
        [
          5847.147942961,
          5847.158309328,
          0.010359282999999664,
          5847.158530047
        ],
        [
          5847.158468147,
          5847.169502693,
          0.011035000999996214,
          5847.169835162
        ],
        [
          5847.169651943,
          5847.180812176,
          0.011160488999998108,
          5847.181225675
        ],
        [
          5847.180958106,
          5847.191621662,
          0.010663872000002073,
          5847.191862732
        ],
        [
          5847.191766641,
          5847.203173356,
          0.011407239000000402,
          5847.203531724
        ],
        [
          5847.203324025,
          5847.213827511,
          0.010503742000004479,
          5847.214219562
        ],
        [
          5847.213984251,
          5847.224341659,
          0.010351083999999844,
          5847.224617268
        ],
        [
          5847.224469858,
          5847.234514487,
          0.010044835000002195,
          5847.234870165
        ],
        [
          5847.234674786,
          5847.244660254,
          0.009985703999994655,
          5847.245026373
        ],
        [
          5847.244791514,
          5847.256051778,
          0.011260640000003264,
          5847.256401557
        ],
        [
          5847.256198497,
          5847.267136863,
          0.010938969999997994,
          5847.267505152
        ],
        [
          5847.267293202,
          5847.277499941,
          0.010206913000004647,
          5847.27771744
        ],
        [
          5847.27764933,
          5847.289102154,
          0.01144716000000301,
          5847.289427692
        ],
        [
          5847.289241673,
          5847.29974021,
          0.010499252999998987,
          5847.300097318
        ],
        [
          5847.299868659,
          5847.309996097,
          0.010127823999994234,
          5847.310261186
        ],
        [
          5847.310163017,
          5847.320889643,
          0.010728841999998906,
          5847.321331091
        ],
        [
          5847.321156823,
          5847.332362407,
          0.011205320000001961,
          5847.332664445
        ],
        [
          5847.332529366,
          5847.343533311,
          0.011003860999998949,
          5847.34387116
        ],
        [
          5847.343695341,
          5847.354706525,
          0.011011840999998412,
          5847.354920385
        ],
        [
          5847.354884485,
          5847.365344351,
          0.010460561999998674,
          5847.365650961
        ],
        [
          5847.365505191,
          5847.377248224,
          0.011743287999998131,
          5847.377602933
        ],
        [
          5847.377405244,
          5847.390280232,
          0.012875782999998364,
          5847.390488222
        ],
        [
          5847.390474732,
          5847.401659127,
          0.01118464999999702,
          5847.401915106
        ],
        [
          5847.401807276,
          5847.412228553,
          0.01041177399999782,
          5847.412441862
        ],
        [
          5847.412368782,
          5847.423486438,
          0.011117909999995845,
          5847.423726067
        ],
        [
          5847.423626687,
          5847.433762695,
          0.010136522999999897,
          5847.434036034
        ],
        [
          5847.433909485,
          5847.444470671,
          0.010561291999998446,
          5847.444826179
        ],
        [
          5847.44459158,
          5847.455464816,
          0.010873430000003736,
          5847.455788585
        ],
        [
          5847.455614296,
          5847.465940353,
          0.010326163999998528,
          5847.466305922
        ],
        [
          5847.466117072,
          5847.47625578,
          0.01013895500000217,
          5847.476609609
        ],
        [
          5847.47640407,
          5847.487318485,
          0.010914571000000706,
          5847.487669243
        ],
        [
          5847.487463155,
          5847.497966222,
          0.010503253000003099,
          5847.498349521
        ],
        [
          5847.498134902,
          5847.50796838,
          0.00983361499999802,
          5847.508332559
        ],
        [
          5847.508136839,
          5847.518836745,
          0.010700071000002254,
          5847.519218934
        ],
        [
          5847.518987845,
          5847.528579034,
          0.009591696000001093,
          5847.528945253
        ],
        [
          5847.528733604,
          5847.539835089,
          0.011095869999998342,
          5847.540263588
        ],
        [
          5847.540011528,
          5847.550330466,
          0.010318982999997672,
          5847.550676924
        ],
        [
          5847.550474376,
          5847.562248078,
          0.011774017999997,
          5847.562615877
        ],
        [
          5847.562403307,
          5847.572611615,
          0.010208593999998072,
          5847.572958744
        ],
        [
          5847.572759795,
          5847.582538924,
          0.009779424999997843,
          5847.582878593
        ],
        [
          5847.582690274,
          5847.594675564,
          0.011985546000005343,
          5847.595046194
        ],
        [
          5847.594826164,
          5847.605886369,
          0.011060290000003192,
          5847.606315128
        ],
        [
          5847.606053979,
          5847.616789794,
          0.01073591199999413,
          5847.617026713
        ],
        [
          5847.616942574,
          5847.628165709,
          0.011223319999999148,
          5847.628529548
        ],
        [
          5847.628317258,
          5847.637596689,
          0.009279787000004092,
          5847.637945868
        ],
        [
          5847.637735208,
          5847.647332749,
          0.009597717000005446,
          5847.647676317
        ],
        [
          5847.647476308,
          5847.657200397,
          0.009724284999997224,
          5847.657522696
        ],
        [
          5847.657366837,
          5847.667358865,
          0.009985434999997267,
          5847.667645784
        ],
        [
          5847.667501234,
          5847.677353703,
          0.009852594999998132,
          5847.677602782
        ],
        [
          5847.677494213,
          5847.686902783,
          0.00940864700000077,
          5847.687134092
        ],
        [
          5847.687070132,
          5847.697995757,
          0.010925780999997414,
          5847.698367616
        ],
        [
          5847.698177957,
          5847.710635168,
          0.012457306000001722,
          5847.710961256
        ],
        [
          5847.710792537,
          5847.722078912,
          0.011287099999996997,
          5847.722385511
        ],
        [
          5847.722214171,
          5847.732345699,
          0.01012317400000029,
          5847.732683478
        ],
        [
          5847.732501828,
          5847.743084154,
          0.010582443000004105,
          5847.743431303
        ],
        [
          5847.743228614,
          5847.753358422,
          0.010130074000002764,
          5847.753581161
        ],
        [
          5847.753506891,
          5847.764326938,
          0.010820252000002029,
          5847.764670346
        ],
        [
          5847.764479187,
          5847.77589603,
          0.011416940000003706,
          5847.776275119
        ],
        [
          5847.776105329,
          5847.786822556,
          0.010717702000000884,
          5847.787129775
        ],
        [
          5847.786961456,
          5847.797634472,
          0.01066611100000614,
          5847.79798996
        ],
        [
          5847.797775711,
          5847.808380657,
          0.01060511200000036,
          5847.808721266
        ],
        [
          5847.808530317,
          5847.818511045,
          0.009980954999996072,
          5847.818849975
        ],
        [
          5847.818651334,
          5847.828280774,
          0.009629986000000201,
          5847.828636723
        ],
        [
          5847.828430543,
          5847.837919734,
          0.00948921700000227,
          5847.838233503
        ],
        [
          5847.838071793,
          5847.84884254,
          0.010770721999996624,
          5847.849124979
        ],
        [
          5847.848988919,
          5847.858564169,
          0.009575376000000801,
          5847.858913778
        ],
        [
          5847.858698468,
          5847.868532376,
          0.009834054000002368,
          5847.868866656
        ],
        [
          5847.868666417,
          5847.879413202,
          0.010747141999999599,
          5847.879792051
        ],
        [
          5847.879587492,
          5847.88969107,
          0.010103764000000126,
          5847.890096479
        ],
        [
          5847.88982168,
          5847.900145647,
          0.010324111999999275,
          5847.900473755
        ],
        [
          5847.900289776,
          5847.911315641,
          0.011026341000004436,
          5847.911658491
        ],
        [
          5847.911470941,
          5847.922366556,
          0.010895860999994511,
          5847.922706325
        ],
        [
          5847.922509316,
          5847.9340211,
          0.011511879000003944,
          5847.934220309
        ],
        [
          5847.934153869,
          5847.944646766,
          0.010493011999997748,
          5847.944993505
        ],
        [
          5847.944790615,
          5847.955576931,
          0.010786711999998033,
          5847.955936511
        ],
        [
          5847.955738351,
          5847.966724826,
          0.01098674100000352,
          5847.967093904
        ],
        [
          5847.966866385,
          5847.9778027,
          0.010936680999996895,
          5847.97815565
        ],
        [
          5847.97794716,
          5847.987857798,
          0.009910984000001122,
          5847.988205328
        ],
        [
          5847.988031368,
          5847.999283522,
          0.01125233999999864,
          5847.999604921
        ],
        [
          5847.999436292,
          5848.010084338,
          0.010648112000005483,
          5848.010300987
        ],
        [
          5848.010229567,
          5848.020552386,
          0.010322892000004913,
          5848.020760565
        ]
      ]
    },
    {
      "round_index": 20,
      "map_setup_wall_s": 0.0020989429995097453,
      "map_setup_parent_cpu_s": 0.002966541000001044,
      "result_next_wall_s": 2.08683285699135,
      "result_next_parent_cpu_s": 0.06433349699998914,
      "serial_result_processing_wall_s": 0.004354174009677081,
      "serial_result_processing_parent_cpu_s": 0.004668044000018412,
      "worker_placement_wall_sum_s": 2.0602220049959215,
      "worker_placement_cpu_sum_s": 2.060169716999944,
      "worker_tasks": 181,
      "per_worker": {
        "20001": 181
      },
      "task_intervals": [
        [
          5848.931658158,
          5848.932369595,
          0.0007112669999997934,
          5848.932501524
        ],
        [
          5848.932529304,
          5848.94368522,
          0.011157109000002663,
          5848.944082678
        ],
        [
          5848.943877469,
          5848.954472015,
          0.010595121999998014,
          5848.954882824
        ],
        [
          5848.954661014,
          5848.965184031,
          0.010523702000000412,
          5848.96555527
        ],
        [
          5848.96536195,
          5848.977009714,
          0.01164782800000097,
          5848.977392762
        ],
        [
          5848.977186443,
          5848.988463367,
          0.011278218999997591,
          5848.988851106
        ],
        [
          5848.988649047,
          5849.000947048,
          0.012298446000002627,
          5849.001325946
        ],
        [
          5849.001127258,
          5849.012015223,
          0.010888640999993981,
          5849.012379381
        ],
        [
          5849.012192932,
          5849.023192708,
          0.011000390999996057,
          5849.023583266
        ],
        [
          5849.023378007,
          5849.035205898,
          0.011828647000001524,
          5849.035567938
        ],
        [
          5849.035375678,
          5849.045679277,
          0.010303943999993237,
          5849.046067215
        ],
        [
          5849.045849745,
          5849.056612051,
          0.010762921999997843,
          5849.0570618
        ],
        [
          5849.056804301,
          5849.068153065,
          0.011349438999999961,
          5849.068531464
        ],
        [
          5849.068322314,
          5849.079249419,
          0.010920989999995356,
          5849.079613538
        ],
        [
          5849.079419929,
          5849.090404135,
          0.010984600000000455,
          5849.090619864
        ],
        [
          5849.090605634,
          5849.100907991,
          0.010302193000001125,
          5849.101319469
        ],
        [
          5849.101094001,
          5849.112879893,
          0.011785817999999892,
          5849.113341011
        ],
        [
          5849.113067552,
          5849.124006277,
          0.010938900999995838,
          5849.124440426
        ],
        [
          5849.124181167,
          5849.134989842,
          0.010808791999998846,
          5849.135420932
        ],
        [
          5849.135174053,
          5849.146149727,
          0.010975761000004525,
          5849.146557296
        ],
        [
          5849.146314937,
          5849.157694041,
          0.011379499000000237,
          5849.15817824
        ],
        [
          5849.15786787,
          5849.168936385,
          0.011068790000003048,
          5849.169379433
        ],
        [
          5849.169129554,
          5849.180800388,
          0.011671028999998612,
          5849.181146807
        ],
        [
          5849.180990757,
          5849.192280141,
          0.011289949000001798,
          5849.19261406
        ],
        [
          5849.192446911,
          5849.203640675,
          0.011186159000004636,
          5849.204073494
        ],
        [
          5849.203794075,
          5849.215713767,
          0.011920058000001177,
          5849.216076165
        ],
        [
          5849.215891217,
          5849.227032911,
          0.011141731000002153,
          5849.22739221
        ],
        [
          5849.227183801,
          5849.237903827,
          0.010720182000000023,
          5849.238307606
        ],
        [
          5849.238063476,
          5849.248891472,
          0.010828282000005629,
          5849.24926953
        ],
        [
          5849.249079141,
          5849.259833918,
          0.010755000999999709,
          5849.260220896
        ],
        [
          5849.259987607,
          5849.271773919,
          0.011777168000001836,
          5849.272180419
        ],
        [
          5849.271920768,
          5849.282535895,
          0.010615551000000778,
          5849.282841774
        ],
        [
          5849.282697405,
          5849.294109498,
          0.011412528999997562,
          5849.294456638
        ],
        [
          5849.294277757,
          5849.304863215,
          0.01058559100000167,
          5849.305239883
        ],
        [
          5849.305036014,
          5849.316073119,
          0.011037719999997364,
          5849.316449697
        ],
        [
          5849.316245668,
          5849.327215224,
          0.010969441000000302,
          5849.327445513
        ],
        [
          5849.327386963,
          5849.338232229,
          0.010833832999999515,
          5849.338560577
        ],
        [
          5849.338390988,
          5849.349841112,
          0.011450659000004748,
          5849.350247791
        ],
        [
          5849.350031401,
          5849.361547935,
          0.011516617999994594,
          5849.361919574
        ],
        [
          5849.361706164,
          5849.373086248,
          0.011375459999996451,
          5849.373359137
        ],
        [
          5849.373248298,
          5849.384282123,
          0.011034030999994116,
          5849.384599092
        ],
        [
          5849.384465163,
          5849.395430637,
          0.01095692099999468,
          5849.395616076
        ],
        [
          5849.395597936,
          5849.407784328,
          0.012186916000004544,
          5849.408175067
        ],
        [
          5849.407955228,
          5849.419316222,
          0.01136149999999958,
          5849.41970808
        ],
        [
          5849.419490391,
          5849.430670436,
          0.011180211000002771,
          5849.431116043
        ],
        [
          5849.430828835,
          5849.44191323,
          0.011084529999997983,
          5849.442302929
        ],
        [
          5849.4420862,
          5849.452922125,
          0.010836202000000128,
          5849.453321493
        ],
        [
          5849.453116404,
          5849.46413439,
          0.011018241000002149,
          5849.464507209
        ],
        [
          5849.464297219,
          5849.475137635,
          0.010840522000002295,
          5849.475508213
        ],
        [
          5849.475296774,
          5849.485993181,
          0.01069672099999508,
          5849.48639764
        ],
        [
          5849.48618482,
          5849.498062291,
          0.011877497999996933,
          5849.498438731
        ],
        [
          5849.498250301,
          5849.509332847,
          0.011083160000005421,
          5849.509700645
        ],
        [
          5849.509494676,
          5849.520253352,
          0.01075887100000017,
          5849.52065014
        ],
        [
          5849.520428261,
          5849.532420423,
          0.01199239700000021,
          5849.532787701
        ],
        [
          5849.532594833,
          5849.543334199,
          0.010739611000005311,
          5849.543715547
        ],
        [
          5849.543502248,
          5849.55557205,
          0.012070065999999713,
          5849.555941009
        ],
        [
          5849.55573884,
          5849.567125233,
          0.011386558999994634,
          5849.567495331
        ],
        [
          5849.567302312,
          5849.578042919,
          0.010740811999994548,
          5849.578426988
        ],
        [
          5849.578209929,
          5849.589573882,
          0.011364079999999888,
          5849.589819811
        ],
        [
          5849.589748151,
          5849.600851106,
          0.01110338099999808,
          5849.601221495
        ],
        [
          5849.601027586,
          5849.611786082,
          0.010758520999999632,
          5849.612036701
        ],
        [
          5849.611955711,
          5849.623203115,
          0.011247599000000719,
          5849.623582254
        ],
        [
          5849.623369425,
          5849.635682476,
          0.012313055999996436,
          5849.636081965
        ],
        [
          5849.635844166,
          5849.647794378,
          0.011950716999997724,
          5849.648185967
        ],
        [
          5849.647978397,
          5849.659623299,
          0.011638598999994088,
          5849.659847659
        ],
        [
          5849.659794089,
          5849.67195324,
          0.012159126000000242,
          5849.67231061
        ],
        [
          5849.67212705,
          5849.684245401,
          0.012119996999999216,
          5849.6847335
        ],
        [
          5849.684486011,
          5849.696496633,
          0.012010547000002703,
          5849.696871512
        ],
        [
          5849.696691222,
          5849.707794378,
          0.011103349999999068,
          5849.708166086
        ],
        [
          5849.707992277,
          5849.719887129,
          0.011888668000004543,
          5849.720271098
        ],
        [
          5849.720087688,
          5849.731222683,
          0.01113507099999822,
          5849.731527592
        ],
        [
          5849.731393103,
          5849.742309429,
          0.010917600999995614,
          5849.742680317
        ],
        [
          5849.742502328,
          5849.75410597,
          0.01160444900000357,
          5849.754509849
        ],
        [
          5849.754304159,
          5849.764858437,
          0.010554511999998795,
          5849.765115886
        ],
        [
          5849.765058216,
          5849.775811031,
          0.010752990999996825,
          5849.77623477
        ],
        [
          5849.776007141,
          5849.787859893,
          0.011844836000001635,
          5849.788265342
        ],
        [
          5849.788059253,
          5849.799575997,
          0.011516869000004704,
          5849.799952575
        ],
        [
          5849.799746556,
          5849.81083258,
          0.01108626100000265,
          5849.811235179
        ],
        [
          5849.81102429,
          5849.821680036,
          0.010656021999999155,
          5849.822090996
        ],
        [
          5849.821852236,
          5849.832957221,
          0.011105290999999795,
          5849.833340079
        ],
        [
          5849.8331349,
          5849.845326211,
          0.012191985999997712,
          5849.84571162
        ],
        [
          5849.84551321,
          5849.857777832,
          0.012264946000001942,
          5849.858211741
        ],
        [
          5849.857985491,
          5849.868993686,
          0.011008500999999171,
          5849.869371866
        ],
        [
          5849.869172656,
          5849.880846569,
          0.011674218999999653,
          5849.881210747
        ],
        [
          5849.881021458,
          5849.891482176,
          0.010460763000004647,
          5849.891842884
        ],
        [
          5849.891650625,
          5849.902394881,
          0.010744401000003734,
          5849.902684069
        ],
        [
          5849.90253934,
          5849.913244666,
          0.010705692000001932,
          5849.913560325
        ],
        [
          5849.913406795,
          5849.923726373,
          0.01031967399999445,
          5849.924105512
        ],
        [
          5849.923881282,
          5849.93429666,
          0.010415462999993963,
          5849.934667099
        ],
        [
          5849.934471739,
          5849.945451404,
          0.010979921000000559,
          5849.945778712
        ],
        [
          5849.945605763,
          5849.957267156,
          0.011661518000003923,
          5849.957635646
        ],
        [
          5849.957430216,
          5849.967933613,
          0.010503393000000472,
          5849.968159852
        ],
        [
          5849.968125202,
          5849.980238023,
          0.012113665999997636,
          5849.980634062
        ],
        [
          5849.980400233,
          5849.992488985,
          0.01208914700000463,
          5849.992858234
        ],
        [
          5849.992651384,
          5850.00380568,
          0.011154530999995416,
          5850.004096468
        ],
        [
          5850.003985189,
          5850.014479366,
          0.010494182999998714,
          5850.014873324
        ],
        [
          5850.014665974,
          5850.025607879,
          0.010941969999997525,
          5850.025970589
        ],
        [
          5850.025772999,
          5850.037376533,
          0.01160421899999875,
          5850.037764371
        ],
        [
          5850.037548842,
          5850.048280348,
          0.010731841999998437,
          5850.048682697
        ],
        [
          5850.048457948,
          5850.059381373,
          0.010923630999997158,
          5850.059749711
        ],
        [
          5850.059544412,
          5850.071625504,
          0.012081297000001712,
          5850.071847253
        ],
        [
          5850.071792833,
          5850.083066098,
          0.01127404900000073,
          5850.083464607
        ],
        [
          5850.083233128,
          5850.094052503,
          0.010819550999997318,
          5850.094419592
        ],
        [
          5850.094228102,
          5850.105835756,
          0.011601937999998313,
          5850.106240915
        ],
        [
          5850.106019436,
          5850.117137349,
          0.011118059999994045,
          5850.117538598
        ],
        [
          5850.117317549,
          5850.127934966,
          0.010617541999998537,
          5850.128314325
        ],
        [
          5850.128124035,
          5850.13897014,
          0.010846421000003659,
          5850.13920367
        ],
        [
          5850.13914653,
          5850.149732326,
          0.010586571999994021,
          5850.150172544
        ],
        [
          5850.149916816,
          5850.161888498,
          0.011965517000000148,
          5850.162301917
        ],
        [
          5850.162115897,
          5850.173248002,
          0.011132199999998704,
          5850.173624821
        ],
        [
          5850.173429222,
          5850.184908474,
          0.01147959899999762,
          5850.185296124
        ],
        [
          5850.185108724,
          5850.196540078,
          0.011431889000000695,
          5850.196909256
        ],
        [
          5850.196702977,
          5850.20858095,
          0.011878137000003619,
          5850.208949749
        ],
        [
          5850.20875015,
          5850.2210152,
          0.012265515999999366,
          5850.221402469
        ],
        [
          5850.22119081,
          5850.234215289,
          0.013018283000000963,
          5850.234581337
        ],
        [
          5850.234381058,
          5850.244904216,
          0.01052375300000108,
          5850.245250444
        ],
        [
          5850.245083015,
          5850.256875846,
          0.011793398000001787,
          5850.257172976
        ],
        [
          5850.257098186,
          5850.26854008,
          0.011441738999998563,
          5850.268895528
        ],
        [
          5850.268702569,
          5850.280330933,
          0.011629108999997584,
          5850.280707311
        ],
        [
          5850.280504292,
          5850.292511165,
          0.01200677700000341,
          5850.292880503
        ],
        [
          5850.292683864,
          5850.306194201,
          0.013510811999999817,
          5850.306568299
        ],
        [
          5850.30635905,
          5850.318323492,
          0.011964966999997273,
          5850.318727401
        ],
        [
          5850.318503751,
          5850.330494513,
          0.011990808000000186,
          5850.330872932
        ],
        [
          5850.330662193,
          5850.342994084,
          0.012332136000004823,
          5850.343426683
        ],
        [
          5850.343204743,
          5850.355430845,
          0.012226175999998645,
          5850.355809363
        ],
        [
          5850.355599994,
          5850.36634119,
          0.010741351000000066,
          5850.36671147
        ],
        [
          5850.366506149,
          5850.378703091,
          0.012197397000001331,
          5850.379067979
        ],
        [
          5850.37889037,
          5850.389302067,
          0.01041184199999634,
          5850.389675066
        ],
        [
          5850.389474737,
          5850.400386202,
          0.01091155099999952,
          5850.40076019
        ],
        [
          5850.400550802,
          5850.411519917,
          0.010969649999999831,
          5850.411846206
        ],
        [
          5850.411688067,
          5850.423412369,
          0.011717958999994948,
          5850.423786437
        ],
        [
          5850.423580288,
          5850.434550234,
          0.010970120999999722,
          5850.434914953
        ],
        [
          5850.434710454,
          5850.447123764,
          0.012413975999997717,
          5850.447525182
        ],
        [
          5850.447304563,
          5850.45775118,
          0.010447171999999227,
          5850.458152228
        ],
        [
          5850.457921609,
          5850.469473833,
          0.01155285899999825,
          5850.469678723
        ],
        [
          5850.469641912,
          5850.47991778,
          0.010276904000001252,
          5850.480146039
        ],
        [
          5850.48010673,
          5850.491231304,
          0.011124651000002928,
          5850.491602413
        ],
        [
          5850.491397844,
          5850.50188219,
          0.01048452299999525,
          5850.502275779
        ],
        [
          5850.50207699,
          5850.513090685,
          0.011014170000002821,
          5850.513492714
        ],
        [
          5850.513273134,
          5850.524637478,
          0.011364688999996986,
          5850.525026637
        ],
        [
          5850.524797177,
          5850.536114973,
          0.011317900000001657,
          5850.536485181
        ],
        [
          5850.536279121,
          5850.548183863,
          0.01190503699999823,
          5850.548438243
        ],
        [
          5850.548361654,
          5850.559354499,
          0.010992960999999468,
          5850.559727757
        ],
        [
          5850.559519258,
          5850.570320863,
          0.010802042000001677,
          5850.570559772
        ],
        [
          5850.570498303,
          5850.58109005,
          0.01059247299999555,
          5850.581460538
        ],
        [
          5850.581269809,
          5850.592225154,
          0.010955371000001435,
          5850.592591102
        ],
        [
          5850.592389914,
          5850.604102377,
          0.011712658000000431,
          5850.604471815
        ],
        [
          5850.604265656,
          5850.61570234,
          0.011437278999999023,
          5850.616101708
        ],
        [
          5850.615885209,
          5850.626324066,
          0.01043873199999723,
          5850.626693775
        ],
        [
          5850.626488046,
          5850.639308054,
          0.012820153999996364,
          5850.639650944
        ],
        [
          5850.639461474,
          5850.652192984,
          0.012731904000006011,
          5850.652439023
        ],
        [
          5850.652371503,
          5850.664123206,
          0.011751698000004751,
          5850.664491435
        ],
        [
          5850.664290735,
          5850.676115988,
          0.011825407000003452,
          5850.676481747
        ],
        [
          5850.676276377,
          5850.688082531,
          0.011806798000002061,
          5850.688439849
        ],
        [
          5850.68825714,
          5850.701138909,
          0.012882323999996004,
          5850.701505497
        ],
        [
          5850.701309578,
          5850.714329737,
          0.013020744000002082,
          5850.714650086
        ],
        [
          5850.714546266,
          5850.727731575,
          0.013185552999999572,
          5850.728132544
        ],
        [
          5850.727907705,
          5850.739907516,
          0.012000557000000356,
          5850.740317795
        ],
        [
          5850.740097346,
          5850.752222636,
          0.012122316999999327,
          5850.752630476
        ],
        [
          5850.752430576,
          5850.76371084,
          0.011280390999999668,
          5850.764073979
        ],
        [
          5850.76388168,
          5850.775803392,
          0.01192208700000208,
          5850.776074761
        ],
        [
          5850.775980641,
          5850.788904971,
          0.012924513999998055,
          5850.789287889
        ],
        [
          5850.78909264,
          5850.800664043,
          0.0115715279999975,
          5850.801034952
        ],
        [
          5850.800832523,
          5850.812086577,
          0.011254530000002205,
          5850.812310057
        ],
        [
          5850.812269207,
          5850.824830887,
          0.012561855000001287,
          5850.825202456
        ],
        [
          5850.824997817,
          5850.836777888,
          0.011775327000002278,
          5850.837168928
        ],
        [
          5850.836942559,
          5850.848046993,
          0.011104789999997422,
          5850.848411612
        ],
        [
          5850.848222003,
          5850.860398014,
          0.01217608700000028,
          5850.860768003
        ],
        [
          5850.860563724,
          5850.873346023,
          0.012782385000001284,
          5850.873711842
        ],
        [
          5850.873510612,
          5850.887527858,
          0.014017759999994439,
          5850.887922657
        ],
        [
          5850.887703978,
          5850.899936959,
          0.012233147000003441,
          5850.900315178
        ],
        [
          5850.900115188,
          5850.91209637,
          0.011981597000001898,
          5850.91242534
        ],
        [
          5850.91227165,
          5850.924313002,
          0.012041367000001912,
          5850.924681181
        ],
        [
          5850.924485771,
          5850.937068122,
          0.012576815999999269,
          5850.93744062
        ],
        [
          5850.93723657,
          5850.951314545,
          0.01407846999999407,
          5850.951718225
        ],
        [
          5850.951497686,
          5850.962921589,
          0.011424108999996463,
          5850.963152068
        ],
        [
          5850.963109179,
          5850.974583832,
          0.011474759000002166,
          5850.974942351
        ],
        [
          5850.974740911,
          5850.987519941,
          0.012779213999998262,
          5850.98776553
        ],
        [
          5850.98769441,
          5850.999127765,
          0.011433959000001437,
          5850.999490833
        ],
        [
          5850.999293534,
          5851.011356776,
          0.01206397699999684,
          5851.011587485
        ],
        [
          5851.011528995,
          5851.023545168,
          0.012016117000001714,
          5851.023771556
        ]
      ]
    },
    {
      "round_index": 21,
      "map_setup_wall_s": 0.002347403000385384,
      "map_setup_parent_cpu_s": 0.0033098179999999644,
      "result_next_wall_s": 1.7165527679953811,
      "result_next_parent_cpu_s": 0.05768057799999582,
      "serial_result_processing_wall_s": 0.0024223820018960396,
      "serial_result_processing_parent_cpu_s": 0.002623555000006661,
      "worker_placement_wall_sum_s": 1.6941238359913768,
      "worker_placement_cpu_sum_s": 1.6921498519999219,
      "worker_tasks": 181,
      "per_worker": {
        "20001": 181
      },
      "task_intervals": [
        [
          5851.963128469,
          5851.964199596,
          0.0010683360000030007,
          5851.964409645
        ],
        [
          5851.964355886,
          5851.973242666,
          0.008886956999994311,
          5851.973510116
        ],
        [
          5851.973434736,
          5851.98187835,
          0.008443750000004968,
          5851.982223018
        ],
        [
          5851.982047999,
          5851.990680542,
          0.008632619000003672,
          5851.99106096
        ],
        [
          5851.990827221,
          5851.999872493,
          0.00904536800000244,
          5852.000226621
        ],
        [
          5852.000033472,
          5852.008530445,
          0.00849700999999925,
          5852.008874165
        ],
        [
          5852.008672624,
          5852.018254804,
          0.009573026999994738,
          5852.018462493
        ],
        [
          5852.018404383,
          5852.027427425,
          0.009023238000004596,
          5852.027784114
        ],
        [
          5852.027575214,
          5852.036457927,
          0.008882988999999952,
          5852.036805925
        ],
        [
          5852.036603866,
          5852.044989359,
          0.008385869999997908,
          5852.045357428
        ],
        [
          5852.045147209,
          5852.053488462,
          0.00834176000000042,
          5852.053839672
        ],
        [
          5852.053636023,
          5852.062622634,
          0.008986756999995293,
          5852.062968642
        ],
        [
          5852.062765633,
          5852.071431376,
          0.008665908999994087,
          5852.071769395
        ],
        [
          5852.071574886,
          5852.080474197,
          0.00889986800000031,
          5852.080832705
        ],
        [
          5852.080626246,
          5852.08905779,
          0.008431700000002706,
          5852.08925845
        ],
        [
          5852.089202379,
          5852.098079891,
          0.008877619000003278,
          5852.098414969
        ],
        [
          5852.09822117,
          5852.106992693,
          0.008771799000001579,
          5852.107312812
        ],
        [
          5852.107150222,
          5852.115619305,
          0.008469210000001226,
          5852.115969925
        ],
        [
          5852.115765785,
          5852.124420978,
          0.008655828999998505,
          5852.124759977
        ],
        [
          5852.124562217,
          5852.133686598,
          0.009124437000004093,
          5852.133878388
        ],
        [
          5852.133833818,
          5852.142433061,
          0.008599420000003022,
          5852.142778219
        ],
        [
          5852.14257787,
          5852.151612461,
          0.00902641800000481,
          5852.1519508
        ],
        [
          5852.151754771,
          5852.161113262,
          0.009358527000003392,
          5852.161446601
        ],
        [
          5852.161262571,
          5852.170106162,
          0.008843837999997106,
          5852.170440961
        ],
        [
          5852.170243202,
          5852.179173414,
          0.008930427999999324,
          5852.179524513
        ],
        [
          5852.179322644,
          5852.188018245,
          0.008695660000000771,
          5852.188211896
        ],
        [
          5852.188156076,
          5852.197351226,
          0.00919549700000033,
          5852.197678445
        ],
        [
          5852.197498515,
          5852.206776366,
          0.00927805799999959,
          5852.207089425
        ],
        [
          5852.206921436,
          5852.216636195,
          0.009714875999996764,
          5852.216969934
        ],
        [
          5852.216775925,
          5852.226095585,
          0.00931973699999844,
          5852.226293855
        ],
        [
          5852.226245615,
          5852.235132887,
          0.008887428999997837,
          5852.235469906
        ],
        [
          5852.235273466,
          5852.245095464,
          0.009822063999997965,
          5852.245446015
        ],
        [
          5852.245240084,
          5852.253539178,
          0.008299159999999972,
          5852.253877957
        ],
        [
          5852.253681758,
          5852.26247946,
          0.008797807999997076,
          5852.26281106
        ],
        [
          5852.262625459,
          5852.272328109,
          0.00970292599999567,
          5852.272652748
        ],
        [
          5852.272465218,
          5852.282071638,
          0.009606496000003517,
          5852.282416386
        ],
        [
          5852.282218657,
          5852.291686028,
          0.009467356999998344,
          5852.292037016
        ],
        [
          5852.291833477,
          5852.301643756,
          0.009810344999998222,
          5852.301955375
        ],
        [
          5852.301781905,
          5852.310356929,
          0.00857511000000244,
          5852.310661797
        ],
        [
          5852.310502958,
          5852.319811228,
          0.00930828700000319,
          5852.320038758
        ],
        [
          5852.319949738,
          5852.330272135,
          0.010322463000001392,
          5852.330609665
        ],
        [
          5852.330423025,
          5852.340139684,
          0.009711484999996856,
          5852.340306214
        ],
        [
          5852.340283784,
          5852.350029763,
          0.009746094999997013,
          5852.350365982
        ],
        [
          5852.350172223,
          5852.358680865,
          0.008508699000003617,
          5852.359034884
        ],
        [
          5852.358827984,
          5852.367282829,
          0.008454899000000182,
          5852.367583697
        ],
        [
          5852.367418828,
          5852.376315309,
          0.008896588000006034,
          5852.376640718
        ],
        [
          5852.376460708,
          5852.38536822,
          0.008907479000001217,
          5852.385699019
        ],
        [
          5852.38550607,
          5852.393668074,
          0.008162151000000506,
          5852.394022103
        ],
        [
          5852.393818073,
          5852.402234298,
          0.008410349999998346,
          5852.402524826
        ],
        [
          5852.402366717,
          5852.410969879,
          0.008603399999998373,
          5852.411315578
        ],
        [
          5852.411132309,
          5852.420875018,
          0.009742756000001407,
          5852.421230146
        ],
        [
          5852.421047498,
          5852.42976632,
          0.00871893800000123,
          5852.430106059
        ],
        [
          5852.42991037,
          5852.43930169,
          0.009391775999993968,
          5852.439615709
        ],
        [
          5852.43944736,
          5852.449823507,
          0.01037626299999772,
          5852.450043436
        ],
        [
          5852.449964776,
          5852.458961007,
          0.00899638799999991,
          5852.459304646
        ],
        [
          5852.459120597,
          5852.46769881,
          0.008578248999995708,
          5852.468030998
        ],
        [
          5852.467836789,
          5852.47695805,
          0.009121438000001092,
          5852.47731802
        ],
        [
          5852.47711552,
          5852.4863255,
          0.00921008699999959,
          5852.486665329
        ],
        [
          5852.48648389,
          5852.495267232,
          0.008783437999994703,
          5852.495593571
        ],
        [
          5852.495407682,
          5852.504268294,
          0.008860507999997935,
          5852.504540793
        ],
        [
          5852.504406763,
          5852.513642493,
          0.009235846999999353,
          5852.513983712
        ],
        [
          5852.513782003,
          5852.522301626,
          0.008519749999997828,
          5852.522636656
        ],
        [
          5852.522449136,
          5852.531619997,
          0.009170997000005343,
          5852.531955076
        ],
        [
          5852.531760337,
          5852.541142577,
          0.009382475999998974,
          5852.541352305
        ],
        [
          5852.541286626,
          5852.550734436,
          0.009447936000000823,
          5852.551069925
        ],
        [
          5852.550885115,
          5852.559834678,
          0.00894977899999816,
          5852.560058137
        ],
        [
          5852.559977947,
          5852.568780879,
          0.0088031579999992,
          5852.569119649
        ],
        [
          5852.568920779,
          5852.57806532,
          0.009144828000003713,
          5852.578405108
        ],
        [
          5852.578212009,
          5852.58756103,
          0.009349227000001292,
          5852.587894309
        ],
        [
          5852.587711819,
          5852.596442112,
          0.00873044900000508,
          5852.59677185
        ],
        [
          5852.596575791,
          5852.605818872,
          0.009243497999996464,
          5852.606012421
        ],
        [
          5852.605964072,
          5852.615466121,
          0.009502145999995548,
          5852.61576273
        ],
        [
          5852.61562095,
          5852.62541403,
          0.009793205000001137,
          5852.625749098
        ],
        [
          5852.625553999,
          5852.634317702,
          0.008763857999994684,
          5852.63464975
        ],
        [
          5852.634454291,
          5852.643619833,
          0.009165707999997608,
          5852.643969011
        ],
        [
          5852.643763552,
          5852.653068242,
          0.009304755999998804,
          5852.653407731
        ],
        [
          5852.653219421,
          5852.662565412,
          0.009346106000002408,
          5852.66290064
        ],
        [
          5852.662704601,
          5852.671702813,
          0.008998708000000022,
          5852.671970302
        ],
        [
          5852.671841292,
          5852.68216304,
          0.01032190299999769,
          5852.682497029
        ],
        [
          5852.682315929,
          5852.690809843,
          0.00849414000000337,
          5852.691028002
        ],
        [
          5852.690947163,
          5852.700118253,
          0.009171406999996634,
          5852.700451532
        ],
        [
          5852.700254862,
          5852.709440504,
          0.00918589799999836,
          5852.709788202
        ],
        [
          5852.709582123,
          5852.718676984,
          0.009095087999995144,
          5852.718870134
        ],
        [
          5852.718842934,
          5852.72934108,
          0.010498241999997049,
          5852.729658999
        ],
        [
          5852.7294795,
          5852.738480012,
          0.009000766999996301,
          5852.73874028
        ],
        [
          5852.738616241,
          5852.748115341,
          0.009500805999998363,
          5852.74834877
        ],
        [
          5852.74828569,
          5852.757207381,
          0.008921698999998284,
          5852.757480511
        ],
        [
          5852.757321941,
          5852.766558092,
          0.009236416000000247,
          5852.766894481
        ],
        [
          5852.766698902,
          5852.775859363,
          0.009160577000002945,
          5852.776239012
        ],
        [
          5852.776023253,
          5852.785197263,
          0.009174216999994655,
          5852.785529272
        ],
        [
          5852.785346873,
          5852.794297235,
          0.008950527999999736,
          5852.794602293
        ],
        [
          5852.794448994,
          5852.803057977,
          0.008609100000001035,
          5852.803440026
        ],
        [
          5852.803208996,
          5852.812009778,
          0.008798849000001496,
          5852.812345427
        ],
        [
          5852.812159958,
          5852.821352518,
          0.009192716000001155,
          5852.821687897
        ],
        [
          5852.821492308,
          5852.829937112,
          0.008444959999998503,
          5852.830136331
        ],
        [
          5852.830084582,
          5852.839065853,
          0.00898176799999817,
          5852.839415211
        ],
        [
          5852.839214132,
          5852.848371553,
          0.009157506999997622,
          5852.848630562
        ],
        [
          5852.848512792,
          5852.857739683,
          0.009227118000005419,
          5852.858026742
        ],
        [
          5852.857889693,
          5852.867236193,
          0.009346786999998358,
          5852.867528912
        ],
        [
          5852.867385903,
          5852.877257731,
          0.009872014999999124,
          5852.877586601
        ],
        [
          5852.877416281,
          5852.886575431,
          0.009159255999996674,
          5852.88688359
        ],
        [
          5852.886717611,
          5852.896291741,
          0.009574256000000503,
          5852.89657487
        ],
        [
          5852.896435431,
          5852.905726942,
          0.00929165599999493,
          5852.90604521
        ],
        [
          5852.905872941,
          5852.915229461,
          0.009357066999996277,
          5852.91554752
        ],
        [
          5852.915378501,
          5852.924863011,
          0.009484526000001381,
          5852.92520106
        ],
        [
          5852.92502079,
          5852.934097381,
          0.009076638000003356,
          5852.93427404
        ],
        [
          5852.934235351,
          5852.944234559,
          0.009999514999996961,
          5852.944529418
        ],
        [
          5852.944392448,
          5852.953658739,
          0.009266406999998367,
          5852.954054317
        ],
        [
          5852.953803438,
          5852.964141676,
          0.010338242999999636,
          5852.964486336
        ],
        [
          5852.964285945,
          5852.975105522,
          0.01081964199999419,
          5852.97547181
        ],
        [
          5852.975262511,
          5852.984686632,
          0.00942426599999635,
          5852.98507595
        ],
        [
          5852.984837701,
          5852.993795672,
          0.008958378000002654,
          5852.994038041
        ],
        [
          5852.993962311,
          5853.003208652,
          0.009246677000000147,
          5853.003437941
        ],
        [
          5853.003349321,
          5853.01344344,
          0.010094212999995023,
          5853.013699288
        ],
        [
          5853.013598489,
          5853.023745087,
          0.01014668399999863,
          5853.024090636
        ],
        [
          5853.023886896,
          5853.033666076,
          0.009779373999997176,
          5853.034028074
        ],
        [
          5853.033802645,
          5853.044400242,
          0.010590672000006407,
          5853.044759581
        ],
        [
          5853.044549822,
          5853.054171841,
          0.009622035999996115,
          5853.0544991
        ],
        [
          5853.05431402,
          5853.06383805,
          0.009524216999999169,
          5853.06421104
        ],
        [
          5853.06398499,
          5853.074288477,
          0.01030365400000477,
          5853.074592396
        ],
        [
          5853.074427037,
          5853.083713337,
          0.009286675999994998,
          5853.084055317
        ],
        [
          5853.083864077,
          5853.093684185,
          0.009820324999999741,
          5853.093938275
        ],
        [
          5853.093815595,
          5853.102668277,
          0.008852869000001817,
          5853.102914496
        ],
        [
          5853.102790957,
          5853.114695769,
          0.009985845000002769,
          5853.115087478
        ],
        [
          5853.114854508,
          5853.124779857,
          0.00992548499999657,
          5853.125151266
        ],
        [
          5853.124939367,
          5853.135484882,
          0.010546033000004229,
          5853.135683262
        ],
        [
          5853.135620262,
          5853.145849749,
          0.010229582999997433,
          5853.14604108
        ],
        [
          5853.14600689,
          5853.155504849,
          0.009498075999999855,
          5853.155836098
        ],
        [
          5853.155652018,
          5853.1647532,
          0.009101377999996885,
          5853.165095279
        ],
        [
          5853.1648944,
          5853.17438801,
          0.009494146000001535,
          5853.174725769
        ],
        [
          5853.174533099,
          5853.18378023,
          0.009247256999998399,
          5853.184120459
        ],
        [
          5853.18392186,
          5853.192876851,
          0.008955297999996503,
          5853.193241071
        ],
        [
          5853.19304932,
          5853.202379241,
          0.009330087000002152,
          5853.20266194
        ],
        [
          5853.202518101,
          5853.21192302,
          0.009405006000001492,
          5853.21227289
        ],
        [
          5853.21209328,
          5853.221295741,
          0.009202576999996381,
          5853.22163011
        ],
        [
          5853.22144335,
          5853.231456169,
          0.010012883999998223,
          5853.231786018
        ],
        [
          5853.231592329,
          5853.242212224,
          0.010613001999999483,
          5853.242422114
        ],
        [
          5853.242358634,
          5853.252408822,
          0.010050184000000684,
          5853.252740691
        ],
        [
          5853.252548922,
          5853.26270449,
          0.01015569499999458,
          5853.26287789
        ],
        [
          5853.26286059,
          5853.273025638,
          0.010165133999997522,
          5853.273370166
        ],
        [
          5853.273173347,
          5853.282871316,
          0.00969797500000169,
          5853.283082755
        ],
        [
          5853.283025156,
          5853.293598842,
          0.010573662000005868,
          5853.293935201
        ],
        [
          5853.293752172,
          5853.302837363,
          0.009075896999995337,
          5853.303141972
        ],
        [
          5853.302978943,
          5853.312708592,
          0.009729696000000843,
          5853.313043291
        ],
        [
          5853.312846912,
          5853.323168348,
          0.010321552000000622,
          5853.323499337
        ],
        [
          5853.323307178,
          5853.333470806,
          0.010163813000005462,
          5853.333828954
        ],
        [
          5853.333615965,
          5853.343667743,
          0.010051904000000889,
          5853.343994432
        ],
        [
          5853.343811902,
          5853.353485952,
          0.009674074999999505,
          5853.353819251
        ],
        [
          5853.353624091,
          5853.36360784,
          0.009983913999995764,
          5853.363941499
        ],
        [
          5853.363753059,
          5853.373904817,
          0.0101469829999985,
          5853.374212556
        ],
        [
          5853.374042586,
          5853.383517877,
          0.009475376000004587,
          5853.383678376
        ],
        [
          5853.383641136,
          5853.394254753,
          0.01061384199999793,
          5853.394448682
        ],
        [
          5853.394391662,
          5853.40457864,
          0.010187184000002958,
          5853.40476895
        ],
        [
          5853.404737299,
          5853.415219176,
          0.010482081999995785,
          5853.415552655
        ],
        [
          5853.415358916,
          5853.425043445,
          0.009675375999997016,
          5853.425381244
        ],
        [
          5853.425185735,
          5853.434581225,
          0.009395707000003028,
          5853.434861605
        ],
        [
          5853.434725485,
          5853.443532306,
          0.008807007999998007,
          5853.443729846
        ],
        [
          5853.443673166,
          5853.453027336,
          0.009354156000000557,
          5853.453356475
        ],
        [
          5853.453163846,
          5853.463114824,
          0.00995112399999698,
          5853.463447154
        ],
        [
          5853.463254394,
          5853.473372582,
          0.010118313999996076,
          5853.473706571
        ],
        [
          5853.473529531,
          5853.483070732,
          0.009541246000004833,
          5853.483252791
        ],
        [
          5853.483231141,
          5853.49301076,
          0.009779655000002663,
          5853.493283379
        ],
        [
          5853.4931607,
          5853.502265161,
          0.0091046069999976,
          5853.50253189
        ],
        [
          5853.50241611,
          5853.511869201,
          0.009453147000002105,
          5853.512230859
        ],
        [
          5853.51202469,
          5853.521904978,
          0.009880524000003277,
          5853.522271748
        ],
        [
          5853.522061788,
          5853.53083777,
          0.008776188999995327,
          5853.531189968
        ],
        [
          5853.530982969,
          5853.541112807,
          0.01012999400000325,
          5853.541469536
        ],
        [
          5853.541270827,
          5853.551296135,
          0.010025383999995086,
          5853.551601255
        ],
        [
          5853.551423084,
          5853.561572443,
          0.01014237399999729,
          5853.561760043
        ],
        [
          5853.561709223,
          5853.571650591,
          0.009941554999997493,
          5853.57191475
        ],
        [
          5853.57178304,
          5853.581521269,
          0.009738384999998573,
          5853.581774689
        ],
        [
          5853.581640449,
          5853.591737547,
          0.01009736299999986,
          5853.592021126
        ],
        [
          5853.591857067,
          5853.602848612,
          0.010991891000003307,
          5853.603016751
        ],
        [
          5853.602964661,
          5853.61276645,
          0.009801985000002844,
          5853.613025709
        ],
        [
          5853.612893769,
          5853.623018977,
          0.010125223999999378,
          5853.623328336
        ],
        [
          5853.623144417,
          5853.634060523,
          0.01091635099999877,
          5853.634305302
        ],
        [
          5853.634258653,
          5853.644558909,
          0.010300583000002916,
          5853.644858528
        ],
        [
          5853.644696309,
          5853.654907987,
          0.010211714000000427,
          5853.655252875
        ],
        [
          5853.655053276,
          5853.664672746,
          0.009619435999994153,
          5853.665076275
        ],
        [
          5853.664821995,
          5853.673522108,
          0.008700169000000813,
          5853.673767228
        ],
        [
          5853.673673137,
          5853.683535646,
          0.009855635999997503,
          5853.683743896
        ]
      ]
    },
    {
      "round_index": 22,
      "map_setup_wall_s": 0.0014769150002393872,
      "map_setup_parent_cpu_s": 0.002053734000000418,
      "result_next_wall_s": 1.907239390993709,
      "result_next_parent_cpu_s": 0.059319366999993406,
      "serial_result_processing_wall_s": 0.0010677070076781092,
      "serial_result_processing_parent_cpu_s": 0.001499181000014005,
      "worker_placement_wall_sum_s": 1.879226075000588,
      "worker_placement_cpu_sum_s": 1.879205096000021,
      "worker_tasks": 181,
      "per_worker": {
        "20001": 181
      },
      "task_intervals": [
        [
          5854.582480137,
          5854.583434133,
          0.0009536069999995789,
          5854.583668972
        ],
        [
          5854.583632623,
          5854.594501069,
          0.01086928200000159,
          5854.594807218
        ],
        [
          5854.594729718,
          5854.604964516,
          0.010236063000000684,
          5854.605349574
        ],
        [
          5854.605253464,
          5854.616277379,
          0.011024501000001408,
          5854.616706408
        ],
        [
          5854.616535419,
          5854.627045395,
          0.010510992000000385,
          5854.627416994
        ],
        [
          5854.627272975,
          5854.638473679,
          0.011201670000005493,
          5854.638876349
        ],
        [
          5854.638715138,
          5854.650167632,
          0.011453938999999025,
          5854.650583931
        ],
        [
          5854.650403261,
          5854.660033471,
          0.009630485999998939,
          5854.66044364
        ],
        [
          5854.66026917,
          5854.670347288,
          0.010078844000005915,
          5854.670796836
        ],
        [
          5854.670590307,
          5854.681904652,
          0.011315340000003005,
          5854.68236791
        ],
        [
          5854.682180491,
          5854.692520588,
          0.010341302999997026,
          5854.692962986
        ],
        [
          5854.692768137,
          5854.702939554,
          0.010172334000003502,
          5854.703401463
        ],
        [
          5854.703191493,
          5854.712801643,
          0.00961073499999543,
          5854.713286401
        ],
        [
          5854.713070182,
          5854.72323757,
          0.010169133000005104,
          5854.72354115
        ],
        [
          5854.72352069,
          5854.734123876,
          0.010602912000003073,
          5854.734510445
        ],
        [
          5854.734354095,
          5854.744751213,
          0.010397163000000376,
          5854.745032252
        ],
        [
          5854.744935752,
          5854.755866738,
          0.01093105200000366,
          5854.756115386
        ],
        [
          5854.756051877,
          5854.767248421,
          0.011196649999995145,
          5854.76750314
        ],
        [
          5854.767419341,
          5854.778403536,
          0.010984221000001071,
          5854.778623315
        ],
        [
          5854.778566426,
          5854.790270337,
          0.011704057999999407,
          5854.790472327
        ],
        [
          5854.790429757,
          5854.801070084,
          0.010640311999999597,
          5854.801248434
        ],
        [
          5854.801249103,
          5854.81176194,
          0.010513061999994022,
          5854.812074729
        ],
        [
          5854.8119214,
          5854.82127672,
          0.009355266999996559,
          5854.821520929
        ],
        [
          5854.821426719,
          5854.831594547,
          0.010167543000001444,
          5854.831849726
        ],
        [
          5854.831767597,
          5854.842571022,
          0.010803490999997223,
          5854.842799811
        ],
        [
          5854.842727571,
          5854.85298689,
          0.010259522999994886,
          5854.853151479
        ],
        [
          5854.853171359,
          5854.864134344,
          0.010963470999996616,
          5854.864437233
        ],
        [
          5854.864311194,
          5854.874368151,
          0.010057255000006649,
          5854.87462773
        ],
        [
          5854.874532721,
          5854.885277588,
          0.010745081999999684,
          5854.885582456
        ],
        [
          5854.885459937,
          5854.895845123,
          0.010385243000001765,
          5854.896151653
        ],
        [
          5854.896035663,
          5854.906595609,
          0.01056086300000203,
          5854.906931058
        ],
        [
          5854.906798419,
          5854.916695917,
          0.009897594999998205,
          5854.916922836
        ],
        [
          5854.916858727,
          5854.926869845,
          0.010011195000004136,
          5854.927157304
        ],
        [
          5854.927043514,
          5854.938185349,
          0.011141851000004976,
          5854.938560278
        ],
        [
          5854.938359299,
          5854.948530756,
          0.010171563999996636,
          5854.948870095
        ],
        [
          5854.948678166,
          5854.957981687,
          0.009303776999999513,
          5854.958302196
        ],
        [
          5854.958138366,
          5854.967606087,
          0.00946786600000138,
          5854.967964945
        ],
        [
          5854.967761136,
          5854.978283692,
          0.010522772000001623,
          5854.978631681
        ],
        [
          5854.978442101,
          5854.989481376,
          0.011039300000000196,
          5854.989823576
        ],
        [
          5854.989624807,
          5854.999429754,
          0.009805394000004242,
          5854.999788714
        ],
        [
          5854.999588084,
          5855.008953995,
          0.009365996999996185,
          5855.009317963
        ],
        [
          5855.009129214,
          5855.018407135,
          0.00927801699999975,
          5855.018746384
        ],
        [
          5855.018550705,
          5855.029167631,
          0.010617193000001635,
          5855.029509791
        ],
        [
          5855.02931281,
          5855.038671581,
          0.00935898600000229,
          5855.039058489
        ],
        [
          5855.03882824,
          5855.04838556,
          0.009557495999999333,
          5855.048706598
        ],
        [
          5855.04852819,
          5855.05793584,
          0.009408325999999079,
          5855.058226288
        ],
        [
          5855.058063289,
          5855.068247587,
          0.010184903999999051,
          5855.068515056
        ],
        [
          5855.068379716,
          5855.077911686,
          0.009532066000005557,
          5855.078257925
        ],
        [
          5855.078093396,
          5855.087677306,
          0.00958388599999438,
          5855.088019985
        ],
        [
          5855.087810295,
          5855.097446515,
          0.009630596000000935,
          5855.097796263
        ],
        [
          5855.097594124,
          5855.107850971,
          0.010256982999997888,
          5855.10822895
        ],
        [
          5855.107997121,
          5855.117461791,
          0.009464676000000338,
          5855.11777824
        ],
        [
          5855.117601071,
          5855.128139307,
          0.010538631999999382,
          5855.128468956
        ],
        [
          5855.128275126,
          5855.137927396,
          0.00965285600000243,
          5855.138183905
        ],
        [
          5855.138096686,
          5855.148951612,
          0.010854930000000707,
          5855.14928474
        ],
        [
          5855.149110931,
          5855.158196742,
          0.00908604699999671,
          5855.158516421
        ],
        [
          5855.158331861,
          5855.167873651,
          0.009542015999997489,
          5855.16818781
        ],
        [
          5855.168026611,
          5855.177712,
          0.009685555000004342,
          5855.178071459
        ],
        [
          5855.17785174,
          5855.188785695,
          0.01093417000000585,
          5855.189021654
        ],
        [
          5855.188928305,
          5855.199278422,
          0.01035068299999864,
          5855.19962562
        ],
        [
          5855.199430132,
          5855.208947362,
          0.009517305999999337,
          5855.20927065
        ],
        [
          5855.209089951,
          5855.21895041,
          0.009854224000001466,
          5855.219298809
        ],
        [
          5855.219120249,
          5855.229006878,
          0.009886744999995756,
          5855.229347866
        ],
        [
          5855.229152318,
          5855.238829156,
          0.009676995999996052,
          5855.239221655
        ],
        [
          5855.238993606,
          5855.248881535,
          0.009888035000003015,
          5855.249242894
        ],
        [
          5855.249045944,
          5855.258621264,
          0.009575446000006593,
          5855.258965883
        ],
        [
          5855.258779644,
          5855.269402639,
          0.010623753000004399,
          5855.269777128
        ],
        [
          5855.269551109,
          5855.280189915,
          0.010639171999997643,
          5855.280495484
        ],
        [
          5855.280328415,
          5855.290933922,
          0.010599141999996675,
          5855.291281321
        ],
        [
          5855.291097131,
          5855.301266389,
          0.010169363000002818,
          5855.301647268
        ],
        [
          5855.301430248,
          5855.312161404,
          0.010731292000002668,
          5855.312466013
        ],
        [
          5855.312313474,
          5855.322418871,
          0.010105482999996696,
          5855.32272481
        ],
        [
          5855.32256407,
          5855.333115948,
          0.01055196200000097,
          5855.333457677
        ],
        [
          5855.333287588,
          5855.342807217,
          0.009519935000000146,
          5855.343198666
        ],
        [
          5855.342979276,
          5855.353070454,
          0.010091174000002923,
          5855.353430253
        ],
        [
          5855.353227064,
          5855.364192429,
          0.010965581000000668,
          5855.364541078
        ],
        [
          5855.364333918,
          5855.374888605,
          0.010554861999999332,
          5855.375211274
        ],
        [
          5855.375028975,
          5855.385076312,
          0.010047364000001835,
          5855.385417142
        ],
        [
          5855.385219923,
          5855.39569659,
          0.010476882000006071,
          5855.396083688
        ],
        [
          5855.395842269,
          5855.406113237,
          0.010271172999999578,
          5855.406344465
        ],
        [
          5855.406273036,
          5855.416261194,
          0.00997896500000195,
          5855.416577693
        ],
        [
          5855.416394204,
          5855.42676532,
          0.010371151999997608,
          5855.427111559
        ],
        [
          5855.42689714,
          5855.436655519,
          0.009758724999997526,
          5855.436926058
        ],
        [
          5855.436840448,
          5855.446739547,
          0.009899455000002888,
          5855.447094706
        ],
        [
          5855.446880667,
          5855.457091444,
          0.010210882999999171,
          5855.457415813
        ],
        [
          5855.457238663,
          5855.467736201,
          0.010497983000000488,
          5855.46807477
        ],
        [
          5855.467877121,
          5855.478190848,
          0.010314143999998748,
          5855.478505127
        ],
        [
          5855.478353557,
          5855.488444665,
          0.010091233000004252,
          5855.488785514
        ],
        [
          5855.488588704,
          5855.499524389,
          0.010936121000000298,
          5855.4998854
        ],
        [
          5855.499685329,
          5855.509755268,
          0.010069984000004695,
          5855.510105977
        ],
        [
          5855.509911737,
          5855.519779726,
          0.009868165000000317,
          5855.520128185
        ],
        [
          5855.519922726,
          5855.530330172,
          0.010407772000000648,
          5855.530624971
        ],
        [
          5855.530478372,
          5855.540730899,
          0.010252712999999858,
          5855.541064789
        ],
        [
          5855.540881489,
          5855.550819087,
          0.009937884000002839,
          5855.551060657
        ],
        [
          5855.550968987,
          5855.561609683,
          0.010640821999999162,
          5855.561911362
        ],
        [
          5855.561743772,
          5855.572741668,
          0.01099813100000091,
          5855.573129437
        ],
        [
          5855.572881748,
          5855.582250418,
          0.009368846000000985,
          5855.582599147
        ],
        [
          5855.582410007,
          5855.591668657,
          0.00925877600000291,
          5855.592030297
        ],
        [
          5855.591815468,
          5855.601838686,
          0.010023543999999163,
          5855.602223285
        ],
        [
          5855.602009776,
          5855.611870174,
          0.009860555999999576,
          5855.612228523
        ],
        [
          5855.612020424,
          5855.621588533,
          0.009568225999998958,
          5855.621930033
        ],
        [
          5855.621742583,
          5855.631192843,
          0.009450536999999315,
          5855.631504251
        ],
        [
          5855.631338752,
          5855.641205,
          0.00986626499999943,
          5855.641553031
        ],
        [
          5855.64135562,
          5855.651089749,
          0.009734485000002735,
          5855.651432248
        ],
        [
          5855.651245069,
          5855.661394576,
          0.01014964299999832,
          5855.661737376
        ],
        [
          5855.661540376,
          5855.671369805,
          0.009822524000000499,
          5855.671738924
        ],
        [
          5855.671533025,
          5855.681025014,
          0.00949208600000162,
          5855.681365054
        ],
        [
          5855.681171274,
          5855.691286632,
          0.01011552399999971,
          5855.691627501
        ],
        [
          5855.691442582,
          5855.701929999,
          0.010487642999997604,
          5855.702171698
        ],
        [
          5855.702100138,
          5855.711532349,
          0.009432347000000618,
          5855.711880007
        ],
        [
          5855.711680168,
          5855.722612243,
          0.010932201000002806,
          5855.722953552
        ],
        [
          5855.722763922,
          5855.732370472,
          0.009606824999998764,
          5855.732603831
        ],
        [
          5855.732552062,
          5855.743037488,
          0.01048541300000494,
          5855.743395896
        ],
        [
          5855.743195297,
          5855.754224653,
          0.011029400000005296,
          5855.754539832
        ],
        [
          5855.754372582,
          5855.765060788,
          0.0106884619999974,
          5855.765419847
        ],
        [
          5855.765216098,
          5855.775547775,
          0.01033178299999804,
          5855.775863464
        ],
        [
          5855.775692834,
          5855.787072818,
          0.01138005900000394,
          5855.787421368
        ],
        [
          5855.787222168,
          5855.798027063,
          0.010796671999997898,
          5855.798373603
        ],
        [
          5855.798190903,
          5855.808950989,
          0.010760261999998022,
          5855.809308348
        ],
        [
          5855.809110239,
          5855.818770758,
          0.009660685000000058,
          5855.819112657
        ],
        [
          5855.818916028,
          5855.829184745,
          0.010268983999999648,
          5855.829478504
        ],
        [
          5855.829332215,
          5855.84025206,
          0.010919911000002003,
          5855.84060048
        ],
        [
          5855.840405979,
          5855.850262808,
          0.009856994999999813,
          5855.850603538
        ],
        [
          5855.850407697,
          5855.860354566,
          0.009946943999999291,
          5855.860695456
        ],
        [
          5855.860498065,
          5855.871675841,
          0.011178368999999577,
          5855.872095079
        ],
        [
          5855.87189269,
          5855.883420024,
          0.011527488000005803,
          5855.883737823
        ],
        [
          5855.883591743,
          5855.894890436,
          0.011298689999996725,
          5855.895092906
        ],
        [
          5855.895079516,
          5855.906237201,
          0.0111578599999973,
          5855.90649369
        ],
        [
          5855.9064032,
          5855.917854035,
          0.011451058999995212,
          5855.918137234
        ],
        [
          5855.918031314,
          5855.92856973,
          0.01053888199999875,
          5855.92876866
        ],
        [
          5855.928751349,
          5855.938781898,
          0.010030754999995395,
          5855.939012767
        ],
        [
          5855.938937017,
          5855.950171481,
          0.011234448999999813,
          5855.950482951
        ],
        [
          5855.950334901,
          5855.960873198,
          0.010538502000002836,
          5855.961243306
        ],
        [
          5855.961042338,
          5855.971541764,
          0.010499871999996913,
          5855.971895923
        ],
        [
          5855.971708073,
          5855.983153508,
          0.011445687999994902,
          5855.983492866
        ],
        [
          5855.983307487,
          5855.993748703,
          0.010441391999997052,
          5855.994124882
        ],
        [
          5855.993891343,
          5856.004481329,
          0.010590292000003387,
          5856.004808529
        ],
        [
          5856.004625299,
          5856.016008653,
          0.011383320000000197,
          5856.016340762
        ],
        [
          5856.016160503,
          5856.026691769,
          0.010531672000006154,
          5856.027027948
        ],
        [
          5856.026847629,
          5856.038010474,
          0.011162908999999388,
          5856.038241953
        ],
        [
          5856.038174313,
          5856.049893476,
          0.01171241800000189,
          5856.050249975
        ],
        [
          5856.050055885,
          5856.060672682,
          0.01061694199999863,
          5856.06097123
        ],
        [
          5856.060813941,
          5856.072468754,
          0.011655288000000041,
          5856.072710833
        ],
        [
          5856.072631004,
          5856.083636258,
          0.011005289999999945,
          5856.083886737
        ],
        [
          5856.083761518,
          5856.094056636,
          0.010295122999998796,
          5856.094373674
        ],
        [
          5856.094196295,
          5856.105018911,
          0.010822670999999673,
          5856.10538047
        ],
        [
          5856.10518017,
          5856.115240958,
          0.010056044000002373,
          5856.115594237
        ],
        [
          5856.115393638,
          5856.126387193,
          0.01099382099999957,
          5856.126736941
        ],
        [
          5856.126540093,
          5856.137470488,
          0.010930539999996824,
          5856.137813907
        ],
        [
          5856.137618407,
          5856.149234291,
          0.011615938999995024,
          5856.14956077
        ],
        [
          5856.149384761,
          5856.159724408,
          0.010339703999996175,
          5856.160157486
        ],
        [
          5856.159859668,
          5856.170538333,
          0.010679371999998466,
          5856.170893572
        ],
        [
          5856.170691253,
          5856.182016087,
          0.011319178999997348,
          5856.182363556
        ],
        [
          5856.182173997,
          5856.193272591,
          0.011098769999996705,
          5856.193626629
        ],
        [
          5856.19342333,
          5856.203677868,
          0.01025489299999549,
          5856.204053288
        ],
        [
          5856.203834807,
          5856.215890509,
          0.012055756999998835,
          5856.216322808
        ],
        [
          5856.216097149,
          5856.227039124,
          0.010941961000000333,
          5856.227384783
        ],
        [
          5856.227179454,
          5856.23765153,
          0.010472272000001226,
          5856.238052759
        ],
        [
          5856.23782428,
          5856.248630106,
          0.010805890999996848,
          5856.248969235
        ],
        [
          5856.248776115,
          5856.259630251,
          0.010854252000001452,
          5856.25995153
        ],
        [
          5856.259793951,
          5856.270631225,
          0.010837531999996486,
          5856.271025365
        ],
        [
          5856.270788255,
          5856.281509472,
          0.010721441999997694,
          5856.28184435
        ],
        [
          5856.281647151,
          5856.292418987,
          0.010772281000001271,
          5856.292763195
        ],
        [
          5856.292565196,
          5856.302845783,
          0.010281112000001258,
          5856.303236212
        ],
        [
          5856.303021643,
          5856.313168561,
          0.010147144000001163,
          5856.313514681
        ],
        [
          5856.31331538,
          5856.323592829,
          0.010277623000000347,
          5856.323938628
        ],
        [
          5856.323740488,
          5856.334444544,
          0.010704331999995986,
          5856.334810413
        ],
        [
          5856.334608493,
          5856.345370069,
          0.010761601999995207,
          5856.345715039
        ],
        [
          5856.345518468,
          5856.357104802,
          0.011586648999994509,
          5856.357449681
        ],
        [
          5856.357250471,
          5856.368047078,
          0.01079719100000176,
          5856.368416736
        ],
        [
          5856.368207857,
          5856.37978957,
          0.011581879000004847,
          5856.380151969
        ],
        [
          5856.379946079,
          5856.391329383,
          0.011384008000000279,
          5856.391673802
        ],
        [
          5856.391476333,
          5856.402410768,
          0.010934990999999172,
          5856.402734807
        ],
        [
          5856.402541218,
          5856.412675286,
          0.010134194999999124,
          5856.413035535
        ],
        [
          5856.412828405,
          5856.423194143,
          0.010365982999999801,
          5856.423538452
        ],
        [
          5856.423337033,
          5856.434520497,
          0.01117786900000084,
          5856.434877445
        ],
        [
          5856.434674866,
          5856.445508662,
          0.010833991000005483,
          5856.445857701
        ],
        [
          5856.445659222,
          5856.457462733,
          0.011803657999998052,
          5856.457805793
        ],
        [
          5856.457617173,
          5856.469577605,
          0.011960746999996275,
          5856.469933854
        ],
        [
          5856.469729725,
          5856.480540481,
          0.010811012000004894,
          5856.48077158
        ],
        [
          5856.480689771,
          5856.491125457,
          0.010436183000003041,
          5856.491330526
        ]
      ]
    }
  ],
  "pool_shutdown_wall_s": 0.0038894279996384284,
  "least_covered": 0.9999999999999977,
  "round_timings_exact": [
    {
      "index": 0,
      "separation_seconds": 33.98627972800023,
      "lp_seconds": 0.07012670800031628,
      "rows_held": 504,
      "rows_added": 504,
      "violated": 543,
      "support": 0,
      "objective": 9.575276575276565
    },
    {
      "index": 1,
      "separation_seconds": 0.32554391699977714,
      "lp_seconds": 0.07546201100012695,
      "rows_held": 823,
      "rows_added": 319,
      "violated": 543,
      "support": 173,
      "objective": 10.142857142857146
    },
    {
      "index": 2,
      "separation_seconds": 0.26070193399937125,
      "lp_seconds": 0.12425051599984727,
      "rows_held": 1118,
      "rows_added": 295,
      "violated": 543,
      "support": 152,
      "objective": 11.303225806451614
    },
    {
      "index": 3,
      "separation_seconds": 0.2263657230005265,
      "lp_seconds": 0.14446608200069022,
      "rows_held": 1457,
      "rows_added": 339,
      "violated": 543,
      "support": 132,
      "objective": 11.73694516031501
    },
    {
      "index": 4,
      "separation_seconds": 0.4554633580000882,
      "lp_seconds": 0.1938929139996617,
      "rows_held": 1805,
      "rows_added": 348,
      "violated": 543,
      "support": 213,
      "objective": 11.946300420687953
    },
    {
      "index": 5,
      "separation_seconds": 0.3545503960003771,
      "lp_seconds": 0.23145645699969464,
      "rows_held": 2103,
      "rows_added": 298,
      "violated": 543,
      "support": 189,
      "objective": 12.012734552120014
    },
    {
      "index": 6,
      "separation_seconds": 0.5790415249994112,
      "lp_seconds": 0.3490355329995509,
      "rows_held": 2438,
      "rows_added": 335,
      "violated": 543,
      "support": 241,
      "objective": 12.05245496291063
    },
    {
      "index": 7,
      "separation_seconds": 0.5977048849999846,
      "lp_seconds": 0.3523660529999688,
      "rows_held": 2742,
      "rows_added": 304,
      "violated": 543,
      "support": 249,
      "objective": 12.07721719668003
    },
    {
      "index": 8,
      "separation_seconds": 0.5149086279998301,
      "lp_seconds": 0.395064297999852,
      "rows_held": 3085,
      "rows_added": 343,
      "violated": 543,
      "support": 229,
      "objective": 12.107096648035585
    },
    {
      "index": 9,
      "separation_seconds": 0.61998958499953,
      "lp_seconds": 0.4806017770006292,
      "rows_held": 3379,
      "rows_added": 294,
      "violated": 510,
      "support": 257,
      "objective": 12.14525373968964
    },
    {
      "index": 10,
      "separation_seconds": 0.8804771189998064,
      "lp_seconds": 0.47047952899993106,
      "rows_held": 3716,
      "rows_added": 337,
      "violated": 543,
      "support": 305,
      "objective": 12.159747332704033
    },
    {
      "index": 11,
      "separation_seconds": 1.443113696999717,
      "lp_seconds": 0.7377379310000833,
      "rows_held": 4001,
      "rows_added": 285,
      "violated": 519,
      "support": 393,
      "objective": 12.175584616555257
    },
    {
      "index": 12,
      "separation_seconds": 1.045012317000328,
      "lp_seconds": 0.6397710230003213,
      "rows_held": 4367,
      "rows_added": 366,
      "violated": 528,
      "support": 333,
      "objective": 12.19029288986806
    },
    {
      "index": 13,
      "separation_seconds": 1.5306911890002084,
      "lp_seconds": 0.645283883999582,
      "rows_held": 4606,
      "rows_added": 239,
      "violated": 468,
      "support": 405,
      "objective": 12.202588685765212
    },
    {
      "index": 14,
      "separation_seconds": 1.7803264379999746,
      "lp_seconds": 0.7138033869996434,
      "rows_held": 4746,
      "rows_added": 140,
      "violated": 309,
      "support": 437,
      "objective": 12.206003669952421
    },
    {
      "index": 15,
      "separation_seconds": 1.8696823939999376,
      "lp_seconds": 0.7697515800000474,
      "rows_held": 4912,
      "rows_added": 166,
      "violated": 306,
      "support": 445,
      "objective": 12.20898580108819
    },
    {
      "index": 16,
      "separation_seconds": 2.07253467099963,
      "lp_seconds": 0.7948609909999504,
      "rows_held": 5037,
      "rows_added": 125,
      "violated": 270,
      "support": 465,
      "objective": 12.214630560809828
    },
    {
      "index": 17,
      "separation_seconds": 3.4933512070001598,
      "lp_seconds": 0.9700525959997321,
      "rows_held": 5199,
      "rows_added": 162,
      "violated": 360,
      "support": 529,
      "objective": 12.215821008337892
    },
    {
      "index": 18,
      "separation_seconds": 2.251925912999468,
      "lp_seconds": 0.8890309409998736,
      "rows_held": 5329,
      "rows_added": 130,
      "violated": 246,
      "support": 489,
      "objective": 12.216974203809631
    },
    {
      "index": 19,
      "separation_seconds": 1.9080445330000657,
      "lp_seconds": 0.9082144220001283,
      "rows_held": 5401,
      "rows_added": 72,
      "violated": 159,
      "support": 449,
      "objective": 12.217538569118492
    },
    {
      "index": 20,
      "separation_seconds": 2.0947792309998476,
      "lp_seconds": 0.937240569000096,
      "rows_held": 5456,
      "rows_added": 55,
      "violated": 108,
      "support": 477,
      "objective": 12.21767630311833
    },
    {
      "index": 21,
      "separation_seconds": 1.7227238899995427,
      "lp_seconds": 0.8963326789998973,
      "rows_held": 5481,
      "rows_added": 25,
      "violated": 45,
      "support": 433,
      "objective": 12.217676366606286
    },
    {
      "index": 22,
      "separation_seconds": 1.9112440019998758,
      "lp_seconds": 0.0,
      "rows_held": 5481,
      "rows_added": 0,
      "violated": 0,
      "support": 453,
      "objective": 12.217676366606284
    }
  ],
  "workers": 1,
  "worker_model": "ProcessPoolExecutor over directions",
  "start_method": "forkserver",
  "parent_pid": 19998
}
