{
  "case": "n=12 L=99/25=3.9600",
  "row_run": {
    "grids": [
      26,
      35,
      43
    ],
    "densities": [
      8.427,
      11.46,
      14.157
    ],
    "orbits": 511,
    "sites": 3737,
    "rows_per_direction": 3,
    "max_rounds": 60,
    "rounds": 23,
    "rows": 5481,
    "objective": 12.217676366606284,
    "stopped": "converged: every placement covers mass 1",
    "seconds": 46.091,
    "separation_seconds": 34.229,
    "lp_seconds": 11.852,
    "separation_share": 0.7428,
    "peak_support": 529,
    "timings": [
      {
        "index": 0,
        "separation_s": 18.478,
        "lp_s": 0.069,
        "rows_held": 504,
        "rows_added": 504,
        "violated": 543,
        "support": 0,
        "objective": 9.575277
      },
      {
        "index": 1,
        "separation_s": 0.169,
        "lp_s": 0.076,
        "rows_held": 823,
        "rows_added": 319,
        "violated": 543,
        "support": 173,
        "objective": 10.142857
      },
      {
        "index": 2,
        "separation_s": 0.13,
        "lp_s": 0.136,
        "rows_held": 1118,
        "rows_added": 295,
        "violated": 543,
        "support": 152,
        "objective": 11.303226
      },
      {
        "index": 3,
        "separation_s": 0.108,
        "lp_s": 0.145,
        "rows_held": 1457,
        "rows_added": 339,
        "violated": 543,
        "support": 132,
        "objective": 11.736945
      },
      {
        "index": 4,
        "separation_s": 0.224,
        "lp_s": 0.195,
        "rows_held": 1805,
        "rows_added": 348,
        "violated": 543,
        "support": 213,
        "objective": 11.9463
      },
      {
        "index": 5,
        "separation_s": 0.18,
        "lp_s": 0.235,
        "rows_held": 2103,
        "rows_added": 298,
        "violated": 543,
        "support": 189,
        "objective": 12.012735
      },
      {
        "index": 6,
        "separation_s": 0.304,
        "lp_s": 0.351,
        "rows_held": 2438,
        "rows_added": 335,
        "violated": 543,
        "support": 241,
        "objective": 12.052455
      },
      {
        "index": 7,
        "separation_s": 0.314,
        "lp_s": 0.361,
        "rows_held": 2742,
        "rows_added": 304,
        "violated": 543,
        "support": 249,
        "objective": 12.077217
      },
      {
        "index": 8,
        "separation_s": 0.28,
        "lp_s": 0.401,
        "rows_held": 3085,
        "rows_added": 343,
        "violated": 543,
        "support": 229,
        "objective": 12.107097
      },
      {
        "index": 9,
        "separation_s": 0.332,
        "lp_s": 0.487,
        "rows_held": 3379,
        "rows_added": 294,
        "violated": 510,
        "support": 257,
        "objective": 12.145254
      },
      {
        "index": 10,
        "separation_s": 0.473,
        "lp_s": 0.469,
        "rows_held": 3716,
        "rows_added": 337,
        "violated": 543,
        "support": 305,
        "objective": 12.159747
      },
      {
        "index": 11,
        "separation_s": 0.815,
        "lp_s": 0.724,
        "rows_held": 4001,
        "rows_added": 285,
        "violated": 519,
        "support": 393,
        "objective": 12.175585
      },
      {
        "index": 12,
        "separation_s": 0.556,
        "lp_s": 0.65,
        "rows_held": 4367,
        "rows_added": 366,
        "violated": 528,
        "support": 333,
        "objective": 12.190293
      },
      {
        "index": 13,
        "separation_s": 0.859,
        "lp_s": 0.648,
        "rows_held": 4606,
        "rows_added": 239,
        "violated": 468,
        "support": 405,
        "objective": 12.202589
      },
      {
        "index": 14,
        "separation_s": 1.048,
        "lp_s": 0.742,
        "rows_held": 4746,
        "rows_added": 140,
        "violated": 309,
        "support": 437,
        "objective": 12.206004
      },
      {
        "index": 15,
        "separation_s": 1.077,
        "lp_s": 0.761,
        "rows_held": 4912,
        "rows_added": 166,
        "violated": 306,
        "support": 445,
        "objective": 12.208986
      },
      {
        "index": 16,
        "separation_s": 1.189,
        "lp_s": 0.8,
        "rows_held": 5037,
        "rows_added": 125,
        "violated": 270,
        "support": 465,
        "objective": 12.214631
      },
      {
        "index": 17,
        "separation_s": 1.987,
        "lp_s": 0.951,
        "rows_held": 5199,
        "rows_added": 162,
        "violated": 360,
        "support": 529,
        "objective": 12.215821
      },
      {
        "index": 18,
        "separation_s": 1.304,
        "lp_s": 0.908,
        "rows_held": 5329,
        "rows_added": 130,
        "violated": 246,
        "support": 489,
        "objective": 12.216974
      },
      {
        "index": 19,
        "separation_s": 1.091,
        "lp_s": 0.932,
        "rows_held": 5401,
        "rows_added": 72,
        "violated": 159,
        "support": 449,
        "objective": 12.217539
      },
      {
        "index": 20,
        "separation_s": 1.23,
        "lp_s": 0.958,
        "rows_held": 5456,
        "rows_added": 55,
        "violated": 108,
        "support": 477,
        "objective": 12.217676
      },
      {
        "index": 21,
        "separation_s": 0.987,
        "lp_s": 0.853,
        "rows_held": 5481,
        "rows_added": 25,
        "violated": 45,
        "support": 433,
        "objective": 12.217676
      },
      {
        "index": 22,
        "separation_s": 1.096,
        "lp_s": 0.0,
        "rows_held": 5481,
        "rows_added": 0,
        "violated": 0,
        "support": 453,
        "objective": 12.217676
      }
    ]
  },
  "pricing": {
    "dual_squares_s": 0.004,
    "rank_candidates_s": 0.483,
    "total_s": 0.487,
    "support": 32,
    "candidates": 1,
    "best_averaged_depth": 1.3370154387016004,
    "share_of_round": 0.0106
  },
  "pool_constructor_enter_wall_s": 0.0012901850004709559,
  "process_boundary_by_round": [
    {
      "round_index": 0,
      "map_setup_wall_s": 0.1783111739996457,
      "map_setup_parent_cpu_s": 0.0038609980000000044,
      "result_next_wall_s": 18.26872249299595,
      "result_next_parent_cpu_s": 0.08705782100000017,
      "serial_result_processing_wall_s": 0.029382038000221655,
      "serial_result_processing_parent_cpu_s": 0.03072488100000001,
      "worker_placement_wall_sum_s": 36.419301818998974,
      "worker_placement_cpu_sum_s": 36.40526754300003,
      "worker_tasks": 181,
      "per_worker": {
        "20194": 94,
        "20197": 87
      },
      "task_intervals": [
        [
          5857.396349258,
          5857.399516678,
          0.003166169,
          5857.400639474
        ],
        [
          5857.399180599,
          5857.608639195,
          0.209458302,
          5857.609094634
        ],
        [
          5857.399824847,
          5857.606616311,
          0.20677928199999998,
          5857.609173903
        ],
        [
          5857.60701837,
          5857.80251049,
          0.19545938200000001,
          5857.803173419
        ],
        [
          5857.609053863,
          5857.81509355,
          0.206041304,
          5857.815726459
        ],
        [
          5857.802908909,
          5858.001162551,
          0.19823906199999997,
          5858.001791369
        ],
        [
          5857.815460809,
          5858.015199276,
          0.19973986600000004,
          5858.015789625
        ],
        [
          5858.00151798,
          5858.199392903,
          0.19785710199999995,
          5858.200072271
        ],
        [
          5858.015515456,
          5858.214527935,
          0.19900710899999996,
          5858.215163813
        ],
        [
          5858.199752372,
          5858.397706864,
          0.19794987400000008,
          5858.398309952
        ],
        [
          5858.214845284,
          5858.414414471,
          0.19953870699999987,
          5858.415170979
        ],
        [
          5858.398049682,
          5858.59787211,
          0.19869914,
          5858.598521307
        ],
        [
          5858.41483916,
          5858.616305531,
          0.20145488100000009,
          5858.61672784
        ],
        [
          5858.598227879,
          5858.79676863,
          0.19854267999999986,
          5858.797375548
        ],
        [
          5858.61663754,
          5858.817620923,
          0.2009851920000001,
          5858.818282051
        ],
        [
          5858.797189508,
          5858.995756479,
          0.19856774099999996,
          5858.996367977
        ],
        [
          5858.817992642,
          5859.017683689,
          0.19969333599999994,
          5859.018167698
        ],
        [
          5858.996153198,
          5859.194772248,
          0.19858111099999998,
          5859.195386826
        ],
        [
          5859.018053958,
          5859.217416957,
          0.19935330699999998,
          5859.217867385
        ],
        [
          5859.195183257,
          5859.393428188,
          0.198230111,
          5859.393812387
        ],
        [
          5859.217760895,
          5859.417712751,
          0.1999534260000002,
          5859.418392439
        ],
        [
          5859.393731547,
          5859.590727773,
          0.19698408700000014,
          5859.591488811
        ],
        [
          5859.41808824,
          5859.618624885,
          0.20053499499999994,
          5859.619318382
        ],
        [
          5859.591130132,
          5859.788331507,
          0.19718275500000004,
          5859.788852874
        ],
        [
          5859.618986813,
          5859.819325509,
          0.20034012400000023,
          5859.819930027
        ],
        [
          5859.788634406,
          5859.983548148,
          0.19491610400000026,
          5859.984028007
        ],
        [
          5859.819647188,
          5860.037921535,
          0.21827586099999996,
          5860.038519574
        ],
        [
          5859.983876257,
          5860.178011741,
          0.19410197799999995,
          5860.178606079
        ],
        [
          5860.038281915,
          5860.253982211,
          0.21569010000000022,
          5860.254620758
        ],
        [
          5860.1783205,
          5860.373350142,
          0.19503170400000025,
          5860.373989839
        ],
        [
          5860.254303509,
          5860.472122529,
          0.21779064299999984,
          5860.472743047
        ],
        [
          5860.373687641,
          5860.568064985,
          0.1943689260000001,
          5860.568681203
        ],
        [
          5860.472447578,
          5860.695072703,
          0.22262531500000016,
          5860.695657851
        ],
        [
          5860.568388895,
          5860.765814249,
          0.19543215400000014,
          5860.766444266
        ],
        [
          5860.695384352,
          5860.915437804,
          0.22005509399999967,
          5860.916102621
        ],
        [
          5860.766127407,
          5860.961448318,
          0.19532233199999993,
          5860.962007376
        ],
        [
          5860.915770613,
          5861.1343171,
          0.21853685899999986,
          5861.134758219
        ],
        [
          5860.961762148,
          5861.157174528,
          0.19539097000000005,
          5861.157778076
        ],
        [
          5861.134649999,
          5861.331496205,
          0.1968477769999999,
          5861.332119174
        ],
        [
          5861.157521527,
          5861.361094671,
          0.20355001300000009,
          5861.36150052
        ],
        [
          5861.331840124,
          5861.543171104,
          0.2113262950000001,
          5861.543786173
        ],
        [
          5861.361415,
          5861.562779222,
          0.2013477610000005,
          5861.56339212
        ],
        [
          5861.543496764,
          5861.755442582,
          0.21194757299999978,
          5861.75595547
        ],
        [
          5861.56320041,
          5861.758350472,
          0.195110734,
          5861.758728031
        ],
        [
          5861.755738641,
          5861.959185356,
          0.20344879299999974,
          5861.959786664
        ],
        [
          5861.758579031,
          5861.959248206,
          0.20066936300000027,
          5861.960051823
        ],
        [
          5861.959464275,
          5862.152559162,
          0.19309042899999973,
          5862.152986411
        ],
        [
          5861.959922453,
          5862.156548601,
          0.1966076069999998,
          5862.156912579
        ],
        [
          5862.152887001,
          5862.377284881,
          0.22436967999999968,
          5862.377725089
        ],
        [
          5862.1567626,
          5862.348503982,
          0.19173434500000042,
          5862.378086308
        ],
        [
          5862.348838431,
          5862.542288127,
          0.19343586000000013,
          5862.542754406
        ],
        [
          5862.37762067,
          5862.596633215,
          0.21901345699999997,
          5862.597274244
        ],
        [
          5862.542622917,
          5862.743990319,
          0.20136679199999996,
          5862.744622746
        ],
        [
          5862.597162384,
          5862.798059387,
          0.2008963219999993,
          5862.798678385
        ],
        [
          5862.744362167,
          5862.939268199,
          0.19490804399999995,
          5862.939718659
        ],
        [
          5862.798385276,
          5862.993832866,
          0.1954470319999997,
          5862.994443995
        ],
        [
          5862.939606139,
          5863.133318344,
          0.19370745900000053,
          5863.133946003
        ],
        [
          5862.994146306,
          5863.209525623,
          0.21386616599999986,
          5863.21017343
        ],
        [
          5863.133648113,
          5863.328266876,
          0.19460346500000014,
          5863.328883934
        ],
        [
          5863.209847522,
          5863.434492939,
          0.22464591800000022,
          5863.435135548
        ],
        [
          5863.328592195,
          5863.524272355,
          0.19566745099999938,
          5863.524674464
        ],
        [
          5863.434835919,
          5863.642258641,
          0.20742411899999968,
          5863.642834459
        ],
        [
          5863.524600025,
          5863.720291544,
          0.1956747820000002,
          5863.720918383
        ],
        [
          5863.64255995,
          5863.861657945,
          0.21909953800000004,
          5863.862153754
        ],
        [
          5863.720618553,
          5863.917090149,
          0.19645240700000066,
          5863.917715759
        ],
        [
          5863.861980224,
          5864.055750661,
          0.1937607779999997,
          5864.056246408
        ],
        [
          5863.91743014,
          5864.113428458,
          0.1957769410000001,
          5864.113852417
        ],
        [
          5864.056042009,
          5864.248267481,
          0.19222095299999964,
          5864.248898969
        ],
        [
          5864.113946817,
          5864.307628102,
          0.19367088700000057,
          5864.30830143
        ],
        [
          5864.248599799,
          5864.441310608,
          0.19271277200000014,
          5864.441906677
        ],
        [
          5864.307988731,
          5864.505689864,
          0.197689263,
          5864.506146663
        ],
        [
          5864.441625838,
          5864.641385025,
          0.1997593059999998,
          5864.641947833
        ],
        [
          5864.506039333,
          5864.70605253,
          0.20001561599999995,
          5864.706674078
        ],
        [
          5864.641690954,
          5864.834276263,
          0.19257772200000023,
          5864.834737032
        ],
        [
          5864.706400108,
          5864.903372554,
          0.19696329699999993,
          5864.903780853
        ],
        [
          5864.834601092,
          5865.030737211,
          0.19613838999999977,
          5865.031206218
        ],
        [
          5864.903683593,
          5865.102644452,
          0.1989513599999997,
          5865.10332301
        ],
        [
          5865.031091579,
          5865.244961841,
          0.21384503699999957,
          5865.24542271
        ],
        [
          5865.103018041,
          5865.298120312,
          0.19510269299999994,
          5865.298557872
        ],
        [
          5865.24531311,
          5865.441634718,
          0.1943406559999996,
          5865.442053827
        ],
        [
          5865.298424623,
          5865.492599877,
          0.19414230599999982,
          5865.493203125
        ],
        [
          5865.441939356,
          5865.635093165,
          0.1931552200000013,
          5865.635688593
        ],
        [
          5865.492910415,
          5865.688192166,
          0.19526991199999877,
          5865.688769984
        ],
        [
          5865.635409304,
          5865.828092332,
          0.1926824309999997,
          5865.828681342
        ],
        [
          5865.688501445,
          5865.882793749,
          0.19427174600000008,
          5865.883400238
        ],
        [
          5865.828397092,
          5866.023591113,
          0.19519625400000074,
          5866.024163371
        ],
        [
          5865.883122509,
          5866.0813924,
          0.19826881200000024,
          5866.081985278
        ],
        [
          5866.023866032,
          5866.227492967,
          0.20362190200000008,
          5866.228146595
        ],
        [
          5866.081716509,
          5866.282961801,
          0.20123066000000023,
          5866.283403549
        ],
        [
          5866.227827976,
          5866.456309792,
          0.22848284400000018,
          5866.45688253
        ],
        [
          5866.28331471,
          5866.477749725,
          0.1944229160000006,
          5866.478374622
        ],
        [
          5866.456628111,
          5866.671851069,
          0.2152242409999996,
          5866.672500417
        ],
        [
          5866.478191303,
          5866.674225902,
          0.19603313,
          5866.674572161
        ],
        [
          5866.672188938,
          5866.896905805,
          0.22471809700000023,
          5866.897534953
        ],
        [
          5866.674453461,
          5866.866586032,
          0.1921342029999984,
          5866.897671693
        ],
        [
          5866.866920471,
          5867.062202461,
          0.19528347299999993,
          5867.06284274
        ],
        [
          5866.897238214,
          5867.123823486,
          0.226571281,
          5867.124435944
        ],
        [
          5867.062537451,
          5867.256385356,
          0.19384237799999937,
          5867.256796825
        ],
        [
          5867.124156245,
          5867.342865031,
          0.21868643900000073,
          5867.343450481
        ],
        [
          5867.256696825,
          5867.452748283,
          0.19602246,
          5867.453248093
        ],
        [
          5867.34318365,
          5867.554019913,
          0.21083755599999954,
          5867.55459872
        ],
        [
          5867.453063033,
          5867.655624391,
          0.20254963700000062,
          5867.656029839
        ],
        [
          5867.554337541,
          5867.750809598,
          0.19647265799999936,
          5867.751450716
        ],
        [
          5867.65593915,
          5867.853864412,
          0.1978991729999997,
          5867.854449941
        ],
        [
          5867.751156957,
          5867.94936742,
          0.19821169199999922,
          5867.949800138
        ],
        [
          5867.854196491,
          5868.052394462,
          0.19818501099999963,
          5868.053048541
        ],
        [
          5867.949690768,
          5868.143268455,
          0.19356733800000114,
          5868.143719453
        ],
        [
          5868.052713673,
          5868.248424621,
          0.19569670099999925,
          5868.249076479
        ],
        [
          5868.143567954,
          5868.343456,
          0.19988960600000105,
          5868.344080399
        ],
        [
          5868.24875768,
          5868.44751661,
          0.19876073000000005,
          5868.448045899
        ],
        [
          5868.343759739,
          5868.548953909,
          0.20519602700000128,
          5868.549546637
        ],
        [
          5868.447833389,
          5868.642871742,
          0.1950280529999997,
          5868.64348662
        ],
        [
          5868.549276208,
          5868.742470006,
          0.1931956500000016,
          5868.743123273
        ],
        [
          5868.643215001,
          5868.83891808,
          0.19570322100000048,
          5868.839365579
        ],
        [
          5868.742824765,
          5868.93690917,
          0.1940856869999994,
          5868.937554708
        ],
        [
          5868.839258149,
          5869.032711895,
          0.1934538579999998,
          5869.033357894
        ],
        [
          5868.937258118,
          5869.130473717,
          0.1932053499999995,
          5869.131121384
        ],
        [
          5869.033057695,
          5869.232633333,
          0.19956550799999917,
          5869.23327162
        ],
        [
          5869.130790405,
          5869.332770715,
          0.20001780499999988,
          5869.333362373
        ],
        [
          5869.232966221,
          5869.425959059,
          0.19295609099999922,
          5869.426602818
        ],
        [
          5869.333129294,
          5869.526370822,
          0.19323593000000017,
          5869.527012559
        ],
        [
          5869.426306588,
          5869.619786465,
          0.19348059999999911,
          5869.620236024
        ],
        [
          5869.52668195,
          5869.741604379,
          0.21492452300000053,
          5869.742072188
        ],
        [
          5869.620214864,
          5869.815424015,
          0.195182913,
          5869.815788913
        ],
        [
          5869.741928507,
          5869.951804773,
          0.20985967999999922,
          5869.952383591
        ],
        [
          5869.815713384,
          5870.010579506,
          0.19486824400000025,
          5870.011039946
        ],
        [
          5869.952113902,
          5870.159919002,
          0.20779516800000053,
          5870.160558801
        ],
        [
          5870.010915566,
          5870.207283823,
          0.19634531800000055,
          5870.207869422
        ],
        [
          5870.160254142,
          5870.376187928,
          0.2159350480000004,
          5870.376767006
        ],
        [
          5870.207611352,
          5870.404133729,
          0.19652386899999996,
          5870.404575728
        ],
        [
          5870.376503637,
          5870.584010869,
          0.20750859900000052,
          5870.584639637
        ],
        [
          5870.404468299,
          5870.599685599,
          0.195211393000001,
          5870.600347137
        ],
        [
          5870.584334448,
          5870.799294026,
          0.21495830199999943,
          5870.799673206
        ],
        [
          5870.600023548,
          5870.79501133,
          0.19498914399999911,
          5870.799813246
        ],
        [
          5870.795280769,
          5870.992436804,
          0.19715855599999976,
          5870.992897033
        ],
        [
          5870.799528547,
          5871.019842517,
          0.22031558399999973,
          5871.020253536
        ],
        [
          5870.992792793,
          5871.186798448,
          0.19399970799999977,
          5871.187269017
        ],
        [
          5871.020173756,
          5871.240459389,
          0.22026628200000076,
          5871.241158276
        ],
        [
          5871.187125967,
          5871.380738784,
          0.1936041090000007,
          5871.381263622
        ],
        [
          5871.240775688,
          5871.464830857,
          0.22405616899999892,
          5871.465284425
        ],
        [
          5871.381048863,
          5871.574594339,
          0.19353400000000143,
          5871.575078328
        ],
        [
          5871.465172206,
          5871.690448023,
          0.22527762600000045,
          5871.69109029
        ],
        [
          5871.574920708,
          5871.769197552,
          0.194253346,
          5871.769630851
        ],
        [
          5871.690757342,
          5871.893194569,
          0.20243813699999968,
          5871.893626638
        ],
        [
          5871.769521321,
          5871.972135519,
          0.20260649699999966,
          5871.972742217
        ],
        [
          5871.893513648,
          5872.112525734,
          0.21900575799999977,
          5872.113125622
        ],
        [
          5871.972458598,
          5872.167039221,
          0.19456280600000042,
          5872.167486579
        ],
        [
          5872.112869633,
          5872.322556929,
          0.20968904100000074,
          5872.323174906
        ],
        [
          5872.16738198,
          5872.365585982,
          0.1962202780000002,
          5872.36625937
        ],
        [
          5872.322961338,
          5872.540780847,
          0.21781998199999997,
          5872.541434515
        ],
        [
          5872.365932551,
          5872.562234759,
          0.19629045900000008,
          5872.562682047
        ],
        [
          5872.541116367,
          5872.763966009,
          0.2228513129999996,
          5872.764416848
        ],
        [
          5872.562578158,
          5872.755884666,
          0.19330830100000007,
          5872.764746006
        ],
        [
          5872.756232964,
          5872.953756327,
          0.19752497500000032,
          5872.954380986
        ],
        [
          5872.764303618,
          5872.980524113,
          0.2162212780000008,
          5872.980915241
        ],
        [
          5872.954098927,
          5873.163846712,
          0.20973913100000097,
          5873.16446372
        ],
        [
          5872.980827732,
          5873.176679472,
          0.1958405600000006,
          5873.177395029
        ],
        [
          5873.164184201,
          5873.357766527,
          0.19356771700000053,
          5873.358470925
        ],
        [
          5873.17703125,
          5873.399364415,
          0.22231396599999975,
          5873.399963824
        ],
        [
          5873.358128966,
          5873.55239507,
          0.19424676500000082,
          5873.552985588
        ],
        [
          5873.399675915,
          5873.616625707,
          0.2169511549999985,
          5873.617302485
        ],
        [
          5873.552699689,
          5873.745885417,
          0.1931625910000001,
          5873.746502915
        ],
        [
          5873.616933346,
          5873.829736881,
          0.21280443999999932,
          5873.83031521
        ],
        [
          5873.746217736,
          5873.939516394,
          0.19328887100000003,
          5873.940150861
        ],
        [
          5873.830063741,
          5874.053757031,
          0.2236951110000014,
          5874.05440825
        ],
        [
          5873.939840583,
          5874.134775135,
          0.19492591400000236,
          5874.135436042
        ],
        [
          5874.054120491,
          5874.271671501,
          0.21754113399999753,
          5874.272275559
        ],
        [
          5874.135114123,
          5874.332416058,
          0.19729026500000302,
          5874.333065887
        ],
        [
          5874.27198674,
          5874.490597087,
          0.21861224899999954,
          5874.491243425
        ],
        [
          5874.332758628,
          5874.527105512,
          0.1943355060000016,
          5874.52770829
        ],
        [
          5874.490939735,
          5874.713270071,
          0.2223299460000021,
          5874.713891409
        ],
        [
          5874.5274322,
          5874.720850647,
          0.1934222580000018,
          5874.721515365
        ],
        [
          5874.713590501,
          5874.940339511,
          0.22674801000000144,
          5874.94094234
        ],
        [
          5874.721228646,
          5874.914484153,
          0.19325455999999974,
          5874.941080389
        ],
        [
          5874.914799983,
          5875.109167776,
          0.19435928500000088,
          5875.109708934
        ],
        [
          5874.94067243,
          5875.156904495,
          0.21621190799999823,
          5875.157348103
        ],
        [
          5875.109471546,
          5875.312240712,
          0.20079249400000165,
          5875.312634061
        ],
        [
          5875.157229204,
          5875.366131502,
          0.20890095399999709,
          5875.366734179
        ],
        [
          5875.312559681,
          5875.507512864,
          0.1949315829999989,
          5875.507929852
        ],
        [
          5875.366449061,
          5875.578173709,
          0.211712863999999,
          5875.578560038
        ],
        [
          5875.507841933,
          5875.696906564,
          0.18906537499999843,
          5875.697270352
        ]
      ]
    },
    {
      "round_index": 1,
      "map_setup_wall_s": 0.0017116540002461988,
      "map_setup_parent_cpu_s": 0.0023714269999999815,
      "result_next_wall_s": 0.15887482599009672,
      "result_next_parent_cpu_s": 0.014791155999999472,
      "serial_result_processing_wall_s": 0.007499800001824042,
      "serial_result_processing_parent_cpu_s": 0.009578774000000179,
      "worker_placement_wall_sum_s": 0.3138465160118358,
      "worker_placement_cpu_sum_s": 0.31385340899996805,
      "worker_tasks": 181,
      "per_worker": {
        "20197": 91,
        "20194": 90
      },
      "task_intervals": [
        [
          5875.768791166,
          5875.769299164,
          0.0005075879999978383,
          5875.769511623
        ],
        [
          5875.768863365,
          5875.770883879,
          0.002019921999998786,
          5875.771056378
        ],
        [
          5875.769450683,
          5875.771368777,
          0.0019181529999983127,
          5875.771499387
        ],
        [
          5875.771031489,
          5875.772851303,
          0.0018197630000003073,
          5875.772966632
        ],
        [
          5875.771479617,
          5875.773362562,
          0.001883023999997846,
          5875.773431961
        ],
        [
          5875.772950772,
          5875.774889066,
          0.0019381930000008651,
          5875.774964836
        ],
        [
          5875.773470571,
          5875.775472264,
          0.002001812999999686,
          5875.775608543
        ],
        [
          5875.775028076,
          5875.777073639,
          0.0020454920000005927,
          5875.777146709
        ],
        [
          5875.775582423,
          5875.777614777,
          0.0020324040000012644,
          5875.777680377
        ],
        [
          5875.777192719,
          5875.779211243,
          0.0020183829999993463,
          5875.779281292
        ],
        [
          5875.777717417,
          5875.779461742,
          0.0017443029999988369,
          5875.779579022
        ],
        [
          5875.779327982,
          5875.781261006,
          0.0019329530000007367,
          5875.781333416
        ],
        [
          5875.779558642,
          5875.781392736,
          0.0018341240000019354,
          5875.781453225
        ],
        [
          5875.781375836,
          5875.78336927,
          0.001993273000000073,
          5875.783435079
        ],
        [
          5875.781488885,
          5875.783146459,
          0.0016575940000009837,
          5875.783514589
        ],
        [
          5875.78324487,
          5875.785012154,
          0.001767294000000419,
          5875.785445332
        ],
        [
          5875.78347933,
          5875.785305733,
          0.0018264240000007703,
          5875.785591142
        ],
        [
          5875.785108233,
          5875.786898398,
          0.0017901939999980243,
          5875.787077247
        ],
        [
          5875.785495402,
          5875.787335126,
          0.0018393930000009107,
          5875.787454346
        ],
        [
          5875.786996168,
          5875.788838362,
          0.0018420930000004887,
          5875.788952582
        ],
        [
          5875.787433596,
          5875.78926426,
          0.0018306730000006155,
          5875.789375691
        ],
        [
          5875.788930162,
          5875.790680926,
          0.0017508340000027545,
          5875.790749967
        ],
        [
          5875.78935946,
          5875.791103085,
          0.0017436730000000011,
          5875.791174515
        ],
        [
          5875.790772547,
          5875.79259959,
          0.0018271740000024295,
          5875.792666749
        ],
        [
          5875.791197455,
          5875.792897599,
          0.0017001830000005214,
          5875.792966119
        ],
        [
          5875.79269092,
          5875.794430974,
          0.0017401529999965248,
          5875.794500574
        ],
        [
          5875.792993808,
          5875.794728763,
          0.0017350030000002903,
          5875.794788873
        ],
        [
          5875.794527954,
          5875.796529418,
          0.0020015029999989054,
          5875.796592617
        ],
        [
          5875.794824843,
          5875.796467998,
          0.0016432139999977835,
          5875.796647028
        ],
        [
          5875.796561097,
          5875.798225463,
          0.0016643740000006346,
          5875.798293103
        ],
        [
          5875.796626657,
          5875.798588611,
          0.001962043999998997,
          5875.798653821
        ],
        [
          5875.798326292,
          5875.800052006,
          0.0017257129999990184,
          5875.800117456
        ],
        [
          5875.798678231,
          5875.800401205,
          0.0017231439999996212,
          5875.800490015
        ],
        [
          5875.800145256,
          5875.801805101,
          0.001659834000001581,
          5875.80187042
        ],
        [
          5875.800491475,
          5875.802344549,
          0.0018531340000009777,
          5875.802411509
        ],
        [
          5875.801903711,
          5875.803849205,
          0.0019455439999980229,
          5875.803968734
        ],
        [
          5875.802435169,
          5875.804108724,
          0.0016735630000006552,
          5875.804215504
        ],
        [
          5875.803948074,
          5875.805705639,
          0.0017576239999996801,
          5875.805770999
        ],
        [
          5875.804201313,
          5875.806131167,
          0.0019299329999995507,
          5875.806196407
        ],
        [
          5875.805796559,
          5875.807616522,
          0.0018200240000005863,
          5875.807752121
        ],
        [
          5875.806221527,
          5875.808026941,
          0.0018054929999991032,
          5875.808145701
        ],
        [
          5875.807711962,
          5875.809421056,
          0.0017090639999999269,
          5875.809492536
        ],
        [
          5875.808131772,
          5875.809755606,
          0.0016239139999996155,
          5875.809823395
        ],
        [
          5875.809512027,
          5875.811388681,
          0.0018766530000000614,
          5875.81151827
        ],
        [
          5875.809846505,
          5875.81177862,
          0.0019322029999990775,
          5875.811878789
        ],
        [
          5875.81148433,
          5875.813238545,
          0.0017542439999971293,
          5875.813307585
        ],
        [
          5875.811873379,
          5875.813863233,
          0.0019899830000014163,
          5875.813929722
        ],
        [
          5875.813332664,
          5875.814870929,
          0.0015383349999993357,
          5875.814983259
        ],
        [
          5875.813958913,
          5875.815528418,
          0.001569124999999616,
          5875.815601177
        ],
        [
          5875.814966459,
          5875.816692473,
          0.001726133999998325,
          5875.816760413
        ],
        [
          5875.815619717,
          5875.817240272,
          0.0016206039999993038,
          5875.817306531
        ],
        [
          5875.816783324,
          5875.818408928,
          0.0016256339999998204,
          5875.818474468
        ],
        [
          5875.817331582,
          5875.818986426,
          0.0016549740000009194,
          5875.819062257
        ],
        [
          5875.818499568,
          5875.820095013,
          0.0015955540000014423,
          5875.820198282
        ],
        [
          5875.819085936,
          5875.820684201,
          0.001598244000000193,
          5875.820750941
        ],
        [
          5875.820188622,
          5875.821760477,
          0.0015719850000017743,
          5875.821826577
        ],
        [
          5875.820770851,
          5875.822458505,
          0.0016877439999980481,
          5875.822672954
        ],
        [
          5875.821850277,
          5875.823601502,
          0.0017512229999994133,
          5875.823721171
        ],
        [
          5875.822554515,
          5875.82413419,
          0.0015796739999984766,
          5875.82420432
        ],
        [
          5875.823691422,
          5875.825342516,
          0.001651093999999631,
          5875.825414656
        ],
        [
          5875.82422486,
          5875.825853785,
          0.0016290339999969206,
          5875.825955884
        ],
        [
          5875.825432816,
          5875.82710712,
          0.0016742339999993305,
          5875.827175271
        ],
        [
          5875.825941495,
          5875.827510509,
          0.0015690050000003453,
          5875.827609618
        ],
        [
          5875.82720094,
          5875.828751366,
          0.0015504950000000406,
          5875.828816855
        ],
        [
          5875.827599489,
          5875.829237134,
          0.0016377339999991136,
          5875.829305044
        ],
        [
          5875.828839886,
          5875.830416349,
          0.0015765029999990077,
          5875.83052009
        ],
        [
          5875.829325713,
          5875.830854029,
          0.0015283540000012863,
          5875.830919379
        ],
        [
          5875.830505221,
          5875.832023855,
          0.0015185849999994616,
          5875.832125995
        ],
        [
          5875.830941569,
          5875.832467634,
          0.0015288240000010944,
          5875.832542163
        ],
        [
          5875.832117724,
          5875.833791099,
          0.001673433999997087,
          5875.83385775
        ],
        [
          5875.832561163,
          5875.834340017,
          0.001778923999999904,
          5875.834445108
        ],
        [
          5875.833880379,
          5875.835449734,
          0.0015693249999984005,
          5875.835515325
        ],
        [
          5875.834428397,
          5875.836221462,
          0.0017931029999971315,
          5875.836286212
        ],
        [
          5875.835539654,
          5875.837391308,
          0.0018517139999971732,
          5875.837460418
        ],
        [
          5875.836309662,
          5875.837849316,
          0.001539704000002473,
          5875.837943007
        ],
        [
          5875.837480558,
          5875.839082123,
          0.0016015950000003443,
          5875.839147853
        ],
        [
          5875.837936817,
          5875.839671831,
          0.0017350430000000472,
          5875.839735491
        ],
        [
          5875.839176393,
          5875.840797877,
          0.0016215229999971825,
          5875.840933417
        ],
        [
          5875.8397648,
          5875.841611694,
          0.001846843999999237,
          5875.841724974
        ],
        [
          5875.840888008,
          5875.842545922,
          0.0016579340000006937,
          5875.842616101
        ],
        [
          5875.841706134,
          5875.843399189,
          0.0016931739999996864,
          5875.843473579
        ],
        [
          5875.842635071,
          5875.844323756,
          0.0016887539999999035,
          5875.844426785
        ],
        [
          5875.843489919,
          5875.845142243,
          0.0016524040000014395,
          5875.845244803
        ],
        [
          5875.844417376,
          5875.84621506,
          0.0017976830000030475,
          5875.84631811
        ],
        [
          5875.845230903,
          5875.847224007,
          0.0019931130000010455,
          5875.847290167
        ],
        [
          5875.84630395,
          5875.848126394,
          0.0018225430000029519,
          5875.848191804
        ],
        [
          5875.847312256,
          5875.848964382,
          0.0016522139999999297,
          5875.849034681
        ],
        [
          5875.848213544,
          5875.850181167,
          0.001967613000001478,
          5875.850245347
        ],
        [
          5875.849065691,
          5875.850876245,
          0.0018105039999980477,
          5875.850972705
        ],
        [
          5875.850267917,
          5875.852096741,
          0.0018288640000001521,
          5875.852199181
        ],
        [
          5875.850960896,
          5875.852837798,
          0.0018769439999992699,
          5875.852903138
        ],
        [
          5875.852188831,
          5875.854027855,
          0.0018389640000009422,
          5875.854127445
        ],
        [
          5875.852924889,
          5875.854645813,
          0.0017209640000004356,
          5875.854710693
        ],
        [
          5875.854115895,
          5875.855685601,
          0.0015697149999986948,
          5875.85575227
        ],
        [
          5875.854730903,
          5875.856485678,
          0.0017548339999997609,
          5875.856551347
        ],
        [
          5875.85577284,
          5875.857500114,
          0.0017273340000016901,
          5875.857564954
        ],
        [
          5875.856573178,
          5875.858311832,
          0.0017387529999979279,
          5875.858417412
        ],
        [
          5875.857592354,
          5875.859338849,
          0.0017465540000003443,
          5875.859441048
        ],
        [
          5875.858403852,
          5875.860205815,
          0.0018020330000005913,
          5875.860309085
        ],
        [
          5875.859425778,
          5875.861380362,
          0.001954582999999843,
          5875.861482512
        ],
        [
          5875.860295995,
          5875.86196823,
          0.0016723740000017528,
          5875.86208218
        ],
        [
          5875.861469022,
          5875.863114147,
          0.0016451540000019804,
          5875.863214577
        ],
        [
          5875.86206916,
          5875.863836584,
          0.0017673540000018306,
          5875.863902214
        ],
        [
          5875.863201517,
          5875.864847851,
          0.0016464049999989072,
          5875.864920111
        ],
        [
          5875.863923914,
          5875.865670729,
          0.00174684399999947,
          5875.865770718
        ],
        [
          5875.86493922,
          5875.866804865,
          0.00186563300000131,
          5875.866872265
        ],
        [
          5875.865755169,
          5875.867664922,
          0.0019097839999986377,
          5875.867764351
        ],
        [
          5875.866892285,
          5875.868670279,
          0.0017780529999988914,
          5875.868765479
        ],
        [
          5875.867752171,
          5875.869450146,
          0.001698034000000348,
          5875.869519886
        ],
        [
          5875.868758029,
          5875.870460014,
          0.0017020029999983421,
          5875.870524134
        ],
        [
          5875.869538306,
          5875.871155621,
          0.0016172939999989921,
          5875.871257981
        ],
        [
          5875.870551483,
          5875.872193857,
          0.0016424029999981826,
          5875.872293937
        ],
        [
          5875.871242591,
          5875.873059626,
          0.0018170439999991572,
          5875.873163515
        ],
        [
          5875.872281297,
          5875.873909192,
          0.0016279450000027396,
          5875.873983202
        ],
        [
          5875.873152685,
          5875.874834329,
          0.0016815940000007856,
          5875.874906419
        ],
        [
          5875.874013202,
          5875.875702317,
          0.0016891639999983,
          5875.875804226
        ],
        [
          5875.874926099,
          5875.876708863,
          0.0017828039999976397,
          5875.876777953
        ],
        [
          5875.875790386,
          5875.877507991,
          0.0017175649999998654,
          5875.87760509
        ],
        [
          5875.876798513,
          5875.878543978,
          0.0017454839999970773,
          5875.878641828
        ],
        [
          5875.87759835,
          5875.879225315,
          0.0016270039999994879,
          5875.879292745
        ],
        [
          5875.878632057,
          5875.880432892,
          0.0018008139999992068,
          5875.880499322
        ],
        [
          5875.879312415,
          5875.88106939,
          0.0017570340000006013,
          5875.88116816
        ],
        [
          5875.880520662,
          5875.882257465,
          0.0017368739999987781,
          5875.882326596
        ],
        [
          5875.881156449,
          5875.882750624,
          0.0015942049999999597,
          5875.882818254
        ],
        [
          5875.882344895,
          5875.88405167,
          0.0017068339999966042,
          5875.88411658
        ],
        [
          5875.882839204,
          5875.884471698,
          0.0016325540000003969,
          5875.884534258
        ],
        [
          5875.88413955,
          5875.885790045,
          0.0016504939999997248,
          5875.885854385
        ],
        [
          5875.884557709,
          5875.886261893,
          0.00170421300000001,
          5875.886325033
        ],
        [
          5875.885878165,
          5875.887575799,
          0.0016976140000011242,
          5875.887675678
        ],
        [
          5875.886349063,
          5875.888149498,
          0.0018004339999997399,
          5875.888212198
        ],
        [
          5875.887664308,
          5875.889417683,
          0.0017533339999999953,
          5875.889515673
        ],
        [
          5875.888236557,
          5875.890075611,
          0.0018390729999993027,
          5875.89017154
        ],
        [
          5875.889506433,
          5875.891298128,
          0.0017916940000013426,
          5875.891360857
        ],
        [
          5875.890164991,
          5875.891727656,
          0.0015626749999988476,
          5875.891791166
        ],
        [
          5875.891385497,
          5875.893045332,
          0.0016598240000007536,
          5875.893107962
        ],
        [
          5875.891812966,
          5875.893529321,
          0.0017164140000005546,
          5875.89359332
        ],
        [
          5875.893133751,
          5875.894953885,
          0.0018201030000000173,
          5875.895130835
        ],
        [
          5875.89361566,
          5875.895460084,
          0.0018444740000020943,
          5875.895579704
        ],
        [
          5875.895054935,
          5875.8967534,
          0.0016984440000022971,
          5875.896881399
        ],
        [
          5875.895548654,
          5875.897233538,
          0.0016849440000008542,
          5875.897338928
        ],
        [
          5875.896843419,
          5875.898535645,
          0.0016922249999993255,
          5875.898655534
        ],
        [
          5875.897322538,
          5875.899333331,
          0.002010802000000922,
          5875.899469111
        ],
        [
          5875.898622424,
          5875.900396999,
          0.0017745940000004623,
          5875.900531488
        ],
        [
          5875.899421642,
          5875.901026637,
          0.0016050139999990165,
          5875.901163056
        ],
        [
          5875.900485408,
          5875.902174293,
          0.0016888140000013152,
          5875.902306142
        ],
        [
          5875.901113316,
          5875.902749421,
          0.0016361049999993327,
          5875.902876291
        ],
        [
          5875.902261102,
          5875.904057016,
          0.001795914000002341,
          5875.904156807
        ],
        [
          5875.902838891,
          5875.904462465,
          0.0016236339999977645,
          5875.904586675
        ],
        [
          5875.904147916,
          5875.905833182,
          0.0016852050000011332,
          5875.905931111
        ],
        [
          5875.904546975,
          5875.906320529,
          0.0017735740000013323,
          5875.906453509
        ],
        [
          5875.905920681,
          5875.907672196,
          0.0017515939999981356,
          5875.907761545
        ],
        [
          5875.906405009,
          5875.908071784,
          0.0016668339999981185,
          5875.908152874
        ],
        [
          5875.907766545,
          5875.909607239,
          0.0018407529999997507,
          5875.909744709
        ],
        [
          5875.908162244,
          5875.909981928,
          0.0018198329999989937,
          5875.910122687
        ],
        [
          5875.909697278,
          5875.911496143,
          0.0017989529999979936,
          5875.911628172
        ],
        [
          5875.910078197,
          5875.911788712,
          0.0017106039999994493,
          5875.911910391
        ],
        [
          5875.911585333,
          5875.913226228,
          0.0016409039999984998,
          5875.913317618
        ],
        [
          5875.911873712,
          5875.913585977,
          0.0017123040000015521,
          5875.913710496
        ],
        [
          5875.913314407,
          5875.915035841,
          0.0017214449999976011,
          5875.915127171
        ],
        [
          5875.913670086,
          5875.915404011,
          0.0017339629999995054,
          5875.915526641
        ],
        [
          5875.915124911,
          5875.916824926,
          0.0017000639999977807,
          5875.916958315
        ],
        [
          5875.915492051,
          5875.917331634,
          0.0018396740000028444,
          5875.917493404
        ],
        [
          5875.916913296,
          5875.918741741,
          0.0018285430000020142,
          5875.91882053
        ],
        [
          5875.917424914,
          5875.919085579,
          0.0016606839999973033,
          5875.919160059
        ],
        [
          5875.91883248,
          5875.920429825,
          0.0015974440000015022,
          5875.920508815
        ],
        [
          5875.919173108,
          5875.920842004,
          0.001668934000001343,
          5875.920921323
        ],
        [
          5875.920518305,
          5875.922210619,
          0.0016924139999971999,
          5875.922287669
        ],
        [
          5875.920930163,
          5875.922653469,
          0.00172339399999899,
          5875.922729838
        ],
        [
          5875.922305929,
          5875.924026593,
          0.001720653999999655,
          5875.924195833
        ],
        [
          5875.922738798,
          5875.924442232,
          0.001703473999999261,
          5875.924580342
        ],
        [
          5875.924118133,
          5875.925783138,
          0.0016650839999989842,
          5875.925990438
        ],
        [
          5875.924527622,
          5875.926173986,
          0.0016464029999987417,
          5875.926362216
        ],
        [
          5875.925876308,
          5875.927473212,
          0.0015969439999992119,
          5875.927572673
        ],
        [
          5875.926263537,
          5875.928013851,
          0.0017503040000015346,
          5875.92814138
        ],
        [
          5875.927566593,
          5875.929318427,
          0.0017520130000008294,
          5875.929397426
        ],
        [
          5875.928104081,
          5875.929772585,
          0.0016685139999985665,
          5875.929898214
        ],
        [
          5875.929412136,
          5875.931118051,
          0.0017059540000019524,
          5875.931197251
        ],
        [
          5875.929859105,
          5875.93151888,
          0.0016598449999989384,
          5875.931645059
        ],
        [
          5875.93121279,
          5875.932902656,
          0.0016898830000009468,
          5875.933045105
        ],
        [
          5875.93160542,
          5875.933416464,
          0.001811082999999769,
          5875.933516903
        ],
        [
          5875.933010356,
          5875.934786309,
          0.0017759929999989765,
          5875.934880989
        ]
      ]
    },
    {
      "round_index": 2,
      "map_setup_wall_s": 0.0021629940001730574,
      "map_setup_parent_cpu_s": 0.0030746940000000444,
      "result_next_wall_s": 0.11825561899968307,
      "result_next_parent_cpu_s": 0.013135550999998746,
      "serial_result_processing_wall_s": 0.009020803006023925,
      "serial_result_processing_parent_cpu_s": 0.011331710000000994,
      "worker_placement_wall_sum_s": 0.23838072200032911,
      "worker_placement_cpu_sum_s": 0.23816769299998342,
      "worker_tasks": 181,
      "per_worker": {
        "20194": 92,
        "20197": 89
      },
      "task_intervals": [
        [
          5876.012380884,
          5876.013059551,
          0.000677776999999935,
          5876.013769449
        ],
        [
          5876.012537473,
          5876.014279417,
          0.0017413340000018707,
          5876.014441026
        ],
        [
          5876.013213861,
          5876.014798646,
          0.0015848439999999187,
          5876.014925026
        ],
        [
          5876.014433866,
          5876.015658953,
          0.0012250649999998586,
          5876.015771022
        ],
        [
          5876.014911116,
          5876.016098701,
          0.0011875460000005944,
          5876.016217811
        ],
        [
          5876.015753153,
          5876.016882919,
          0.0011298859999975264,
          5876.016955249
        ],
        [
          5876.016190711,
          5876.017296918,
          0.0011062369999983446,
          5876.017419988
        ],
        [
          5876.016971878,
          5876.018135426,
          0.0011636560000027885,
          5876.018260435
        ],
        [
          5876.017394138,
          5876.018536314,
          0.001142256000001396,
          5876.018607624
        ],
        [
          5876.018224975,
          5876.019364601,
          0.0011396760000010886,
          5876.019437281
        ],
        [
          5876.018625284,
          5876.019723901,
          0.001098604999999253,
          5876.01979323
        ],
        [
          5876.01945317,
          5876.020609187,
          0.0011561650000011525,
          5876.020680797
        ],
        [
          5876.01981105,
          5876.020886337,
          0.00107539600000095,
          5876.020957516
        ],
        [
          5876.020699197,
          5876.021824643,
          0.0011255059999975003,
          5876.021929613
        ],
        [
          5876.020971976,
          5876.022096123,
          0.0011242360000025542,
          5876.022167413
        ],
        [
          5876.021909993,
          5876.023136799,
          0.001227154999998703,
          5876.023307459
        ],
        [
          5876.022191773,
          5876.023361009,
          0.001169355999998345,
          5876.023473458
        ],
        [
          5876.023265319,
          5876.024812014,
          0.001546765000000505,
          5876.024887034
        ],
        [
          5876.023445569,
          5876.024614625,
          0.0011690959999981487,
          5876.024955684
        ],
        [
          5876.024702235,
          5876.025855401,
          0.0011533349999979237,
          5876.025972341
        ],
        [
          5876.024921744,
          5876.02606367,
          0.0011418859999992037,
          5876.026181469
        ],
        [
          5876.025948601,
          5876.027107687,
          0.0011590350000005856,
          5876.027183567
        ],
        [
          5876.026155269,
          5876.027296537,
          0.0011413160000017797,
          5876.027401766
        ],
        [
          5876.027194577,
          5876.028353683,
          0.0011591459999991116,
          5876.028420893
        ],
        [
          5876.027381136,
          5876.028591842,
          0.0012107959999987372,
          5876.028662112
        ],
        [
          5876.028440573,
          5876.029565879,
          0.0011253559999993001,
          5876.029637639
        ],
        [
          5876.028677032,
          5876.029848778,
          0.0011717960000012795,
          5876.029919078
        ],
        [
          5876.029652749,
          5876.030780455,
          0.001127795999998682,
          5876.030850885
        ],
        [
          5876.029933008,
          5876.031116544,
          0.0011836559999984786,
          5876.031228353
        ],
        [
          5876.030873515,
          5876.031989802,
          0.0011163560000007067,
          5876.032067331
        ],
        [
          5876.031205124,
          5876.03230111,
          0.0010961360000010245,
          5876.03240695
        ],
        [
          5876.032083751,
          5876.033198418,
          0.0011145849999998347,
          5876.033266327
        ],
        [
          5876.03238549,
          5876.033559916,
          0.0011745549999986338,
          5876.033625806
        ],
        [
          5876.033284277,
          5876.034429023,
          0.0011447160000024326,
          5876.034496443
        ],
        [
          5876.033643146,
          5876.034770093,
          0.0011270359999997481,
          5876.034838962
        ],
        [
          5876.034522513,
          5876.03561967,
          0.0010973260000000096,
          5876.03572989
        ],
        [
          5876.034855253,
          5876.035991158,
          0.0011360759999980985,
          5876.036066588
        ],
        [
          5876.035709539,
          5876.036754686,
          0.0010452160000014032,
          5876.036822635
        ],
        [
          5876.036085648,
          5876.037168986,
          0.0010834069999994256,
          5876.037238155
        ],
        [
          5876.036838095,
          5876.037898843,
          0.001060816000002518,
          5876.037965423
        ],
        [
          5876.037255635,
          5876.038389171,
          0.0011336860000028537,
          5876.038549061
        ],
        [
          5876.037990152,
          5876.039101619,
          0.0011116559999990727,
          5876.039187068
        ],
        [
          5876.038497081,
          5876.039596947,
          0.0010998559999997326,
          5876.039709807
        ],
        [
          5876.039202148,
          5876.040267775,
          0.001065576000002011,
          5876.040340635
        ],
        [
          5876.039689107,
          5876.040822193,
          0.0011331649999988258,
          5876.040930013
        ],
        [
          5876.040357445,
          5876.041462811,
          0.001105435999999571,
          5876.0415314
        ],
        [
          5876.040909503,
          5876.042077339,
          0.0011679260000008185,
          5876.042197559
        ],
        [
          5876.041548691,
          5876.042639918,
          0.0010912770000004457,
          5876.042742077
        ],
        [
          5876.04216677,
          5876.043218446,
          0.0010516959999975484,
          5876.043324286
        ],
        [
          5876.042726708,
          5876.043804464,
          0.0010777960000005748,
          5876.043868293
        ],
        [
          5876.043305466,
          5876.044411171,
          0.0011056959999997673,
          5876.044481412
        ],
        [
          5876.043888604,
          5876.044989821,
          0.0011013359999978434,
          5876.04506831
        ],
        [
          5876.044497982,
          5876.045656558,
          0.0011586960000009583,
          5876.045725968
        ],
        [
          5876.0450854,
          5876.046174916,
          0.0010895359999985033,
          5876.046242956
        ],
        [
          5876.045741787,
          5876.046830374,
          0.0010886160000005418,
          5876.046900103
        ],
        [
          5876.046262226,
          5876.047386883,
          0.0011246860000007075,
          5876.047455633
        ],
        [
          5876.046914923,
          5876.048034691,
          0.0011197559999978068,
          5876.04810198
        ],
        [
          5876.047475953,
          5876.048625829,
          0.0011498670000023026,
          5876.048694768
        ],
        [
          5876.04812092,
          5876.049252186,
          0.0011313059999977781,
          5876.049320456
        ],
        [
          5876.048711278,
          5876.049841145,
          0.0011298959999983538,
          5876.049907875
        ],
        [
          5876.049341716,
          5876.050465913,
          0.0011242560000006563,
          5876.050534252
        ],
        [
          5876.049926155,
          5876.051086001,
          0.0011598849999998606,
          5876.05115325
        ],
        [
          5876.050554583,
          5876.051684968,
          0.0011304470000013112,
          5876.051752018
        ],
        [
          5876.05117533,
          5876.052315347,
          0.0011400049999998885,
          5876.052382137
        ],
        [
          5876.051770678,
          5876.052971715,
          0.0012011960000002375,
          5876.053051255
        ],
        [
          5876.052402587,
          5876.053557553,
          0.0011551060000023483,
          5876.053626402
        ],
        [
          5876.053071455,
          5876.054230811,
          0.0011593669999996337,
          5876.05429911
        ],
        [
          5876.053642613,
          5876.054821119,
          0.0011786049999997772,
          5876.054891609
        ],
        [
          5876.05431933,
          5876.055506637,
          0.001187306000002053,
          5876.055575736
        ],
        [
          5876.054907179,
          5876.056250184,
          0.001343144999999879,
          5876.056319674
        ],
        [
          5876.055593447,
          5876.057036032,
          0.0014426839999970298,
          5876.057104672
        ],
        [
          5876.056339924,
          5876.05773383,
          0.0013939349999994022,
          5876.05780366
        ],
        [
          5876.057123422,
          5876.058476967,
          0.0013535849999968264,
          5876.058544937
        ],
        [
          5876.057820369,
          5876.059110185,
          0.001289785000000876,
          5876.059177915
        ],
        [
          5876.058562657,
          5876.059940713,
          0.0013781450000003304,
          5876.060059293
        ],
        [
          5876.059197384,
          5876.060428331,
          0.001230905999999976,
          5876.060498591
        ],
        [
          5876.060040553,
          5876.061255798,
          0.001215255999998277,
          5876.061323658
        ],
        [
          5876.060515901,
          5876.061757687,
          0.0012418359999983863,
          5876.061823967
        ],
        [
          5876.061343138,
          5876.062713974,
          0.0013709449999979029,
          5876.062783354
        ],
        [
          5876.061844337,
          5876.063173243,
          0.0013289749999998435,
          5876.063240092
        ],
        [
          5876.062803604,
          5876.064098579,
          0.0012950050000029023,
          5876.064164419
        ],
        [
          5876.063260182,
          5876.064608908,
          0.0013487450000013723,
          5876.064677558
        ],
        [
          5876.064184869,
          5876.065504535,
          0.001319754999997258,
          5876.065570965
        ],
        [
          5876.064693258,
          5876.065931163,
          0.0012378650000002267,
          5876.066052283
        ],
        [
          5876.065590365,
          5876.066937221,
          0.0013469350000008262,
          5876.06705488
        ],
        [
          5876.066033393,
          5876.06731615,
          0.0012827450000010288,
          5876.06738597
        ],
        [
          5876.067033191,
          5876.068252367,
          0.0012191759999993224,
          5876.068318986
        ],
        [
          5876.06740027,
          5876.068808365,
          0.001408155000000022,
          5876.068877174
        ],
        [
          5876.068338316,
          5876.069668332,
          0.0013300849999993147,
          5876.069740922
        ],
        [
          5876.068920524,
          5876.07019475,
          0.0012742449999976202,
          5876.07026727
        ],
        [
          5876.069753752,
          5876.071064197,
          0.001310484999997641,
          5876.071131127
        ],
        [
          5876.07028198,
          5876.071620276,
          0.001338484999998002,
          5876.071688805
        ],
        [
          5876.071149607,
          5876.072531853,
          0.0013824449999972899,
          5876.072608182
        ],
        [
          5876.071724245,
          5876.073072221,
          0.001348015000001368,
          5876.073143931
        ],
        [
          5876.072630813,
          5876.073917558,
          0.0012868349999983764,
          5876.074005988
        ],
        [
          5876.073164821,
          5876.074508077,
          0.0013432649999991497,
          5876.074579707
        ],
        [
          5876.074020748,
          5876.075455913,
          0.001435194999999112,
          5876.075526233
        ],
        [
          5876.074596567,
          5876.075846912,
          0.001250426000002136,
          5876.075916862
        ],
        [
          5876.075543863,
          5876.076797569,
          0.001253846000000891,
          5876.076871208
        ],
        [
          5876.075931742,
          5876.077263288,
          0.001331574999998253,
          5876.077333138
        ],
        [
          5876.076883359,
          5876.078157275,
          0.0012739459999977498,
          5876.078230955
        ],
        [
          5876.077349708,
          5876.078664183,
          0.0013144549999992705,
          5876.078734013
        ],
        [
          5876.078244144,
          5876.079538861,
          0.00129482599999875,
          5876.079607131
        ],
        [
          5876.078752253,
          5876.080072779,
          0.0013204649999991602,
          5876.080139889
        ],
        [
          5876.07962606,
          5876.080917266,
          0.0012913250000003984,
          5876.081038146
        ],
        [
          5876.080158779,
          5876.081616733,
          0.001236353999999551,
          5876.081764933
        ],
        [
          5876.081316594,
          5876.082605811,
          0.0012892249999971739,
          5876.08269783
        ],
        [
          5876.081708753,
          5876.08300936,
          0.0013005960000000982,
          5876.083117429
        ],
        [
          5876.08269895,
          5876.084053826,
          0.0013549160000003724,
          5876.084123056
        ],
        [
          5876.083097,
          5876.084430325,
          0.0013333350000017674,
          5876.084501195
        ],
        [
          5876.084141285,
          5876.085589221,
          0.0014479949999994801,
          5876.085698701
        ],
        [
          5876.084515235,
          5876.085757671,
          0.0012424160000001905,
          5876.08582766
        ],
        [
          5876.085675251,
          5876.086965597,
          0.0012904260000006218,
          5876.087073157
        ],
        [
          5876.0858446,
          5876.087251696,
          0.0014070549999978255,
          5876.087320966
        ],
        [
          5876.087068337,
          5876.088402543,
          0.0013341960000019526,
          5876.088472442
        ],
        [
          5876.087335156,
          5876.088664151,
          0.0013290159999996831,
          5876.088732391
        ],
        [
          5876.088490212,
          5876.089917978,
          0.0014278750000009666,
          5876.090044118
        ],
        [
          5876.088747311,
          5876.090128427,
          0.0013811449999998615,
          5876.090201497
        ],
        [
          5876.090016787,
          5876.091391533,
          0.001374774999998607,
          5876.091506722
        ],
        [
          5876.090214007,
          5876.091612662,
          0.0013986850000016204,
          5876.091722602
        ],
        [
          5876.091481233,
          5876.092947168,
          0.0014660040000009644,
          5876.093063617
        ],
        [
          5876.091696221,
          5876.092995038,
          0.0012989459999985797,
          5876.093158548
        ],
        [
          5876.093041178,
          5876.094326454,
          0.0012853550000002656,
          5876.094395084
        ],
        [
          5876.093101348,
          5876.094444504,
          0.0013431060000002049,
          5876.094512904
        ],
        [
          5876.094413994,
          5876.095810139,
          0.0013961150000021405,
          5876.095887199
        ],
        [
          5876.094527924,
          5876.095793559,
          0.0012657350000004897,
          5876.095950768
        ],
        [
          5876.095885028,
          5876.097287664,
          0.0014027059999968117,
          5876.097363095
        ],
        [
          5876.095989628,
          5876.097407284,
          0.0014176450000000784,
          5876.097476584
        ],
        [
          5876.097375135,
          5876.09877929,
          0.0014042639999978235,
          5876.098843859
        ],
        [
          5876.097493374,
          5876.09874943,
          0.0012561349999984373,
          5876.098907989
        ],
        [
          5876.098838749,
          5876.100264955,
          0.0014261749999988638,
          5876.100335414
        ],
        [
          5876.098939918,
          5876.100335445,
          0.001395584000000838,
          5876.100479104
        ],
        [
          5876.100352394,
          5876.101720741,
          0.0013684359999999174,
          5876.10179015
        ],
        [
          5876.100472064,
          5876.101854141,
          0.001382174999999819,
          5876.10192371
        ],
        [
          5876.101811161,
          5876.103350585,
          0.0015396750000000736,
          5876.103421775
        ],
        [
          5876.10193738,
          5876.103242005,
          0.0013046259999995868,
          5876.103493335
        ],
        [
          5876.103334645,
          5876.10487384,
          0.0015392539999972144,
          5876.10505477
        ],
        [
          5876.103447384,
          5876.105311289,
          0.0018642030000002308,
          5876.105401918
        ],
        [
          5876.10499091,
          5876.106630905,
          0.0016399440000007814,
          5876.106710605
        ],
        [
          5876.105455049,
          5876.107172413,
          0.0017171940000011432,
          5876.107380252
        ],
        [
          5876.106729015,
          5876.108395379,
          0.0016664340000005495,
          5876.108541228
        ],
        [
          5876.107322133,
          5876.109091537,
          0.001769444000000675,
          5876.109277137
        ],
        [
          5876.108488219,
          5876.109895584,
          0.0014074149999991903,
          5876.110056044
        ],
        [
          5876.109234627,
          5876.110777612,
          0.0015429840000003026,
          5876.110944871
        ],
        [
          5876.109991324,
          5876.111523419,
          0.0015320850000009045,
          5876.111669118
        ],
        [
          5876.110881891,
          5876.113302953,
          0.002421351000002403,
          5876.113392343
        ],
        [
          5876.111632009,
          5876.113322844,
          0.0016908539999995753,
          5876.113562123
        ],
        [
          5876.113463033,
          5876.115346817,
          0.0018838930000022458,
          5876.115445327
        ],
        [
          5876.113543403,
          5876.115019679,
          0.0014762140000001978,
          5876.115508306
        ],
        [
          5876.115111998,
          5876.116432733,
          0.0013207850000007682,
          5876.116539513
        ],
        [
          5876.115482097,
          5876.117237252,
          0.001755153999997816,
          5876.117316381
        ],
        [
          5876.116522663,
          5876.117937159,
          0.001414594999999963,
          5876.118019449
        ],
        [
          5876.117340871,
          5876.119181475,
          0.0018407239999973513,
          5876.119317875
        ],
        [
          5876.118043589,
          5876.119536774,
          0.00149319500000189,
          5876.119605864
        ],
        [
          5876.119287275,
          5876.12070677,
          0.0014196550000029617,
          5876.120782389
        ],
        [
          5876.119626904,
          5876.121039279,
          0.0014123249999968834,
          5876.121146588
        ],
        [
          5876.120803029,
          5876.122460955,
          0.0016580650000008745,
          5876.122567555
        ],
        [
          5876.121128839,
          5876.122545344,
          0.0014164839999999401,
          5876.122628964
        ],
        [
          5876.122558435,
          5876.12406894,
          0.0015105449999985865,
          5876.124186899
        ],
        [
          5876.122748374,
          5876.12420483,
          0.0014564640000003237,
          5876.124287519
        ],
        [
          5876.12416389,
          5876.125587874,
          0.001424023999998525,
          5876.125695044
        ],
        [
          5876.124297449,
          5876.125746264,
          0.0014488549999995826,
          5876.125843624
        ],
        [
          5876.125681454,
          5876.12716637,
          0.0014850949999996033,
          5876.127281629
        ],
        [
          5876.125834493,
          5876.12726726,
          0.001432826000002052,
          5876.127392329
        ],
        [
          5876.1272665,
          5876.128694124,
          0.0014276349999988724,
          5876.128770214
        ],
        [
          5876.127357769,
          5876.128892163,
          0.0015344440000006898,
          5876.128989084
        ],
        [
          5876.128789084,
          5876.13023149,
          0.0014424949999991554,
          5876.13030053
        ],
        [
          5876.128988384,
          5876.130385279,
          0.0013968459999986749,
          5876.130452679
        ],
        [
          5876.130324979,
          5876.131722735,
          0.0013978350000023454,
          5876.131790046
        ],
        [
          5876.130473839,
          5876.131864725,
          0.001390934999999871,
          5876.131961775
        ],
        [
          5876.131815415,
          5876.13317549,
          0.0013601550000004181,
          5876.13324313
        ],
        [
          5876.131957275,
          5876.133597769,
          0.0016405239999990329,
          5876.133664959
        ],
        [
          5876.13327227,
          5876.134655256,
          0.0013830749999996783,
          5876.134723936
        ],
        [
          5876.133686308,
          5876.135241034,
          0.0015548150000022076,
          5876.135331383
        ],
        [
          5876.134747346,
          5876.13630814,
          0.0015608440000001167,
          5876.13637598
        ],
        [
          5876.135333894,
          5876.13662423,
          0.0012903250000029232,
          5876.136727119
        ],
        [
          5876.13639858,
          5876.137865255,
          0.0014667740000007257,
          5876.138037605
        ],
        [
          5876.13671149,
          5876.138237625,
          0.0015262540000016145,
          5876.138324124
        ],
        [
          5876.137992275,
          5876.139406121,
          0.0014137850000004448,
          5876.139493371
        ],
        [
          5876.138337014,
          5876.139904609,
          0.0015677150000001916,
          5876.140014169
        ],
        [
          5876.139522191,
          5876.140932496,
          0.0014104540000019483,
          5876.141026876
        ]
      ]
    },
    {
      "round_index": 3,
      "map_setup_wall_s": 0.0015977439998096088,
      "map_setup_parent_cpu_s": 0.0022139740000000074,
      "result_next_wall_s": 0.09855971700017108,
      "result_next_parent_cpu_s": 0.011670902999999622,
      "serial_result_processing_wall_s": 0.007625003991961421,
      "serial_result_processing_parent_cpu_s": 0.01054704399999884,
      "worker_placement_wall_sum_s": 0.19412299200030247,
      "worker_placement_cpu_sum_s": 0.19412727000000274,
      "worker_tasks": 181,
      "per_worker": {
        "20194": 91,
        "20197": 90
      },
      "task_intervals": [
        [
          5876.279602877,
          5876.280133944,
          0.0005305779999993376,
          5876.280352834
        ],
        [
          5876.279705266,
          5876.280971102,
          0.001263266000002261,
          5876.281139632
        ],
        [
          5876.280297364,
          5876.281449111,
          0.0011518760000015504,
          5876.28156432
        ],
        [
          5876.281121302,
          5876.282150398,
          0.0010290660000009666,
          5876.282266068
        ],
        [
          5876.281549511,
          5876.282645607,
          0.0010962359999986404,
          5876.282717076
        ],
        [
          5876.282259178,
          5876.283346344,
          0.0010871859999994626,
          5876.283420535
        ],
        [
          5876.282737407,
          5876.283802924,
          0.001065544999999446,
          5876.283899033
        ],
        [
          5876.283441495,
          5876.284466741,
          0.0010252560000019173,
          5876.284535561
        ],
        [
          5876.283901723,
          5876.28496026,
          0.001058575999998368,
          5876.285067809
        ],
        [
          5876.284561021,
          5876.285664547,
          0.0011036059999973702,
          5876.285732606
        ],
        [
          5876.285068359,
          5876.286070506,
          0.0010021569999985047,
          5876.286177726
        ],
        [
          5876.285753837,
          5876.286754384,
          0.0010006470000014644,
          5876.286844743
        ],
        [
          5876.286165216,
          5876.287154782,
          0.0009897260000002461,
          5876.287277982
        ],
        [
          5876.286848594,
          5876.287927699,
          0.001079155999999415,
          5876.288009099
        ],
        [
          5876.287277062,
          5876.288272369,
          0.0009950070000002142,
          5876.288341419
        ],
        [
          5876.28802843,
          5876.289080027,
          0.0010515560000001756,
          5876.289147847
        ],
        [
          5876.288377399,
          5876.289363455,
          0.0009860559999985696,
          5876.289433495
        ],
        [
          5876.289172727,
          5876.290109053,
          0.000936366000001243,
          5876.290213123
        ],
        [
          5876.289455215,
          5876.290446622,
          0.0009914159999979688,
          5876.290512611
        ],
        [
          5876.290205263,
          5876.291233,
          0.001027736999997586,
          5876.291300049
        ],
        [
          5876.290536331,
          5876.291526089,
          0.0009898870000029092,
          5876.291596079
        ],
        [
          5876.291324949,
          5876.292376706,
          0.0010517170000028386,
          5876.292440016
        ],
        [
          5876.291618159,
          5876.292633605,
          0.0010154960000008373,
          5876.292698735
        ],
        [
          5876.292465756,
          5876.293522653,
          0.001056966000000159,
          5876.293586342
        ],
        [
          5876.292720124,
          5876.293781652,
          0.0010615670000007071,
          5876.293846381
        ],
        [
          5876.293611842,
          5876.294676418,
          0.0010646560000004968,
          5876.294772109
        ],
        [
          5876.293868272,
          5876.294906568,
          0.001038437000001835,
          5876.295019637
        ],
        [
          5876.294772529,
          5876.295772515,
          0.0010000450000013927,
          5876.295955665
        ],
        [
          5876.295036068,
          5876.296139734,
          0.001103436000001068,
          5876.296308124
        ],
        [
          5876.295858966,
          5876.296859662,
          0.0010007770000015626,
          5876.296968911
        ],
        [
          5876.296249474,
          5876.29727141,
          0.001021937000000861,
          5876.297466609
        ],
        [
          5876.296947391,
          5876.297906198,
          0.0009589060000010363,
          5876.298072578
        ],
        [
          5876.2973673,
          5876.298445777,
          0.0010784759999999949,
          5876.298560467
        ],
        [
          5876.298011078,
          5876.299073515,
          0.0010624260000007268,
          5876.299186395
        ],
        [
          5876.298534487,
          5876.299657013,
          0.0011226260000007926,
          5876.299754182
        ],
        [
          5876.299164035,
          5876.3003386,
          0.0011746160000001282,
          5876.30044344
        ],
        [
          5876.299749473,
          5876.30070528,
          0.0009559770000002743,
          5876.30077212
        ],
        [
          5876.30042815,
          5876.301390408,
          0.0009622260000021754,
          5876.301459908
        ],
        [
          5876.30079348,
          5876.301810406,
          0.0010170060000014303,
          5876.301906806
        ],
        [
          5876.301479737,
          5876.302495413,
          0.0010157759999991356,
          5876.302563704
        ],
        [
          5876.301897956,
          5876.302869523,
          0.0009715459999988241,
          5876.302936412
        ],
        [
          5876.302588853,
          5876.303595331,
          0.0010065369999985307,
          5876.303666761
        ],
        [
          5876.302956352,
          5876.303916909,
          0.0009606170000004965,
          5876.304030159
        ],
        [
          5876.30368443,
          5876.304638437,
          0.0009540659999984769,
          5876.304774566
        ],
        [
          5876.304021599,
          5876.305023045,
          0.001001507000001567,
          5876.305108345
        ],
        [
          5876.304725466,
          5876.305694924,
          0.0009695569999976783,
          5876.305793814
        ],
        [
          5876.305124996,
          5876.306108153,
          0.0009832369999998036,
          5876.306212202
        ],
        [
          5876.305785864,
          5876.30675442,
          0.0009686860000002184,
          5876.30682127
        ],
        [
          5876.306201393,
          5876.307170659,
          0.0009693169999991369,
          5876.307237289
        ],
        [
          5876.30684225,
          5876.307814356,
          0.0009723460000010675,
          5876.307910236
        ],
        [
          5876.307264698,
          5876.308240306,
          0.0009755970000000502,
          5876.308308776
        ],
        [
          5876.307900007,
          5876.308887664,
          0.0009877869999996847,
          5876.308953044
        ],
        [
          5876.308335296,
          5876.309339762,
          0.0010044259999979488,
          5876.309410852
        ],
        [
          5876.308972344,
          5876.31002315,
          0.001050827000000254,
          5876.310124609
        ],
        [
          5876.309433522,
          5876.310545218,
          0.001111686000001555,
          5876.310611867
        ],
        [
          5876.310132949,
          5876.311201706,
          0.0010687959999984287,
          5876.311268417
        ],
        [
          5876.310633267,
          5876.311731484,
          0.0010981960000009394,
          5876.311818915
        ],
        [
          5876.311291137,
          5876.312242403,
          0.0009513169999983973,
          5876.312306782
        ],
        [
          5876.311825504,
          5876.31288886,
          0.0010634159999973747,
          5876.31298279
        ],
        [
          5876.312331213,
          5876.31335443,
          0.0010232869999988736,
          5876.31345173
        ],
        [
          5876.31298117,
          5876.313933778,
          0.000952736999998649,
          5876.314063657
        ],
        [
          5876.31344693,
          5876.314484826,
          0.001037987000000129,
          5876.314616606
        ],
        [
          5876.314028448,
          5876.315105884,
          0.0010774760000025196,
          5876.315182453
        ],
        [
          5876.314570015,
          5876.315611252,
          0.0010412959999968052,
          5876.315710903
        ],
        [
          5876.315198673,
          5876.31625843,
          0.0010597449999991682,
          5876.31636661
        ],
        [
          5876.315697622,
          5876.316745009,
          0.0010474969999982875,
          5876.316811199
        ],
        [
          5876.31634662,
          5876.317348666,
          0.001002056000000806,
          5876.317420066
        ],
        [
          5876.316835859,
          5876.317843055,
          0.0010073169999991194,
          5876.317941775
        ],
        [
          5876.317439306,
          5876.318440684,
          0.0010013869999987435,
          5876.318508943
        ],
        [
          5876.317928675,
          5876.319009741,
          0.0010810560000003022,
          5876.319074421
        ],
        [
          5876.318529094,
          5876.31955532,
          0.001026226000000463,
          5876.31964721
        ],
        [
          5876.319097221,
          5876.320156668,
          0.0010595159999979842,
          5876.320220288
        ],
        [
          5876.319645299,
          5876.320704507,
          0.0010592359999996859,
          5876.320798727
        ],
        [
          5876.320243428,
          5876.321257314,
          0.001013916000001558,
          5876.321320705
        ],
        [
          5876.320790627,
          5876.321818732,
          0.001028147000003088,
          5876.321882512
        ],
        [
          5876.321348614,
          5876.32237961,
          0.0010310850000010419,
          5876.322445181
        ],
        [
          5876.321905063,
          5876.322907869,
          0.0010028559999994968,
          5876.323053928
        ],
        [
          5876.322468041,
          5876.323428508,
          0.0009604960000011431,
          5876.323500807
        ],
        [
          5876.323013668,
          5876.324033576,
          0.0010198559999992085,
          5876.324107336
        ],
        [
          5876.323513247,
          5876.324659363,
          0.0011461760000024412,
          5876.324755373
        ],
        [
          5876.324120725,
          5876.325085162,
          0.0009644370000003732,
          5876.325154922
        ],
        [
          5876.324748033,
          5876.325727231,
          0.0009793159999986756,
          5876.32582118
        ],
        [
          5876.325172941,
          5876.326188129,
          0.0010152669999996533,
          5876.326252949
        ],
        [
          5876.325812251,
          5876.326803777,
          0.000991675999998165,
          5876.326866736
        ],
        [
          5876.326337409,
          5876.327394705,
          0.0010572969999991244,
          5876.327465785
        ],
        [
          5876.326889807,
          5876.328108563,
          0.001218785999999028,
          5876.328208663
        ],
        [
          5876.327485945,
          5876.328607731,
          0.0011218959999972355,
          5876.328672791
        ],
        [
          5876.328194833,
          5876.329340359,
          0.001145576000002535,
          5876.329404168
        ],
        [
          5876.328693051,
          5876.329702798,
          0.0010098069999990855,
          5876.329801957
        ],
        [
          5876.329431259,
          5876.330436645,
          0.0010054159999981493,
          5876.330507684
        ],
        [
          5876.329788927,
          5876.330788104,
          0.0009991970000022832,
          5876.330853824
        ],
        [
          5876.330524035,
          5876.331471202,
          0.0009471959999984847,
          5876.331534792
        ],
        [
          5876.330878235,
          5876.331828721,
          0.0009504759999998669,
          5876.331892791
        ],
        [
          5876.331557362,
          5876.332510049,
          0.0009527670000011312,
          5876.332575638
        ],
        [
          5876.331913891,
          5876.332842817,
          0.0009290970000002119,
          5876.332907047
        ],
        [
          5876.332600008,
          5876.333633095,
          0.0010331660000026943,
          5876.333699575
        ],
        [
          5876.332928447,
          5876.333886225,
          0.0009578159999996672,
          5876.333950054
        ],
        [
          5876.333720195,
          5876.334757451,
          0.0010372769999982268,
          5876.334824631
        ],
        [
          5876.333972285,
          5876.33502163,
          0.0010492669999990767,
          5876.335085801
        ],
        [
          5876.334843151,
          5876.335838839,
          0.0009957759999998927,
          5876.335902439
        ],
        [
          5876.33511424,
          5876.336181118,
          0.001066916999999279,
          5876.336243707
        ],
        [
          5876.335924819,
          5876.336968035,
          0.0010432960000024138,
          5876.337076414
        ],
        [
          5876.336269417,
          5876.337358903,
          0.0010894559999989895,
          5876.337421353
        ],
        [
          5876.337071914,
          5876.338213881,
          0.001141935999999788,
          5876.33834646
        ],
        [
          5876.337443743,
          5876.3385488,
          0.0011051860000002023,
          5876.33862351
        ],
        [
          5876.338303451,
          5876.339491836,
          0.0011884460000004538,
          5876.339593496
        ],
        [
          5876.33864661,
          5876.339734906,
          0.0010883650000010903,
          5876.339830535
        ],
        [
          5876.339579126,
          5876.340732683,
          0.0011536959999993712,
          5876.340797303
        ],
        [
          5876.339824435,
          5876.340941963,
          0.0011175849999993659,
          5876.341021702
        ],
        [
          5876.340822493,
          5876.341957859,
          0.0011354260000011607,
          5876.342033439
        ],
        [
          5876.341042132,
          5876.342138758,
          0.0010966460000005895,
          5876.342203438
        ],
        [
          5876.342058968,
          5876.343196936,
          0.001137995999997088,
          5876.343294265
        ],
        [
          5876.342223868,
          5876.343440504,
          0.001216635999998772,
          5876.343529804
        ],
        [
          5876.343285055,
          5876.344417201,
          0.0011321660000014333,
          5876.344479421
        ],
        [
          5876.343527534,
          5876.34480131,
          0.0012738059999968243,
          5876.344898579
        ],
        [
          5876.3445043,
          5876.345637328,
          0.0011331159999983242,
          5876.345707748
        ],
        [
          5876.34488799,
          5876.346047326,
          0.0011594150000000525,
          5876.346111426
        ],
        [
          5876.345728048,
          5876.346888903,
          0.0011608750000000612,
          5876.346991623
        ],
        [
          5876.346134956,
          5876.347274282,
          0.0011394459999998219,
          5876.347341682
        ],
        [
          5876.346974773,
          5876.34807042,
          0.0010956059999998047,
          5876.3481334
        ],
        [
          5876.347363002,
          5876.348584068,
          0.0012210059999979705,
          5876.348675598
        ],
        [
          5876.3481586,
          5876.349338985,
          0.0011804850000025624,
          5876.349407395
        ],
        [
          5876.348670988,
          5876.349816994,
          0.0011461749999988058,
          5876.349881574
        ],
        [
          5876.349431235,
          5876.350571392,
          0.0011402859999982695,
          5876.350634772
        ],
        [
          5876.349902403,
          5876.35104344,
          0.001140975999998517,
          5876.35111032
        ],
        [
          5876.350659092,
          5876.351827417,
          0.0011684159999987287,
          5876.351890568
        ],
        [
          5876.35112882,
          5876.352213826,
          0.0010850160000011044,
          5876.352306536
        ],
        [
          5876.351912357,
          5876.353041494,
          0.0011290859999988356,
          5876.353105844
        ],
        [
          5876.352302386,
          5876.353483863,
          0.0011814660000020183,
          5876.353545763
        ],
        [
          5876.353128394,
          5876.354301949,
          0.0011736350000006723,
          5876.354396849
        ],
        [
          5876.353567483,
          5876.354646108,
          0.0010786850000030768,
          5876.354711068
        ],
        [
          5876.35439146,
          5876.355457977,
          0.0010665850000002308,
          5876.355523757
        ],
        [
          5876.354730078,
          5876.355868895,
          0.001138805999996606,
          5876.355933005
        ],
        [
          5876.355544406,
          5876.356570333,
          0.001025985999998369,
          5876.356639862
        ],
        [
          5876.355956495,
          5876.357025351,
          0.0010688160000000835,
          5876.3570888
        ],
        [
          5876.356655782,
          5876.357756189,
          0.0011005050000001404,
          5876.357819088
        ],
        [
          5876.357111511,
          5876.358202788,
          0.0010912669999996183,
          5876.358268677
        ],
        [
          5876.357842148,
          5876.358880875,
          0.0010387969999996471,
          5876.358945345
        ],
        [
          5876.358288617,
          5876.359420584,
          0.0011319360000001666,
          5876.359491583
        ],
        [
          5876.358968705,
          5876.360039651,
          0.001070956000003065,
          5876.360101301
        ],
        [
          5876.359506493,
          5876.3606314,
          0.0011249659999990058,
          5876.360725849
        ],
        [
          5876.360126421,
          5876.361124999,
          0.0009986160000003963,
          5876.361191178
        ],
        [
          5876.36071863,
          5876.361782626,
          0.0010640459999997631,
          5876.361845536
        ],
        [
          5876.361210608,
          5876.362324294,
          0.0011137159999989876,
          5876.362387914
        ],
        [
          5876.361866265,
          5876.362930063,
          0.0010637869999996497,
          5876.363001902
        ],
        [
          5876.362413323,
          5876.363495071,
          0.001081685999999138,
          5876.36356084
        ],
        [
          5876.363028733,
          5876.364046619,
          0.0010178160000009484,
          5876.364113349
        ],
        [
          5876.363579431,
          5876.364605937,
          0.0010265559999993457,
          5876.364668447
        ],
        [
          5876.364135598,
          5876.365230034,
          0.0010944650000013212,
          5876.365295525
        ],
        [
          5876.364689016,
          5876.365767373,
          0.001078396000000481,
          5876.365829784
        ],
        [
          5876.365316985,
          5876.366357231,
          0.001040287000002138,
          5876.366419082
        ],
        [
          5876.365853493,
          5876.367085339,
          0.0012318250000014075,
          5876.367150259
        ],
        [
          5876.366443842,
          5876.367489687,
          0.0010458360000029643,
          5876.367579527
        ],
        [
          5876.367170499,
          5876.368248406,
          0.0010779160000033983,
          5876.368313976
        ],
        [
          5876.367573927,
          5876.368689104,
          0.0011151960000006511,
          5876.368748814
        ],
        [
          5876.368330785,
          5876.369497132,
          0.0011663360000007117,
          5876.369558161
        ],
        [
          5876.368774604,
          5876.36993359,
          0.0011590860000012526,
          5876.37001725
        ],
        [
          5876.369580491,
          5876.370652729,
          0.0010722069999999917,
          5876.370787628
        ],
        [
          5876.370036099,
          5876.371230596,
          0.0011945460000006847,
          5876.371368855
        ],
        [
          5876.370750988,
          5876.371941704,
          0.0011908849999997528,
          5876.372026393
        ],
        [
          5876.371326726,
          5876.372609322,
          0.0012825350000014168,
          5876.372678301
        ],
        [
          5876.372040804,
          5876.37325637,
          0.0012155259999993007,
          5876.373325629
        ],
        [
          5876.372699881,
          5876.373838048,
          0.001138235999999182,
          5876.373937447
        ],
        [
          5876.373340429,
          5876.374554305,
          0.0012139050000001816,
          5876.374675245
        ],
        [
          5876.373923787,
          5876.375123154,
          0.001199356000000762,
          5876.375204463
        ],
        [
          5876.374640285,
          5876.375796232,
          0.0011560460000019646,
          5876.375864672
        ],
        [
          5876.375209873,
          5876.37636463,
          0.0011548259999969446,
          5876.376433839
        ],
        [
          5876.375880172,
          5876.377111257,
          0.0012310959999979332,
          5876.377176847
        ],
        [
          5876.376449719,
          5876.377613595,
          0.0011639649999999335,
          5876.377678825
        ],
        [
          5876.377195967,
          5876.378322864,
          0.0011269560000002343,
          5876.378388784
        ],
        [
          5876.377699275,
          5876.378903102,
          0.0012039360000031252,
          5876.378967062
        ],
        [
          5876.378407204,
          5876.379599389,
          0.0011922760000011579,
          5876.379698509
        ],
        [
          5876.378992182,
          5876.380175598,
          0.0011833470000013335,
          5876.380241257
        ],
        [
          5876.379685849,
          5876.380739866,
          0.0010541259999996555,
          5876.380835176
        ],
        [
          5876.380260017,
          5876.381352484,
          0.00109248599999745,
          5876.381418914
        ],
        [
          5876.380824306,
          5876.382025572,
          0.0012013050000021508,
          5876.382090581
        ],
        [
          5876.381440444,
          5876.382660279,
          0.0012198359999970876,
          5876.382722789
        ],
        [
          5876.382111181,
          5876.383241338,
          0.0011301959999983069,
          5876.383339718
        ],
        [
          5876.382742469,
          5876.383953276,
          0.001210816000000392,
          5876.384030775
        ],
        [
          5876.383329098,
          5876.384498574,
          0.0011695759999987843,
          5876.384555413
        ],
        [
          5876.384051795,
          5876.385291291,
          0.001239555000001502,
          5876.385351542
        ]
      ]
    },
    {
      "round_index": 4,
      "map_setup_wall_s": 0.0034050289996230276,
      "map_setup_parent_cpu_s": 0.004506145000000017,
      "result_next_wall_s": 0.21193540200238203,
      "result_next_parent_cpu_s": 0.018087961999999735,
      "serial_result_processing_wall_s": 0.008318462996612652,
      "serial_result_processing_parent_cpu_s": 0.010907196999999869,
      "worker_placement_wall_sum_s": 0.4245786759984185,
      "worker_placement_cpu_sum_s": 0.42458356300002364,
      "worker_tasks": 181,
      "per_worker": {
        "20197": 91,
        "20194": 90
      },
      "task_intervals": [
        [
          5876.532058446,
          5876.532879934,
          0.0008204970000029732,
          5876.534283979
        ],
        [
          5876.532192985,
          5876.536162413,
          0.003968745999998191,
          5876.536370932
        ],
        [
          5876.533045114,
          5876.536429052,
          0.0033839680000014027,
          5876.536596071
        ],
        [
          5876.536324823,
          5876.539085983,
          0.002761401000000774,
          5876.539253493
        ],
        [
          5876.536558392,
          5876.538603276,
          0.002044921999999616,
          5876.539291783
        ],
        [
          5876.538716515,
          5876.540897348,
          0.0021808419999977957,
          5876.541078457
        ],
        [
          5876.539215474,
          5876.541709235,
          0.0024938199999979815,
          5876.541863875
        ],
        [
          5876.541025508,
          5876.54333821,
          0.00231270200000111,
          5876.54351389
        ],
        [
          5876.541807595,
          5876.544088018,
          0.002280322000000723,
          5876.544250587
        ],
        [
          5876.5434502,
          5876.545815502,
          0.002365332000000109,
          5876.545985522
        ],
        [
          5876.544186318,
          5876.546031612,
          0.0018452030000020159,
          5876.546182501
        ],
        [
          5876.545925873,
          5876.547852216,
          0.0019264039999988825,
          5876.548158055
        ],
        [
          5876.546126361,
          5876.547965946,
          0.0018396040000006053,
          5876.548282945
        ],
        [
          5876.547959946,
          5876.54986098,
          0.0019011530000021537,
          5876.55001268
        ],
        [
          5876.548139866,
          5876.550022549,
          0.0018823239999967711,
          5876.550219329
        ],
        [
          5876.54997176,
          5876.551838613,
          0.0018668130000030203,
          5876.552018554
        ],
        [
          5876.550160239,
          5876.552181433,
          0.0020212529999987794,
          5876.552328893
        ],
        [
          5876.551947413,
          5876.554024847,
          0.0020772529999995015,
          5876.554152166
        ],
        [
          5876.552274462,
          5876.554519286,
          0.0022449319999999773,
          5876.554657875
        ],
        [
          5876.554137246,
          5876.556202749,
          0.002065431999998424,
          5876.556365239
        ],
        [
          5876.554609766,
          5876.556679138,
          0.0020693829999984814,
          5876.556816467
        ],
        [
          5876.556312759,
          5876.558417542,
          0.0021047730000027798,
          5876.558575982
        ],
        [
          5876.556769598,
          5876.558733421,
          0.001963953000000629,
          5876.558870201
        ],
        [
          5876.558528682,
          5876.560545046,
          0.0020163430000010862,
          5876.560704786
        ],
        [
          5876.558823031,
          5876.560906365,
          0.0020834430000000737,
          5876.561063344
        ],
        [
          5876.560654826,
          5876.56271446,
          0.00205958400000128,
          5876.562836969
        ],
        [
          5876.561011874,
          5876.563108128,
          0.0020963530000024377,
          5876.563252098
        ],
        [
          5876.562820119,
          5876.564862213,
          0.00204210300000085,
          5876.565041612
        ],
        [
          5876.563199127,
          5876.565276741,
          0.0020776829999995527,
          5876.56541918
        ],
        [
          5876.564971673,
          5876.567085285,
          0.002113552000000851,
          5876.567246545
        ],
        [
          5876.565365241,
          5876.567356025,
          0.001990893000002103,
          5876.567492814
        ],
        [
          5876.567192526,
          5876.569392798,
          0.0022002609999987044,
          5876.569556508
        ],
        [
          5876.567447025,
          5876.569544538,
          0.00209755300000225,
          5876.569683587
        ],
        [
          5876.569503428,
          5876.571560581,
          0.0020571429999982627,
          5876.57173705
        ],
        [
          5876.569634158,
          5876.571895819,
          0.0022618630000010853,
          5876.57206446
        ],
        [
          5876.571675071,
          5876.573973333,
          0.0022983019999998078,
          5876.574145343
        ],
        [
          5876.572011239,
          5876.574123103,
          0.002111913000000243,
          5876.574283182
        ],
        [
          5876.574099343,
          5876.576263296,
          0.0021638519999989114,
          5876.576440845
        ],
        [
          5876.574215363,
          5876.576257276,
          0.0020419519999990143,
          5876.576529005
        ],
        [
          5876.576353936,
          5876.578589738,
          0.0022359629999968433,
          5876.578827888
        ],
        [
          5876.576467995,
          5876.578575369,
          0.0021073830000020166,
          5876.578857517
        ],
        [
          5876.578688049,
          5876.580924302,
          0.0022361430000010785,
          5876.581139901
        ],
        [
          5876.578794088,
          5876.580877062,
          0.00208302300000085,
          5876.58117903
        ],
        [
          5876.580973581,
          5876.583057755,
          0.0020842220000005796,
          5876.583209414
        ],
        [
          5876.581059191,
          5876.583296934,
          0.00223773199999755,
          5876.583441423
        ],
        [
          5876.583150055,
          5876.585381077,
          0.002231060999999812,
          5876.585532317
        ],
        [
          5876.583404603,
          5876.585726916,
          0.002322331000002009,
          5876.585870235
        ],
        [
          5876.585473257,
          5876.58766309,
          0.00218978199999853,
          5876.587811109
        ],
        [
          5876.585833716,
          5876.588023099,
          0.002189181999998624,
          5876.588185168
        ],
        [
          5876.58775445,
          5876.589769783,
          0.002015411999998662,
          5876.589918833
        ],
        [
          5876.588134768,
          5876.590318722,
          0.0021839720000009777,
          5876.590471711
        ],
        [
          5876.589860274,
          5876.592085416,
          0.002225183000000186,
          5876.592235076
        ],
        [
          5876.590427921,
          5876.592672794,
          0.0022448320000023614,
          5876.592818364
        ],
        [
          5876.592178096,
          5876.594523908,
          0.0023458410000003482,
          5876.594668348
        ],
        [
          5876.592779004,
          5876.595078027,
          0.0022990119999981573,
          5876.595230396
        ],
        [
          5876.594614679,
          5876.596698101,
          0.002083461999998093,
          5876.596847081
        ],
        [
          5876.595184106,
          5876.59741815,
          0.0022340919999983555,
          5876.597569749
        ],
        [
          5876.596788221,
          5876.598996474,
          0.002208381999999176,
          5876.599152873
        ],
        [
          5876.597524579,
          5876.599735622,
          0.0022111120000012363,
          5876.599882002
        ],
        [
          5876.599094993,
          5876.601406146,
          0.0023111819999996897,
          5876.601555356
        ],
        [
          5876.599840742,
          5876.602267084,
          0.002426300999999853,
          5876.602418694
        ],
        [
          5876.601498836,
          5876.603608039,
          0.002109252000000339,
          5876.603759139
        ],
        [
          5876.602373514,
          5876.604569997,
          0.0021963229999997225,
          5876.604733356
        ],
        [
          5876.603700239,
          5876.605961792,
          0.0022617120000028024,
          5876.606129111
        ],
        [
          5876.604678347,
          5876.607067179,
          0.0023886520000004907,
          5876.607219588
        ],
        [
          5876.606074551,
          5876.608426064,
          0.0023515120000006107,
          5876.608575854
        ],
        [
          5876.607174059,
          5876.6096464,
          0.0024723509999979854,
          5876.60980098
        ],
        [
          5876.608517934,
          5876.610897676,
          0.002379771000001085,
          5876.611068706
        ],
        [
          5876.609754431,
          5876.612141273,
          0.0023868809999996188,
          5876.612295883
        ],
        [
          5876.610997146,
          5876.613437908,
          0.0024351110000004894,
          5876.613591867
        ],
        [
          5876.612249263,
          5876.614576165,
          0.002326811999999734,
          5876.614731415
        ],
        [
          5876.613528268,
          5876.616135439,
          0.0026071910000027287,
          5876.616377549
        ],
        [
          5876.614684175,
          5876.617221536,
          0.0025373510000008537,
          5876.617392806
        ],
        [
          5876.616227399,
          5876.618493432,
          0.0022660019999989345,
          5876.618660411
        ],
        [
          5876.617333327,
          5876.619826619,
          0.002493221999998241,
          5876.619988558
        ],
        [
          5876.618585192,
          5876.621026614,
          0.0024413410000008184,
          5876.621189923
        ],
        [
          5876.619936568,
          5876.62224264,
          0.0023061419999983457,
          5876.6224003
        ],
        [
          5876.621118604,
          5876.623515646,
          0.0023971210000013343,
          5876.623670406
        ],
        [
          5876.62235156,
          5876.624697723,
          0.002346161000001956,
          5876.624853032
        ],
        [
          5876.623612836,
          5876.625948759,
          0.002335982000001735,
          5876.626122628
        ],
        [
          5876.624805432,
          5876.627053725,
          0.002248051999998779,
          5876.627207085
        ],
        [
          5876.626056588,
          5876.628193221,
          0.0021366329999992217,
          5876.628349401
        ],
        [
          5876.627161675,
          5876.629554417,
          0.0023926610000017945,
          5876.629712127
        ],
        [
          5876.628281751,
          5876.630536224,
          0.002254512000000375,
          5876.630689653
        ],
        [
          5876.629669527,
          5876.63210398,
          0.002434291000000144,
          5876.632282289
        ],
        [
          5876.630626364,
          5876.632913877,
          0.0022875020000014956,
          5876.633044606
        ],
        [
          5876.632221099,
          5876.634604921,
          0.002383780999998919,
          5876.63493448
        ],
        [
          5876.633024026,
          5876.635143079,
          0.00211910200000176,
          5876.635379889
        ],
        [
          5876.634704271,
          5876.636993484,
          0.0022892819999995595,
          5876.637290223
        ],
        [
          5876.635241159,
          5876.637604662,
          0.002363650999999578,
          5876.637877491
        ],
        [
          5876.637103013,
          5876.639290907,
          0.002187931999998227,
          5876.639514306
        ],
        [
          5876.637709142,
          5876.639945575,
          0.0022364830000007885,
          5876.640059624
        ],
        [
          5876.639399066,
          5876.641557439,
          0.0021584519999997553,
          5876.641644569
        ],
        [
          5876.640058224,
          5876.642221117,
          0.002162861999998711,
          5876.642323167
        ],
        [
          5876.641648858,
          5876.643748202,
          0.0020993430000011415,
          5876.643827771
        ],
        [
          5876.642315497,
          5876.64455336,
          0.0022378120000006163,
          5876.64463478
        ],
        [
          5876.643841671,
          5876.646071395,
          0.0022297319999999843,
          5876.646147044
        ],
        [
          5876.64464598,
          5876.646889893,
          0.002243881000001835,
          5876.647015892
        ],
        [
          5876.646169175,
          5876.648632536,
          0.002463390999999149,
          5876.648706886
        ],
        [
          5876.646986173,
          5876.649422154,
          0.0024359400000015796,
          5876.649496805
        ],
        [
          5876.648726236,
          5876.651115448,
          0.002389351999998013,
          5876.651190248
        ],
        [
          5876.649519254,
          5876.651783787,
          0.002264561000000498,
          5876.651858157
        ],
        [
          5876.651209279,
          5876.653554341,
          0.0023450420000017402,
          5876.65362854
        ],
        [
          5876.651874307,
          5876.654563489,
          0.002689180000000846,
          5876.654636758
        ],
        [
          5876.65365312,
          5876.656074113,
          0.002421032000000878,
          5876.656149243
        ],
        [
          5876.654656748,
          5876.65697501,
          0.002325451999997341,
          5876.65706785
        ],
        [
          5876.656166012,
          5876.658638865,
          0.002472861999997633,
          5876.658756204
        ],
        [
          5876.657088481,
          5876.659679082,
          0.002590650999998445,
          5876.659795712
        ],
        [
          5876.658730884,
          5876.661164687,
          0.0024338309999976104,
          5876.661247056
        ],
        [
          5876.659771472,
          5876.662093814,
          0.002322400999997143,
          5876.662187764
        ],
        [
          5876.661256227,
          5876.663800208,
          0.002544070999999093,
          5876.663875568
        ],
        [
          5876.662194654,
          5876.664903745,
          0.0027090810000025556,
          5876.665052605
        ],
        [
          5876.663895398,
          5876.66622354,
          0.0023282510000015577,
          5876.66634058
        ],
        [
          5876.665012585,
          5876.667262218,
          0.002249601999999129,
          5876.667333688
        ],
        [
          5876.6663142,
          5876.668712183,
          0.0023980210000011937,
          5876.668787203
        ],
        [
          5876.667358457,
          5876.669960589,
          0.002602711000001534,
          5876.670083789
        ],
        [
          5876.668804112,
          5876.671308584,
          0.0025045400000003326,
          5876.671454594
        ],
        [
          5876.670070479,
          5876.672707331,
          0.0026369600000002436,
          5876.67278639
        ],
        [
          5876.671415004,
          5876.673836956,
          0.0024220110000001682,
          5876.673909776
        ],
        [
          5876.67280827,
          5876.675335452,
          0.002527241000002789,
          5876.675424802
        ],
        [
          5876.673927936,
          5876.676160199,
          0.002232282000001362,
          5876.676234729
        ],
        [
          5876.675437262,
          5876.677986643,
          0.002549431000002045,
          5876.678067763
        ],
        [
          5876.676251689,
          5876.678564761,
          0.002313141999998436,
          5876.678638772
        ],
        [
          5876.678088294,
          5876.680374076,
          0.0022857919999985654,
          5876.680448776
        ],
        [
          5876.678653861,
          5876.681481613,
          0.002827779000000419,
          5876.681555153
        ],
        [
          5876.680468376,
          5876.683021387,
          0.0025529710000000705,
          5876.683095707
        ],
        [
          5876.681579433,
          5876.684127684,
          0.002548280000002734,
          5876.684202184
        ],
        [
          5876.683115007,
          5876.68554987,
          0.0024349400000005517,
          5876.685622399
        ],
        [
          5876.684219235,
          5876.686551887,
          0.002332681000002168,
          5876.686624137
        ],
        [
          5876.68564873,
          5876.688150182,
          0.0025014910000003,
          5876.688223151
        ],
        [
          5876.686643007,
          5876.689088399,
          0.002445391000001962,
          5876.689159589
        ],
        [
          5876.688243681,
          5876.690827333,
          0.0025836409999975274,
          5876.690900373
        ],
        [
          5876.689184948,
          5876.6917454,
          0.0025604510000007963,
          5876.69186537
        ],
        [
          5876.690920813,
          5876.693463494,
          0.002542701999999508,
          5876.693537784
        ],
        [
          5876.69183696,
          5876.694287652,
          0.0024507820000003733,
          5876.694359232
        ],
        [
          5876.693561494,
          5876.695954606,
          0.0023931319999981326,
          5876.696046736
        ],
        [
          5876.694378252,
          5876.696582615,
          0.0022044620000016835,
          5876.696655305
        ],
        [
          5876.696059446,
          5876.698462118,
          0.0024026110000008316,
          5876.698579218
        ],
        [
          5876.696670795,
          5876.699444406,
          0.0027736800000006667,
          5876.699515446
        ],
        [
          5876.698554508,
          5876.70094523,
          0.00239076200000099,
          5876.701027861
        ],
        [
          5876.699538995,
          5876.701966208,
          0.002427270999998399,
          5876.702053018
        ],
        [
          5876.70104649,
          5876.703504582,
          0.0024580910000011613,
          5876.703582152
        ],
        [
          5876.702071307,
          5876.704682439,
          0.0026111819999989905,
          5876.704822309
        ],
        [
          5876.703602202,
          5876.706253093,
          0.0026510500000007653,
          5876.706332073
        ],
        [
          5876.704785469,
          5876.707231961,
          0.002446481000003331,
          5876.707302191
        ],
        [
          5876.706356973,
          5876.708659566,
          0.002302622000001975,
          5876.708730246
        ],
        [
          5876.707327121,
          5876.709621814,
          0.002294770999998974,
          5876.709695823
        ],
        [
          5876.708754726,
          5876.711194528,
          0.0024397510000007117,
          5876.711267548
        ],
        [
          5876.709712763,
          5876.712413205,
          0.002700470000000621,
          5876.712531265
        ],
        [
          5876.711291437,
          5876.713634501,
          0.0023431520000016803,
          5876.71370678
        ],
        [
          5876.712503974,
          5876.714782687,
          0.0022788219999974046,
          5876.714854537
        ],
        [
          5876.71372581,
          5876.716119782,
          0.0023939219999995487,
          5876.716192382
        ],
        [
          5876.714871747,
          5876.717348139,
          0.0024764809999986426,
          5876.717423449
        ],
        [
          5876.716213512,
          5876.718723125,
          0.002509661000001273,
          5876.718798325
        ],
        [
          5876.717443469,
          5876.719954641,
          0.0025112920000012195,
          5876.72004153
        ],
        [
          5876.718815855,
          5876.721684576,
          0.0028687390000001756,
          5876.721756585
        ],
        [
          5876.72006219,
          5876.722665242,
          0.002603110999999103,
          5876.722737142
        ],
        [
          5876.721780835,
          5876.724647036,
          0.0028662099999969826,
          5876.724718546
        ],
        [
          5876.722755452,
          5876.725699892,
          0.002944558999999458,
          5876.725770332
        ],
        [
          5876.724740335,
          5876.727412917,
          0.0026725909999996134,
          5876.727486107
        ],
        [
          5876.725796272,
          5876.728086304,
          0.0022901009999998223,
          5876.728155484
        ],
        [
          5876.727504857,
          5876.729859399,
          0.0023545919999996556,
          5876.729931229
        ],
        [
          5876.728174864,
          5876.730915815,
          0.002741041000000166,
          5876.731049695
        ],
        [
          5876.729955369,
          5876.732408662,
          0.0024533709999978726,
          5876.732480301
        ],
        [
          5876.731020485,
          5876.733422087,
          0.0024017110000009723,
          5876.733492018
        ],
        [
          5876.732499771,
          5876.734968183,
          0.0024689610000017126,
          5876.735097842
        ],
        [
          5876.733512707,
          5876.73588581,
          0.0023731610000012893,
          5876.73595917
        ],
        [
          5876.735073453,
          5876.737487455,
          0.0024140710000004617,
          5876.737606905
        ],
        [
          5876.735983919,
          5876.738791082,
          0.0028071810000014352,
          5876.738932211
        ],
        [
          5876.737597235,
          5876.740117267,
          0.0025199709999981224,
          5876.740196697
        ],
        [
          5876.738887861,
          5876.741510463,
          0.0026227409999997064,
          5876.741689942
        ],
        [
          5876.740218126,
          5876.742691149,
          0.002473071000000715,
          5876.742779808
        ],
        [
          5876.741613393,
          5876.744055365,
          0.002442030999997513,
          5876.744131234
        ],
        [
          5876.742784248,
          5876.74522391,
          0.002439650999999543,
          5876.74530593
        ],
        [
          5876.744151325,
          5876.746599466,
          0.002448150999999399,
          5876.746672146
        ],
        [
          5876.74531648,
          5876.747712673,
          0.0023962220000015577,
          5876.747789113
        ],
        [
          5876.746689366,
          5876.749257588,
          0.0025682509999995773,
          5876.749370348
        ],
        [
          5876.747807922,
          5876.750107255,
          0.0022992909999999256,
          5876.750180905
        ],
        [
          5876.749346848,
          5876.75160453,
          0.002257761999999275,
          5876.751676841
        ],
        [
          5876.750198805,
          5876.752614297,
          0.0024155810000010547,
          5876.752686457
        ],
        [
          5876.751694401,
          5876.754543941,
          0.0028495500000005336,
          5876.754617051
        ]
      ]
    },
    {
      "round_index": 5,
      "map_setup_wall_s": 0.002494022000064433,
      "map_setup_parent_cpu_s": 0.0034544760000001506,
      "result_next_wall_s": 0.16699307399267127,
      "result_next_parent_cpu_s": 0.0148612120000009,
      "serial_result_processing_wall_s": 0.00946734098943125,
      "serial_result_processing_parent_cpu_s": 0.012114183000001555,
      "worker_placement_wall_sum_s": 0.3366961459951199,
      "worker_placement_cpu_sum_s": 0.3364421459999818,
      "worker_tasks": 181,
      "per_worker": {
        "20194": 90,
        "20197": 91
      },
      "task_intervals": [
        [
          5876.950878459,
          5876.951432727,
          0.000553417999999084,
          5876.951984385
        ],
        [
          5876.951019429,
          5876.952748073,
          0.001728042999999957,
          5876.952852033
        ],
        [
          5876.951578756,
          5876.95361534,
          0.0020365519999998583,
          5876.95373165
        ],
        [
          5876.952882413,
          5876.954687217,
          0.0018048139999997659,
          5876.954816046
        ],
        [
          5876.95373029,
          5876.955459324,
          0.0017291429999986008,
          5876.955530755
        ],
        [
          5876.954780376,
          5876.956639531,
          0.0018592829999981575,
          5876.95676864
        ],
        [
          5876.955572524,
          5876.957385308,
          0.0018127640000002998,
          5876.957460028
        ],
        [
          5876.95673852,
          5876.958492545,
          0.0017542339999998546,
          5876.958566325
        ],
        [
          5876.957476468,
          5876.959314312,
          0.0018377940000000592,
          5876.959387371
        ],
        [
          5876.958584594,
          5876.960374589,
          0.0017901129999984278,
          5876.960446539
        ],
        [
          5876.959413482,
          5876.961213856,
          0.0018003140000004692,
          5876.961283966
        ],
        [
          5876.960464289,
          5876.962272053,
          0.0018079440000029479,
          5876.962344132
        ],
        [
          5876.961304496,
          5876.963098211,
          0.0017937040000006732,
          5876.96317021
        ],
        [
          5876.962361262,
          5876.964198827,
          0.0018376730000007058,
          5876.964271176
        ],
        [
          5876.96318675,
          5876.965218794,
          0.0020320630000014717,
          5876.965288453
        ],
        [
          5876.964293736,
          5876.96617617,
          0.0018824929999965434,
          5876.96624701
        ],
        [
          5876.965308473,
          5876.967126177,
          0.0018177540000010595,
          5876.967243217
        ],
        [
          5876.96626423,
          5876.968023575,
          0.0017592540000030965,
          5876.968096264
        ],
        [
          5876.967220966,
          5876.969015001,
          0.0017940840000001401,
          5876.969237771
        ],
        [
          5876.968113055,
          5876.969882848,
          0.0017698740000007263,
          5876.969960358
        ],
        [
          5876.969131281,
          5876.970913606,
          0.0017807129999987126,
          5876.971091425
        ],
        [
          5876.970016237,
          5876.971773623,
          0.001757442999998915,
          5876.971855382
        ],
        [
          5876.971017775,
          5876.972983199,
          0.001965463000001222,
          5876.973117039
        ],
        [
          5876.971867342,
          5876.973625007,
          0.0017577640000006056,
          5876.973736466
        ],
        [
          5876.973088028,
          5876.975155533,
          0.0020674730000003194,
          5876.975287522
        ],
        [
          5876.973711037,
          5876.975501501,
          0.0017905439999985617,
          5876.975587131
        ],
        [
          5876.975248222,
          5876.977066535,
          0.0018184139999988247,
          5876.977139755
        ],
        [
          5876.975586431,
          5876.977459194,
          0.0018728629999991142,
          5876.977530165
        ],
        [
          5876.977156965,
          5876.979068909,
          0.0019120140000019603,
          5876.979141179
        ],
        [
          5876.977551625,
          5876.979336059,
          0.0017845239999978446,
          5876.979443478
        ],
        [
          5876.979158049,
          5876.981238493,
          0.0020810329999996213,
          5876.981357452
        ],
        [
          5876.979421938,
          5876.981213653,
          0.001791764000000029,
          5876.981422052
        ],
        [
          5876.981302413,
          5876.982935008,
          0.0016327650000000915,
          5876.983145867
        ],
        [
          5876.981431422,
          5876.983680655,
          0.0022491619999982504,
          5876.983858914
        ],
        [
          5876.983044267,
          5876.984725771,
          0.0016815639999983034,
          5876.984818351
        ],
        [
          5876.983792465,
          5876.985524309,
          0.001731864999999999,
          5876.985650439
        ],
        [
          5876.984813691,
          5876.986527385,
          0.0017137729999987528,
          5876.986639665
        ],
        [
          5876.985616989,
          5876.987461342,
          0.0018444629999976314,
          5876.987533293
        ],
        [
          5876.986614516,
          5876.98825066,
          0.0016362450000002582,
          5876.98843977
        ],
        [
          5876.987561403,
          5876.989329827,
          0.0017684230000014622,
          5876.989420447
        ],
        [
          5876.98833907,
          5876.989968386,
          0.0016294649999970545,
          5876.990102735
        ],
        [
          5876.989421607,
          5876.991263941,
          0.0018424139999986267,
          5876.991374121
        ],
        [
          5876.990078015,
          5876.991726819,
          0.0016488039999984494,
          5876.991800789
        ],
        [
          5876.99135351,
          5876.993067665,
          0.0017141340000002003,
          5876.993184285
        ],
        [
          5876.991813479,
          5876.993420304,
          0.0016068540000020448,
          5876.993493364
        ],
        [
          5876.993158625,
          5876.994945989,
          0.0017874129999988497,
          5876.995071949
        ],
        [
          5876.993507014,
          5876.995183709,
          0.0016767840000007084,
          5876.995290798
        ],
        [
          5876.995036938,
          5876.996777053,
          0.001740222999998764,
          5876.996853773
        ],
        [
          5876.995274709,
          5876.996879763,
          0.001605213999997801,
          5876.996963783
        ],
        [
          5876.996866543,
          5876.998496938,
          0.0016303740000012112,
          5876.998568447
        ],
        [
          5876.996997712,
          5876.998669278,
          0.0016667229999995925,
          5876.998740827
        ],
        [
          5876.998587287,
          5877.000304662,
          0.0017174050000008378,
          5877.000377132
        ],
        [
          5876.998755147,
          5877.000366853,
          0.0016118140000003223,
          5877.000535261
        ],
        [
          5877.000400152,
          5877.002074756,
          0.0016745939999971426,
          5877.002147586
        ],
        [
          5877.000490632,
          5877.002081756,
          0.0015912140000011732,
          5877.002302626
        ],
        [
          5877.002171046,
          5877.00401791,
          0.0018469529999975975,
          5877.00410753
        ],
        [
          5877.002265795,
          5877.00389593,
          0.0016302340000002857,
          5877.00419812
        ],
        [
          5877.003990701,
          5877.005726005,
          0.0017354139999987694,
          5877.005802035
        ],
        [
          5877.00411574,
          5877.005862484,
          0.0017467439999983014,
          5877.005972164
        ],
        [
          5877.005813045,
          5877.00761669,
          0.0018038329999967573,
          5877.007726639
        ],
        [
          5877.005951775,
          5877.007810398,
          0.0018588220000026467,
          5877.007886109
        ],
        [
          5877.007710619,
          5877.009552332,
          0.0018417729999988808,
          5877.009630102
        ],
        [
          5877.007907629,
          5877.009692172,
          0.0017846140000017385,
          5877.009766542
        ],
        [
          5877.009641252,
          5877.011521286,
          0.0018801239999994834,
          5877.011630476
        ],
        [
          5877.009781982,
          5877.011829885,
          0.002047942000000802,
          5877.011898495
        ],
        [
          5877.011608266,
          5877.013464871,
          0.001856623999998419,
          5877.01353568
        ],
        [
          5877.011918465,
          5877.013815959,
          0.0018975129999994067,
          5877.013920129
        ],
        [
          5877.01355431,
          5877.015315245,
          0.001760984000000576,
          5877.015384465
        ],
        [
          5877.013908779,
          5877.015736713,
          0.0018280040000000497,
          5877.015808303
        ],
        [
          5877.015409874,
          5877.017334179,
          0.0019244219999983159,
          5877.017406648
        ],
        [
          5877.015824963,
          5877.017662218,
          0.0018373330000009958,
          5877.017732747
        ],
        [
          5877.017422648,
          5877.019299041,
          0.0018764129999979673,
          5877.019370101
        ],
        [
          5877.017749847,
          5877.019517291,
          0.0017675439999997877,
          5877.019587671
        ],
        [
          5877.019386732,
          5877.021145756,
          0.0017590530000006765,
          5877.021215456
        ],
        [
          5877.019603891,
          5877.021398665,
          0.0017948839999988309,
          5877.021499195
        ],
        [
          5877.021238506,
          5877.02312022,
          0.0018818029999998487,
          5877.02319118
        ],
        [
          5877.021489585,
          5877.02328724,
          0.0017976829999994948,
          5877.023354409
        ],
        [
          5877.02320818,
          5877.024912284,
          0.001704204999999348,
          5877.025040044
        ],
        [
          5877.023373879,
          5877.025267634,
          0.001893792999997146,
          5877.025376313
        ],
        [
          5877.025017734,
          5877.026908357,
          0.0018906829999991714,
          5877.026977637
        ],
        [
          5877.025355243,
          5877.027064417,
          0.0017092439999970566,
          5877.027139136
        ],
        [
          5877.027010567,
          5877.028873811,
          0.0018632040000028383,
          5877.028943381
        ],
        [
          5877.027157247,
          5877.028995841,
          0.0018386629999973536,
          5877.029082101
        ],
        [
          5877.028964551,
          5877.030756716,
          0.0017922539999979392,
          5877.030884756
        ],
        [
          5877.02909527,
          5877.030899275,
          0.0018039640000004908,
          5877.030970605
        ],
        [
          5877.030851385,
          5877.032550851,
          0.001699453999997047,
          5877.03269493
        ],
        [
          5877.030990705,
          5877.032898619,
          0.0019078930000020478,
          5877.033022358
        ],
        [
          5877.03263745,
          5877.034372214,
          0.0017347640000018316,
          5877.034444013
        ],
        [
          5877.032991569,
          5877.034767572,
          0.0017759830000017018,
          5877.034841973
        ],
        [
          5877.034461673,
          5877.036136579,
          0.0016749939999982644,
          5877.036256758
        ],
        [
          5877.034861053,
          5877.036635157,
          0.0017741839999985132,
          5877.036760286
        ],
        [
          5877.036224888,
          5877.037951813,
          0.0017269839999976,
          5877.038050433
        ],
        [
          5877.036731586,
          5877.038709891,
          0.0019783730000000332,
          5877.0388219
        ],
        [
          5877.038070242,
          5877.039985387,
          0.0019151530000023342,
          5877.040064416
        ],
        [
          5877.03880156,
          5877.040759254,
          0.0019576729999997156,
          5877.040868304
        ],
        [
          5877.040080336,
          5877.04199568,
          0.0018135129999983235,
          5877.04208062
        ],
        [
          5877.040850984,
          5877.042888478,
          0.0020374439999990557,
          5877.042961527
        ],
        [
          5877.042103769,
          5877.044064713,
          0.0019610330000006115,
          5877.044137163
        ],
        [
          5877.042985107,
          5877.044918201,
          0.0019330930000016622,
          5877.045044691
        ],
        [
          5877.044155193,
          5877.045887757,
          0.001732663999998607,
          5877.046025557
        ],
        [
          5877.045022201,
          5877.047226504,
          0.0022043420000024128,
          5877.047300093
        ],
        [
          5877.045973357,
          5877.047845222,
          0.0018718620000015562,
          5877.047916002
        ],
        [
          5877.047315844,
          5877.049110307,
          0.0017945730000015203,
          5877.049184407
        ],
        [
          5877.047934571,
          5877.049807825,
          0.0018733530000005771,
          5877.049876856
        ],
        [
          5877.049201947,
          5877.050859582,
          0.00165766399999967,
          5877.050966721
        ],
        [
          5877.049893665,
          5877.051637139,
          0.0017436430000010716,
          5877.051713359
        ],
        [
          5877.050946921,
          5877.052834076,
          0.0018872630000004165,
          5877.052903866
        ],
        [
          5877.051722729,
          5877.053569064,
          0.0018464139999991858,
          5877.053638153
        ],
        [
          5877.052923255,
          5877.054900269,
          0.001977072999999052,
          5877.05497012
        ],
        [
          5877.053660413,
          5877.055724766,
          0.0020644830000016157,
          5877.055842106
        ],
        [
          5877.055009199,
          5877.056900293,
          0.0018911440000017876,
          5877.056970302
        ],
        [
          5877.055812336,
          5877.05782879,
          0.002016593000000455,
          5877.05803171
        ],
        [
          5877.056992992,
          5877.058932346,
          0.0019393729999990228,
          5877.059032866
        ],
        [
          5877.05791869,
          5877.059970793,
          0.0020522440000014797,
          5877.060074833
        ],
        [
          5877.059027986,
          5877.06085408,
          0.0018261230000007345,
          5877.06092552
        ],
        [
          5877.060069903,
          5877.061818507,
          0.0017487040000006004,
          5877.061936857
        ],
        [
          5877.06093926,
          5877.062754795,
          0.0018155730000017911,
          5877.062825514
        ],
        [
          5877.061904906,
          5877.063930931,
          0.002026164000000108,
          5877.06407154
        ],
        [
          5877.062847464,
          5877.064827748,
          0.0019803329999987795,
          5877.064898888
        ],
        [
          5877.06403002,
          5877.066043504,
          0.002013463000000826,
          5877.066176893
        ],
        [
          5877.064915208,
          5877.066830171,
          0.0019150329999995108,
          5877.066899461
        ],
        [
          5877.066139973,
          5877.068110427,
          0.0019705129999998405,
          5877.068178877
        ],
        [
          5877.06691931,
          5877.068810715,
          0.0018915129999967917,
          5877.068900824
        ],
        [
          5877.068202857,
          5877.070132061,
          0.0019292929999998876,
          5877.070205411
        ],
        [
          5877.068923464,
          5877.070859038,
          0.0019355220000001339,
          5877.070929549
        ],
        [
          5877.070220911,
          5877.072185715,
          0.001964862999997763,
          5877.072255754
        ],
        [
          5877.070951528,
          5877.072926502,
          0.0019751230000011333,
          5877.073064402
        ],
        [
          5877.072272625,
          5877.074260478,
          0.0019878640000001724,
          5877.074371777
        ],
        [
          5877.073039922,
          5877.074871376,
          0.0018314530000012041,
          5877.074941016
        ],
        [
          5877.074347647,
          5877.076277631,
          0.0019300929999985783,
          5877.076435291
        ],
        [
          5877.074960876,
          5877.07705729,
          0.002096432000001869,
          5877.077144729
        ],
        [
          5877.076367341,
          5877.078221815,
          0.0018545530000011468,
          5877.078296475
        ],
        [
          5877.077148419,
          5877.079133962,
          0.0019855629999980806,
          5877.079209762
        ],
        [
          5877.078313755,
          5877.080139569,
          0.001825872999997813,
          5877.080215019
        ],
        [
          5877.079221791,
          5877.081139186,
          0.0019174530000007906,
          5877.081259045
        ],
        [
          5877.080225269,
          5877.082112634,
          0.0018874730000000284,
          5877.082182143
        ],
        [
          5877.081227476,
          5877.083198279,
          0.001970941999999809,
          5877.083274079
        ],
        [
          5877.082202763,
          5877.084202466,
          0.00199981299999763,
          5877.084274066
        ],
        [
          5877.083288669,
          5877.085076294,
          0.00178757399999796,
          5877.085146124
        ],
        [
          5877.084295915,
          5877.08630486,
          0.0020090330000002155,
          5877.086375869
        ],
        [
          5877.085163373,
          5877.087072947,
          0.0019096129999987,
          5877.087145567
        ],
        [
          5877.086393029,
          5877.088152164,
          0.0017592439999987164,
          5877.088221103
        ],
        [
          5877.087159238,
          5877.089007471,
          0.0018481930000007196,
          5877.08907912
        ],
        [
          5877.088238343,
          5877.090105508,
          0.001867313000001758,
          5877.090179657
        ],
        [
          5877.089093091,
          5877.091152704,
          0.002059663000000711,
          5877.091220924
        ],
        [
          5877.090196248,
          5877.092070931,
          0.0018748429999995153,
          5877.092139462
        ],
        [
          5877.091243104,
          5877.093320218,
          0.0020772240000006548,
          5877.093430307
        ],
        [
          5877.092159271,
          5877.094082004,
          0.0019228130000001897,
          5877.094288184
        ],
        [
          5877.093407527,
          5877.095404511,
          0.001997072999998295,
          5877.09558423
        ],
        [
          5877.094173594,
          5877.096166958,
          0.0019934930000005124,
          5877.096304308
        ],
        [
          5877.095491971,
          5877.097301325,
          0.001809493999999745,
          5877.097384135
        ],
        [
          5877.096255028,
          5877.098265222,
          0.002010332999997644,
          5877.098385131
        ],
        [
          5877.097392495,
          5877.099246068,
          0.001853702999998319,
          5877.099367227
        ],
        [
          5877.098355422,
          5877.100313525,
          0.0019582530000015197,
          5877.100422975
        ],
        [
          5877.099333078,
          5877.101383301,
          0.002050262000000913,
          5877.101491881
        ],
        [
          5877.100400235,
          5877.102299809,
          0.0018997030000029724,
          5877.102524469
        ],
        [
          5877.101471791,
          5877.103449005,
          0.0019773630000017306,
          5877.103636094
        ],
        [
          5877.102390879,
          5877.104366222,
          0.0019755030000006,
          5877.104496492
        ],
        [
          5877.103548275,
          5877.105712478,
          0.0020089130000009447,
          5877.105878847
        ],
        [
          5877.104455683,
          5877.106433485,
          0.001977962000001554,
          5877.106508665
        ],
        [
          5877.105808307,
          5877.107650122,
          0.0018418539999984773,
          5877.107727752
        ],
        [
          5877.106520685,
          5877.10844507,
          0.001924543000001222,
          5877.108557579
        ],
        [
          5877.107741062,
          5877.109472356,
          0.0017312930000024096,
          5877.109548616
        ],
        [
          5877.108533679,
          5877.110393333,
          0.0018598230000002047,
          5877.110510343
        ],
        [
          5877.109561676,
          5877.111652699,
          0.002091121999999501,
          5877.111762619
        ],
        [
          5877.110480573,
          5877.112380367,
          0.0018999330000006864,
          5877.112451357
        ],
        [
          5877.111741568,
          5877.113803602,
          0.002062063000000336,
          5877.113922221
        ],
        [
          5877.112469427,
          5877.114251411,
          0.001782023000000521,
          5877.114439121
        ],
        [
          5877.113891782,
          5877.115834566,
          0.001942783000000503,
          5877.115967155
        ],
        [
          5877.114341101,
          5877.116265165,
          0.0019241239999985282,
          5877.116389234
        ],
        [
          5877.115924546,
          5877.118027879,
          0.0021032329999997046,
          5877.118105039
        ],
        [
          5877.116354334,
          5877.118246899,
          0.0018926229999998156,
          5877.118356178
        ],
        [
          5877.118116929,
          5877.119922603,
          0.001805683000000613,
          5877.120083813
        ],
        [
          5877.118335478,
          5877.120383541,
          0.0020482120000018256,
          5877.121066999
        ],
        [
          5877.120094553,
          5877.122031877,
          0.0019371429999992529,
          5877.122192386
        ],
        [
          5877.120469112,
          5877.122462175,
          0.0019931130000010455,
          5877.122619274
        ],
        [
          5877.122136336,
          5877.124140679,
          0.0020045230000000913,
          5877.124287648
        ],
        [
          5877.122560825,
          5877.124431989,
          0.001871313000002317,
          5877.124563119
        ],
        [
          5877.124253449,
          5877.126317582,
          0.002064031999999827,
          5877.126482672
        ],
        [
          5877.124592628,
          5877.1271157,
          0.002522502000001481,
          5877.12723383
        ],
        [
          5877.126438392,
          5877.128590275,
          0.0021519430000012107,
          5877.128701805
        ]
      ]
    },
    {
      "round_index": 6,
      "map_setup_wall_s": 0.0028459909999583033,
      "map_setup_parent_cpu_s": 0.003936613999999894,
      "result_next_wall_s": 0.28937337799561647,
      "result_next_parent_cpu_s": 0.020530699999999014,
      "serial_result_processing_wall_s": 0.010940990990093269,
      "serial_result_processing_parent_cpu_s": 0.013762388999999153,
      "worker_placement_wall_sum_s": 0.5806933700005175,
      "worker_placement_cpu_sum_s": 0.5806660350000072,
      "worker_tasks": 181,
      "per_worker": {
        "20197": 90,
        "20194": 91
      },
      "task_intervals": [
        [
          5877.365139505,
          5877.366015474,
          0.0008747680000027458,
          5877.367098959
        ],
        [
          5877.365231195,
          5877.369334823,
          0.004103235000002314,
          5877.369631062
        ],
        [
          5877.366198033,
          5877.369673811,
          0.003475878999999793,
          5877.36987833
        ],
        [
          5877.369552712,
          5877.373027771,
          0.0034673980000015092,
          5877.37320042
        ],
        [
          5877.369810181,
          5877.372716052,
          0.002897579999999067,
          5877.37323212
        ],
        [
          5877.372848811,
          5877.375788592,
          0.0029397700000011184,
          5877.375988652
        ],
        [
          5877.373137041,
          5877.376161531,
          0.0030245190000002253,
          5877.37632321
        ],
        [
          5877.375910292,
          5877.378774383,
          0.0028640799999983813,
          5877.378948392
        ],
        [
          5877.376260531,
          5877.378969552,
          0.0027092000000017435,
          5877.379130592
        ],
        [
          5877.378890033,
          5877.381897852,
          0.0030077490000017804,
          5877.382114742
        ],
        [
          5877.379078281,
          5877.382221422,
          0.003143128999997913,
          5877.382380741
        ],
        [
          5877.382028132,
          5877.385410211,
          0.003382227999999543,
          5877.385565151
        ],
        [
          5877.382318381,
          5877.385454431,
          0.003136058999999136,
          5877.385702581
        ],
        [
          5877.385554511,
          5877.388875741,
          0.0033209989999996026,
          5877.38898751
        ],
        [
          5877.385737111,
          5877.388664282,
          0.0029272390000016912,
          5877.38911492
        ],
        [
          5877.388767511,
          5877.391668932,
          0.0029015599999979713,
          5877.391821671
        ],
        [
          5877.388993101,
          5877.391995,
          0.003001908999998193,
          5877.39209264
        ],
        [
          5877.391771421,
          5877.394713072,
          0.002941749999997967,
          5877.394798871
        ],
        [
          5877.39211651,
          5877.395335769,
          0.003219368999999972,
          5877.39544592
        ],
        [
          5877.394812051,
          5877.397539183,
          0.002727190000001656,
          5877.397623442
        ],
        [
          5877.395441789,
          5877.398473291,
          0.003031418000002617,
          5877.39855859
        ],
        [
          5877.397634953,
          5877.400543874,
          0.0029091100000009362,
          5877.400738413
        ],
        [
          5877.39858597,
          5877.4018803,
          0.0032943379999998967,
          5877.401984469
        ],
        [
          5877.400653553,
          5877.403575824,
          0.0029223800000011124,
          5877.403695704
        ],
        [
          5877.401997549,
          5877.405039729,
          0.0030366989999990324,
          5877.405139369
        ],
        [
          5877.403677904,
          5877.406524214,
          0.0028463489999985825,
          5877.406650924
        ],
        [
          5877.405150258,
          5877.40815835,
          0.0030080189999992513,
          5877.40824784
        ],
        [
          5877.406619705,
          5877.409364385,
          0.002744769999999619,
          5877.409483855
        ],
        [
          5877.408270569,
          5877.41124063,
          0.002970010000002077,
          5877.411329439
        ],
        [
          5877.409457295,
          5877.412515946,
          0.003058679999998759,
          5877.412602455
        ],
        [
          5877.411348719,
          5877.414517519,
          0.003168768000001876,
          5877.414606799
        ],
        [
          5877.412638375,
          5877.415748726,
          0.003110399000000541,
          5877.415872676
        ],
        [
          5877.414645159,
          5877.417993849,
          0.0033492479999992497,
          5877.418129498
        ],
        [
          5877.415864616,
          5877.418798796,
          0.002934158999998715,
          5877.418953375
        ],
        [
          5877.418139368,
          5877.421207319,
          0.0030679400000011015,
          5877.421318968
        ],
        [
          5877.418894895,
          5877.421886666,
          0.0029918690000023673,
          5877.422041325
        ],
        [
          5877.421320058,
          5877.424956236,
          0.0036363570000013112,
          5877.425057195
        ],
        [
          5877.421987125,
          5877.425269425,
          0.0032823190000002,
          5877.425405165
        ],
        [
          5877.425083646,
          5877.428555595,
          0.0034719479999978375,
          5877.428648124
        ],
        [
          5877.425363974,
          5877.428368445,
          0.002994068999999655,
          5877.428767295
        ],
        [
          5877.428476825,
          5877.431268896,
          0.0027921499999976618,
          5877.431438015
        ],
        [
          5877.428665395,
          5877.431846814,
          0.00318148899999926,
          5877.431949064
        ],
        [
          5877.431371656,
          5877.434119237,
          0.002747599999999295,
          5877.434224947
        ],
        [
          5877.431953214,
          5877.435646733,
          0.0036936059999987947,
          5877.435890952
        ],
        [
          5877.434214257,
          5877.436975398,
          0.0027669800000005296,
          5877.437198407
        ],
        [
          5877.435756142,
          5877.438664823,
          0.002908719999997089,
          5877.438868442
        ],
        [
          5877.437105697,
          5877.440035658,
          0.002929759000000587,
          5877.440198227
        ],
        [
          5877.438774123,
          5877.441713413,
          0.0029393000000013103,
          5877.441865702
        ],
        [
          5877.440148407,
          5877.443220209,
          0.0030716800000014644,
          5877.443311558
        ],
        [
          5877.441827033,
          5877.444864303,
          0.003037178999999668,
          5877.444951483
        ],
        [
          5877.443328598,
          5877.446500218,
          0.003171729000001733,
          5877.446650918
        ],
        [
          5877.444984963,
          5877.448198433,
          0.0032135480000015093,
          5877.448340693
        ],
        [
          5877.446611198,
          5877.449596428,
          0.0029850699999975916,
          5877.449743668
        ],
        [
          5877.448308553,
          5877.451265053,
          0.0029563889999977278,
          5877.451408212
        ],
        [
          5877.449706817,
          5877.452557728,
          0.002850658999999922,
          5877.452704169
        ],
        [
          5877.451373963,
          5877.454524633,
          0.0031505890000005365,
          5877.454667142
        ],
        [
          5877.452668578,
          5877.455798549,
          0.0031299090000018737,
          5877.455884258
        ],
        [
          5877.454634482,
          5877.457829891,
          0.0031954279999979462,
          5877.457981732
        ],
        [
          5877.455906189,
          5877.458947139,
          0.003041009000000372,
          5877.459043288
        ],
        [
          5877.457941782,
          5877.461207361,
          0.003265578000000602,
          5877.461408391
        ],
        [
          5877.459070818,
          5877.462214158,
          0.0031433190000029754,
          5877.462419657
        ],
        [
          5877.461313441,
          5877.46474138,
          0.0034287279999993814,
          5877.464984419
        ],
        [
          5877.462323968,
          5877.465418299,
          0.003094140000001744,
          5877.465605138
        ],
        [
          5877.464924489,
          5877.46791896,
          0.002994258999997612,
          5877.46808518
        ],
        [
          5877.465523838,
          5877.468406189,
          0.0028824899999975173,
          5877.468548028
        ],
        [
          5877.46803776,
          5877.47098067,
          0.0029429599999986067,
          5877.47124646
        ],
        [
          5877.468508489,
          5877.471695488,
          0.0031869190000008984,
          5877.471930477
        ],
        [
          5877.47113087,
          5877.47425198,
          0.003121188999998026,
          5877.474459069
        ],
        [
          5877.471823518,
          5877.474763358,
          0.00293981999999815,
          5877.474904348
        ],
        [
          5877.474378039,
          5877.478010019,
          0.0036321180000022935,
          5877.478296907
        ],
        [
          5877.474858737,
          5877.477929439,
          0.0030706800000004364,
          5877.478331017
        ],
        [
          5877.478052078,
          5877.481314317,
          0.0032623779999987335,
          5877.481531507
        ],
        [
          5877.478189058,
          5877.481433927,
          0.00324498800000228,
          5877.481703496
        ],
        [
          5877.481430377,
          5877.484555647,
          0.0031252690000016514,
          5877.484644246
        ],
        [
          5877.481603956,
          5877.484614817,
          0.003010858999999755,
          5877.484864676
        ],
        [
          5877.484659126,
          5877.487529388,
          0.0028704190000006236,
          5877.487721148
        ],
        [
          5877.484788476,
          5877.487670018,
          0.002881680000001552,
          5877.487854387
        ],
        [
          5877.487644518,
          5877.490905418,
          0.003261018999999976,
          5877.491054017
        ],
        [
          5877.487782357,
          5877.490907118,
          0.0031248380000015175,
          5877.491181637
        ],
        [
          5877.491035277,
          5877.494042097,
          0.0030067890000005093,
          5877.494234207
        ],
        [
          5877.491121726,
          5877.494375446,
          0.0032538590000008583,
          5877.494546035
        ],
        [
          5877.494152597,
          5877.497350477,
          0.0031978979999998103,
          5877.497535076
        ],
        [
          5877.494496095,
          5877.498110844,
          0.0036148870000012323,
          5877.498277094
        ],
        [
          5877.497459556,
          5877.500621387,
          0.003161929000000896,
          5877.500779056
        ],
        [
          5877.498240084,
          5877.501604693,
          0.003364518000001482,
          5877.501766372
        ],
        [
          5877.500720707,
          5877.503812636,
          0.0030919489999980954,
          5877.503967985
        ],
        [
          5877.501722072,
          5877.505176033,
          0.0034538570000002267,
          5877.505265952
        ],
        [
          5877.503914766,
          5877.507146475,
          0.003231749000001116,
          5877.507225875
        ],
        [
          5877.505286642,
          5877.508606661,
          0.003320087999998833,
          5877.508725581
        ],
        [
          5877.507245545,
          5877.510529665,
          0.003284117999999836,
          5877.510610715
        ],
        [
          5877.508709201,
          5877.511912951,
          0.003203817999999359,
          5877.51211749
        ],
        [
          5877.510629085,
          5877.513974444,
          0.003345387999999616,
          5877.514072933
        ],
        [
          5877.51203144,
          5877.51529306,
          0.0032615580000019406,
          5877.51538211
        ],
        [
          5877.514106924,
          5877.517033074,
          0.002926078999998083,
          5877.517160603
        ],
        [
          5877.5154318,
          5877.519098208,
          0.003667335999999466,
          5877.519184737
        ],
        [
          5877.517131263,
          5877.520188535,
          0.003057299000001734,
          5877.520263825
        ],
        [
          5877.519214537,
          5877.522059818,
          0.0028452300000019193,
          5877.522134968
        ],
        [
          5877.520283665,
          5877.523415904,
          0.003132299000000671,
          5877.523535054
        ],
        [
          5877.522170047,
          5877.525431208,
          0.003261228999999588,
          5877.525548897
        ],
        [
          5877.523516714,
          5877.526596684,
          0.003080079000000069,
          5877.526669413
        ],
        [
          5877.525534488,
          5877.528697567,
          0.003163309000001391,
          5877.528811967
        ],
        [
          5877.526693984,
          5877.529803414,
          0.0031094799999991096,
          5877.530009154
        ],
        [
          5877.528849167,
          5877.532275026,
          0.0034260580000022856,
          5877.532400075
        ],
        [
          5877.529932443,
          5877.532962124,
          0.0030297990000001107,
          5877.533055694
        ],
        [
          5877.532395085,
          5877.535496106,
          0.003100998999997273,
          5877.535664865
        ],
        [
          5877.533073084,
          5877.536299893,
          0.0032268379999997876,
          5877.536462822
        ],
        [
          5877.535615676,
          5877.538586286,
          0.0029705900000003282,
          5877.538726426
        ],
        [
          5877.536397893,
          5877.539633692,
          0.0032358590000001186,
          5877.539719302
        ],
        [
          5877.538701626,
          5877.542031225,
          0.0033295980000005443,
          5877.542126755
        ],
        [
          5877.539730642,
          5877.542875493,
          0.0031449079999994467,
          5877.542953942
        ],
        [
          5877.542150064,
          5877.545183706,
          0.003033778000002485,
          5877.545269665
        ],
        [
          5877.542975373,
          5877.546054203,
          0.003065969000001445,
          5877.546171252
        ],
        [
          5877.545306965,
          5877.548701314,
          0.0033944380000008323,
          5877.548789623
        ],
        [
          5877.546151662,
          5877.549321512,
          0.0031698579999996923,
          5877.549403092
        ],
        [
          5877.548817494,
          5877.551947544,
          0.00313018000000298,
          5877.552061353
        ],
        [
          5877.549417872,
          5877.552487483,
          0.003069658000001141,
          5877.552620392
        ],
        [
          5877.552080953,
          5877.555442973,
          0.0033621279999991316,
          5877.555530653
        ],
        [
          5877.552584952,
          5877.555795332,
          0.003210477999999739,
          5877.555905631
        ],
        [
          5877.555599602,
          5877.558745972,
          0.003146218999997785,
          5877.558846282
        ],
        [
          5877.555892631,
          5877.558994811,
          0.0031022689999993247,
          5877.559098781
        ],
        [
          5877.558870511,
          5877.561984712,
          0.0031143290000024137,
          5877.562095971
        ],
        [
          5877.559098531,
          5877.562389471,
          0.0032909279999984165,
          5877.562515591
        ],
        [
          5877.562116111,
          5877.565475021,
          0.0033590080000003297,
          5877.565629861
        ],
        [
          5877.562484151,
          5877.565462731,
          0.0029786099999995486,
          5877.5657271
        ],
        [
          5877.565563161,
          5877.569122949,
          0.0035598179999993818,
          5877.569253498
        ],
        [
          5877.56565213,
          5877.569039299,
          0.003387188000001373,
          5877.569365488
        ],
        [
          5877.569165139,
          5877.572441719,
          0.003276587999998526,
          5877.572694918
        ],
        [
          5877.569305009,
          5877.572519649,
          0.0032146679999982553,
          5877.572747888
        ],
        [
          5877.572557948,
          5877.576057037,
          0.003499127999997853,
          5877.576208696
        ],
        [
          5877.572665368,
          5877.576012008,
          0.0033465879999994286,
          5877.576265136
        ],
        [
          5877.576111497,
          5877.579500016,
          0.003388528000002111,
          5877.579705376
        ],
        [
          5877.576197816,
          5877.579470126,
          0.0032723390000022334,
          5877.579759456
        ],
        [
          5877.579583905,
          5877.582770086,
          0.003186269000000408,
          5877.582874766
        ],
        [
          5877.579649666,
          5877.583021526,
          0.003372297000002078,
          5877.583186915
        ],
        [
          5877.582893316,
          5877.586392024,
          0.0034989679999988255,
          5877.586486504
        ],
        [
          5877.583124995,
          5877.586229345,
          0.003104339000000067,
          5877.586604534
        ],
        [
          5877.586329195,
          5877.589623744,
          0.00329463799999985,
          5877.589773914
        ],
        [
          5877.586506944,
          5877.590055163,
          0.0035481569999973317,
          5877.590172373
        ],
        [
          5877.589723814,
          5877.593161693,
          0.0034378970000013,
          5877.593297033
        ],
        [
          5877.590163233,
          5877.593572772,
          0.0034094079999995586,
          5877.593701751
        ],
        [
          5877.593256713,
          5877.596567602,
          0.003310837999997318,
          5877.596666282
        ],
        [
          5877.593686372,
          5877.59703921,
          0.003352756999998263,
          5877.597157441
        ],
        [
          5877.596666331,
          5877.600044801,
          0.003378396999998756,
          5877.600142401
        ],
        [
          5877.597147941,
          5877.60044554,
          0.0032975480000025925,
          5877.60053352
        ],
        [
          5877.600139501,
          5877.604018168,
          0.003878656000001257,
          5877.604189378
        ],
        [
          5877.60055311,
          5877.604054958,
          0.0035020269999996856,
          5877.604341677
        ],
        [
          5877.604128488,
          5877.607698637,
          0.0035702469999989717,
          5877.607791217
        ],
        [
          5877.604260658,
          5877.607255849,
          0.0029951699999983816,
          5877.607858376
        ],
        [
          5877.607368498,
          5877.610493708,
          0.003125267999998016,
          5877.610591738
        ],
        [
          5877.607795587,
          5877.610917297,
          0.003121748000001645,
          5877.611061446
        ],
        [
          5877.610608918,
          5877.613772937,
          0.003164127999998101,
          5877.613859377
        ],
        [
          5877.611028826,
          5877.614724165,
          0.003695297000000153,
          5877.614884785
        ],
        [
          5877.613884427,
          5877.617412317,
          0.0035279169999995474,
          5877.617592376
        ],
        [
          5877.614823395,
          5877.618580622,
          0.003757285999999027,
          5877.618742792
        ],
        [
          5877.617521146,
          5877.620723926,
          0.003202808000001056,
          5877.620895065
        ],
        [
          5877.618676692,
          5877.621927931,
          0.0032512489999980687,
          5877.622065972
        ],
        [
          5877.620828015,
          5877.624197844,
          0.0033698480000019515,
          5877.624322194
        ],
        [
          5877.622047071,
          5877.625288301,
          0.0032412280000002625,
          5877.625401211
        ],
        [
          5877.624300274,
          5877.627650654,
          0.0033504180000001327,
          5877.627736984
        ],
        [
          5877.625381181,
          5877.628494781,
          0.0031135790000007546,
          5877.62857351
        ],
        [
          5877.627763293,
          5877.630996693,
          0.0032382989999995004,
          5877.631127893
        ],
        [
          5877.628587901,
          5877.63202876,
          0.0034408080000005725,
          5877.63214053
        ],
        [
          5877.631128682,
          5877.634552572,
          0.003424108000000814,
          5877.634636262
        ],
        [
          5877.63212225,
          5877.635544969,
          0.0034227579999992486,
          5877.635694098
        ],
        [
          5877.634664782,
          5877.6380868,
          0.003421918000000801,
          5877.63825752
        ],
        [
          5877.635637848,
          5877.639250227,
          0.0036124470000018505,
          5877.639405867
        ],
        [
          5877.638191451,
          5877.641668829,
          0.00347741699999915,
          5877.641798039
        ],
        [
          5877.639343567,
          5877.642606046,
          0.003262438000000145,
          5877.642720346
        ],
        [
          5877.641781268,
          5877.645414288,
          0.003632907000000074,
          5877.645525817
        ],
        [
          5877.642698216,
          5877.646304685,
          0.0036064580000001456,
          5877.646385594
        ],
        [
          5877.645528567,
          5877.649090825,
          0.003562397999999689,
          5877.649180185
        ],
        [
          5877.646460824,
          5877.650048943,
          0.003588026999999272,
          5877.650131162
        ],
        [
          5877.649207125,
          5877.652767324,
          0.0035604070000019306,
          5877.652888264
        ],
        [
          5877.650147842,
          5877.653723261,
          0.0035753280000001553,
          5877.65386187
        ],
        [
          5877.652877274,
          5877.656624441,
          0.0037485559999979046,
          5877.656772231
        ],
        [
          5877.65381447,
          5877.657084261,
          0.003269807999998875,
          5877.657238911
        ],
        [
          5877.656884972,
          5877.660817439,
          0.0039323749999979896,
          5877.660946268
        ],
        [
          5877.657181991,
          5877.661154047,
          0.003971985999999816,
          5877.661228637
        ],
        [
          5877.660986458,
          5877.664348318,
          0.003361968000000104,
          5877.664458777
        ],
        [
          5877.661248007,
          5877.664544867,
          0.0032968480000015177,
          5877.664629397
        ],
        [
          5877.664463177,
          5877.667650507,
          0.0031873979999978985,
          5877.667750937
        ]
      ]
    },
    {
      "round_index": 7,
      "map_setup_wall_s": 0.002419591999569093,
      "map_setup_parent_cpu_s": 0.0034383430000000104,
      "result_next_wall_s": 0.3010654549962055,
      "result_next_parent_cpu_s": 0.0212614140000007,
      "serial_result_processing_wall_s": 0.009601940992979507,
      "serial_result_processing_parent_cpu_s": 0.01101742000000061,
      "worker_placement_wall_sum_s": 0.6034858599978179,
      "worker_placement_cpu_sum_s": 0.6034710800000127,
      "worker_tasks": 181,
      "per_worker": {
        "20194": 93,
        "20197": 88
      },
      "task_intervals": [
        [
          5878.02024925,
          5878.021101687,
          0.0008518070000000932,
          5878.022037534
        ],
        [
          5878.020423179,
          5878.024234787,
          0.003811226999999917,
          5878.024340776
        ],
        [
          5878.021242286,
          5878.024532986,
          0.0032907970000017883,
          5878.024656575
        ],
        [
          5878.024365156,
          5878.027514287,
          0.003149219000000869,
          5878.027671257
        ],
        [
          5878.024646005,
          5878.027763076,
          0.0031170389999992665,
          5878.027905465
        ],
        [
          5878.027640606,
          5878.031218525,
          0.0035780380000005607,
          5878.031432594
        ],
        [
          5878.027865296,
          5878.031265545,
          0.0034002770000007843,
          5878.031461544
        ],
        [
          5878.031347034,
          5878.034710913,
          0.0033639980000010894,
          5878.034857522
        ],
        [
          5878.031498313,
          5878.035040123,
          0.0035417879999997126,
          5878.035190702
        ],
        [
          5878.034823853,
          5878.038697661,
          0.003873825999999525,
          5878.038816141
        ],
        [
          5878.035155042,
          5878.038351092,
          0.003196148000000676,
          5878.038840161
        ],
        [
          5878.038455612,
          5878.041771121,
          0.0033155479999997794,
          5878.0418515
        ],
        [
          5878.03881235,
          5878.042420258,
          0.003607906999999244,
          5878.04252095
        ],
        [
          5878.04187732,
          5878.046181797,
          0.004304613999998708,
          5878.046265987
        ],
        [
          5878.042536509,
          5878.045960368,
          0.0034239079999984767,
          5878.046350266
        ],
        [
          5878.046093598,
          5878.049708995,
          0.0036155180000001508,
          5878.049795646
        ],
        [
          5878.046283837,
          5878.049558256,
          0.003274558000001093,
          5878.049878195
        ],
        [
          5878.049658916,
          5878.053022256,
          0.003363398000001183,
          5878.053155765
        ],
        [
          5878.049822605,
          5878.053650474,
          0.0038279860000010046,
          5878.053774573
        ],
        [
          5878.053124336,
          5878.056637064,
          0.003512836999998825,
          5878.056758053
        ],
        [
          5878.053841493,
          5878.05779979,
          0.003958194999999165,
          5878.05792053
        ],
        [
          5878.056744653,
          5878.059860563,
          0.00311594900000145,
          5878.059982334
        ],
        [
          5878.05792529,
          5878.06109681,
          0.00317157899999998,
          5878.06122983
        ],
        [
          5878.059960374,
          5878.063273743,
          0.0033134680000017624,
          5878.063393803
        ],
        [
          5878.06121059,
          5878.064541059,
          0.0033303790000012157,
          5878.064626279
        ],
        [
          5878.063372073,
          5878.066850852,
          0.003470367000002028,
          5878.066967971
        ],
        [
          5878.064656408,
          5878.068063318,
          0.0034007780000031573,
          5878.068202708
        ],
        [
          5878.066950001,
          5878.070323131,
          0.0033731979999984674,
          5878.07045137
        ],
        [
          5878.068184288,
          5878.071379267,
          0.0031949080000011065,
          5878.071500607
        ],
        [
          5878.070429561,
          5878.07362433,
          0.0031948489999997776,
          5878.07375277
        ],
        [
          5878.071489777,
          5878.074831427,
          0.0033415279999999825,
          5878.074953276
        ],
        [
          5878.07373247,
          5878.077169028,
          0.0034365770000022167,
          5878.077312988
        ],
        [
          5878.074941796,
          5878.078159346,
          0.0032173789999987434,
          5878.078285256
        ],
        [
          5878.077272548,
          5878.080562529,
          0.0032901080000016236,
          5878.080678308
        ],
        [
          5878.078266885,
          5878.081483675,
          0.0032167379999989976,
          5878.081602174
        ],
        [
          5878.080660178,
          5878.084085597,
          0.0034255180000002383,
          5878.084224906
        ],
        [
          5878.081591594,
          5878.084953304,
          0.00336154800000088,
          5878.085058204
        ],
        [
          5878.084186386,
          5878.087279936,
          0.003093658000000943,
          5878.087395167
        ],
        [
          5878.085087804,
          5878.088362244,
          0.0032745280000021637,
          5878.088481083
        ],
        [
          5878.087377157,
          5878.090522197,
          0.0031450389999996275,
          5878.090636526
        ],
        [
          5878.088471123,
          5878.091689162,
          0.0032178790000010338,
          5878.091807462
        ],
        [
          5878.090619677,
          5878.093739916,
          0.0031202690000000644,
          5878.093851486
        ],
        [
          5878.091798262,
          5878.095327791,
          0.0035294070000020383,
          5878.095442202
        ],
        [
          5878.093837046,
          5878.096984156,
          0.0031471889999998837,
          5878.097106705
        ],
        [
          5878.095438471,
          5878.09869172,
          0.003253116999999861,
          5878.09880811
        ],
        [
          5878.097089125,
          5878.100260766,
          0.0031716790000011486,
          5878.100378335
        ],
        [
          5878.098798831,
          5878.10222056,
          0.003421597999999193,
          5878.102343229
        ],
        [
          5878.100366386,
          5878.103626425,
          0.003260058000002175,
          5878.103744895
        ],
        [
          5878.10233538,
          5878.105819698,
          0.0034842779999983975,
          5878.105944538
        ],
        [
          5878.103728104,
          5878.107068664,
          0.0033406490000018607,
          5878.107181684
        ],
        [
          5878.105930798,
          5878.109137787,
          0.0032069279999973332,
          5878.109258807
        ],
        [
          5878.107166093,
          5878.110421844,
          0.003255829000000432,
          5878.110532334
        ],
        [
          5878.109247457,
          5878.112482428,
          0.003234829000000161,
          5878.112592027
        ],
        [
          5878.110516834,
          5878.113664083,
          0.0031473489999989113,
          5878.113775903
        ],
        [
          5878.112596627,
          5878.116203345,
          0.003606776999998118,
          5878.116298055
        ],
        [
          5878.113758523,
          5878.117107832,
          0.003349278000001732,
          5878.117222793
        ],
        [
          5878.116319124,
          5878.119750405,
          0.0034314480000006142,
          5878.119867444
        ],
        [
          5878.117206813,
          5878.120471842,
          0.0032651689999987354,
          5878.120561042
        ],
        [
          5878.119859444,
          5878.123327362,
          0.003467857000000407,
          5878.123452182
        ],
        [
          5878.120571271,
          5878.12413064,
          0.0035594779999996717,
          5878.12424501
        ],
        [
          5878.123438182,
          5878.127204701,
          0.003766476999999213,
          5878.12730247
        ],
        [
          5878.124225299,
          5878.12746508,
          0.003239948000000936,
          5878.12759188
        ],
        [
          5878.12732821,
          5878.13054039,
          0.003212098999998858,
          5878.13069961
        ],
        [
          5878.127560629,
          5878.13062841,
          0.0030679089999985365,
          5878.130879089
        ],
        [
          5878.13065037,
          5878.134269407,
          0.0036205359999996745,
          5878.134404097
        ],
        [
          5878.130733179,
          5878.133946249,
          0.003213228999999984,
          5878.134559626
        ],
        [
          5878.134091848,
          5878.137208489,
          0.003113589000001582,
          5878.137338629
        ],
        [
          5878.134389517,
          5878.137671557,
          0.003281908000001721,
          5878.137759947
        ],
        [
          5878.137318069,
          5878.140602278,
          0.003284217999997452,
          5878.140724078
        ],
        [
          5878.137793147,
          5878.141194956,
          0.0034017280000000483,
          5878.141316985
        ],
        [
          5878.140707467,
          5878.144100627,
          0.0033931680000023334,
          5878.144208176
        ],
        [
          5878.141303305,
          5878.144563566,
          0.0032600880000011045,
          5878.144669615
        ],
        [
          5878.144202716,
          5878.147440566,
          0.003237858000002092,
          5878.147547436
        ],
        [
          5878.144677066,
          5878.147820415,
          0.0031432679999987556,
          5878.147925625
        ],
        [
          5878.147543576,
          5878.150887175,
          0.003343617999998827,
          5878.151016445
        ],
        [
          5878.147932645,
          5878.151352273,
          0.0034196780000002036,
          5878.151457923
        ],
        [
          5878.150988115,
          5878.154259834,
          0.003271697999998935,
          5878.154364524
        ],
        [
          5878.151477283,
          5878.154925163,
          0.003447878000002902,
          5878.155039942
        ],
        [
          5878.154361114,
          5878.157618774,
          0.0032576579999989974,
          5878.157733564
        ],
        [
          5878.155060513,
          5878.158306372,
          0.003245969000001736,
          5878.158388411
        ],
        [
          5878.157713504,
          5878.160942214,
          0.0032288390000019263,
          5878.161034733
        ],
        [
          5878.158417682,
          5878.161663841,
          0.0032462090000002775,
          5878.161758791
        ],
        [
          5878.161039113,
          5878.164518023,
          0.003478926999999743,
          5878.164630262
        ],
        [
          5878.16178738,
          5878.164974851,
          0.003187447999998483,
          5878.165084541
        ],
        [
          5878.164621862,
          5878.167841732,
          0.003220127999998823,
          5878.167948221
        ],
        [
          5878.16511245,
          5878.168515519,
          0.003403108000000543,
          5878.168649209
        ],
        [
          5878.167943781,
          5878.171222341,
          0.0032785769999996717,
          5878.17133488
        ],
        [
          5878.168621179,
          5878.171744569,
          0.00312327899999687,
          5878.17185226
        ],
        [
          5878.171321141,
          5878.174543751,
          0.0032226689999994562,
          5878.17465012
        ],
        [
          5878.171852769,
          5878.175130669,
          0.0032777280000004794,
          5878.175261468
        ],
        [
          5878.174639031,
          5878.1780377,
          0.0033986279999993485,
          5878.178187099
        ],
        [
          5878.175244288,
          5878.178576318,
          0.003331978000002067,
          5878.178680227
        ],
        [
          5878.178134139,
          5878.181439638,
          0.003305618000002397,
          5878.181541758
        ],
        [
          5878.178682537,
          5878.181956517,
          0.0032739990000010266,
          5878.182100737
        ],
        [
          5878.181535078,
          5878.184592269,
          0.0030572189999986676,
          5878.184707979
        ],
        [
          5878.182080347,
          5878.185463896,
          0.003383417999998528,
          5878.185580185
        ],
        [
          5878.184686988,
          5878.188100728,
          0.003413679000001224,
          5878.188221947
        ],
        [
          5878.185577456,
          5878.188658506,
          0.00308084899999983,
          5878.188778685
        ],
        [
          5878.188202107,
          5878.191668936,
          0.0034668569999993792,
          5878.191773446
        ],
        [
          5878.188764355,
          5878.192318644,
          0.0035542169999978057,
          5878.192426144
        ],
        [
          5878.191770956,
          5878.195220085,
          0.003449087999999989,
          5878.195333365
        ],
        [
          5878.192422774,
          5878.195543614,
          0.0031206689999976334,
          5878.195619333
        ],
        [
          5878.195315654,
          5878.198321555,
          0.0030058900000007327,
          5878.198431175
        ],
        [
          5878.195649633,
          5878.198778953,
          0.003129318999999242,
          5878.198878253
        ],
        [
          5878.198424095,
          5878.201507685,
          0.003083829000001259,
          5878.201644494
        ],
        [
          5878.198900803,
          5878.201942244,
          0.0030414689999993527,
          5878.202074604
        ],
        [
          5878.201613024,
          5878.205089514,
          0.0034765969999988044,
          5878.205292033
        ],
        [
          5878.202053513,
          5878.205325653,
          0.0032720079999997154,
          5878.205481762
        ],
        [
          5878.205193654,
          5878.208304473,
          0.003110818999999765,
          5878.208410643
        ],
        [
          5878.205435622,
          5878.20910615,
          0.00367049799999819,
          5878.20921842
        ],
        [
          5878.208400783,
          5878.211457743,
          0.003056959000002024,
          5878.211544262
        ],
        [
          5878.20922051,
          5878.21249162,
          0.0032701680000002398,
          5878.21257327
        ],
        [
          5878.211552693,
          5878.214593724,
          0.0030411289999996427,
          5878.214703264
        ],
        [
          5878.21260159,
          5878.215962349,
          0.003360797999999221,
          5878.216065199
        ],
        [
          5878.214688773,
          5878.218635571,
          0.003946814999999049,
          5878.21873281
        ],
        [
          5878.216088319,
          5878.219054759,
          0.002966230000001957,
          5878.219141898
        ],
        [
          5878.21873183,
          5878.22205659,
          0.0033247379999998827,
          5878.222160489
        ],
        [
          5878.21916385,
          5878.222905827,
          0.003741825999998838,
          5878.224130263
        ],
        [
          5878.2221524,
          5878.225914197,
          0.003761987000000744,
          5878.226078367
        ],
        [
          5878.223032797,
          5878.226454786,
          0.0034225369999987265,
          5878.226598736
        ],
        [
          5878.226030487,
          5878.229278678,
          0.003248159000001749,
          5878.229460566
        ],
        [
          5878.226617836,
          5878.230047864,
          0.0034298379999988526,
          5878.230126534
        ],
        [
          5878.229383367,
          5878.232799706,
          0.0034164170000003935,
          5878.232912966
        ],
        [
          5878.230154084,
          5878.233689683,
          0.0035356369999988146,
          5878.233883892
        ],
        [
          5878.232893446,
          5878.236109575,
          0.003216268000002742,
          5878.236226175
        ],
        [
          5878.233808992,
          5878.236789094,
          0.002980119000000059,
          5878.236878303
        ],
        [
          5878.236218515,
          5878.239464045,
          0.0032455879999986337,
          5878.239667834
        ],
        [
          5878.236912703,
          5878.24079792,
          0.0038854659999998375,
          5878.24101006
        ],
        [
          5878.239579954,
          5878.242895914,
          0.003316028000000415,
          5878.243177193
        ],
        [
          5878.2409321,
          5878.244952177,
          0.004019886000001804,
          5878.245132587
        ],
        [
          5878.243011273,
          5878.246261863,
          0.0032505880000002207,
          5878.246427912
        ],
        [
          5878.245085137,
          5878.248461106,
          0.003375978000001112,
          5878.248628775
        ],
        [
          5878.246355123,
          5878.249543873,
          0.0031888090000009583,
          5878.249706553
        ],
        [
          5878.248585145,
          5878.251659007,
          0.0030738690000013946,
          5878.251827786
        ],
        [
          5878.249636582,
          5878.252686943,
          0.0030504200000009973,
          5878.252847952
        ],
        [
          5878.251772166,
          5878.255061445,
          0.003289198000000937,
          5878.255236215
        ],
        [
          5878.252779292,
          5878.256122021,
          0.0033427770000002965,
          5878.256280361
        ],
        [
          5878.255178405,
          5878.258392105,
          0.003213628000001023,
          5878.258554984
        ],
        [
          5878.256214201,
          5878.259458662,
          0.0032445279999997467,
          5878.259615601
        ],
        [
          5878.258512354,
          5878.261629684,
          0.0031172290000007763,
          5878.261802644
        ],
        [
          5878.259550161,
          5878.262737651,
          0.003187489000001875,
          5878.26289413
        ],
        [
          5878.261739924,
          5878.265071593,
          0.003331588000001773,
          5878.265207283
        ],
        [
          5878.262829491,
          5878.26605631,
          0.003226859000001525,
          5878.266216689
        ],
        [
          5878.265190783,
          5878.268766701,
          0.003575827000002363,
          5878.268904432
        ],
        [
          5878.266149529,
          5878.269276091,
          0.003126689000001903,
          5878.2694189
        ],
        [
          5878.268880822,
          5878.272574609,
          0.0036936859999983085,
          5878.272714809
        ],
        [
          5878.26937537,
          5878.272567909,
          0.003192578000000168,
          5878.272797239
        ],
        [
          5878.272672509,
          5878.27575811,
          0.003085679999998092,
          5878.275883939
        ],
        [
          5878.272859528,
          5878.276255497,
          0.0033959569999986172,
          5878.276434308
        ],
        [
          5878.275856539,
          5878.279389768,
          0.003533267000001672,
          5878.279541968
        ],
        [
          5878.276370548,
          5878.279951617,
          0.003581096999997868,
          5878.280118956
        ],
        [
          5878.279483998,
          5878.282490568,
          0.0030066389999987564,
          5878.282645548
        ],
        [
          5878.280077306,
          5878.283286995,
          0.003209758999997092,
          5878.283444005
        ],
        [
          5878.282582568,
          5878.285643958,
          0.0030615290000000073,
          5878.285796638
        ],
        [
          5878.283407245,
          5878.286833544,
          0.003426286999999917,
          5878.287009644
        ],
        [
          5878.285736607,
          5878.288720278,
          0.0029836599999981672,
          5878.288882649
        ],
        [
          5878.286942504,
          5878.290382843,
          0.003440327999999937,
          5878.290544963
        ],
        [
          5878.288811429,
          5878.291973608,
          0.0031622399999982065,
          5878.292153187
        ],
        [
          5878.290491603,
          5878.293557102,
          0.003065480000000065,
          5878.293717012
        ],
        [
          5878.292085548,
          5878.295529267,
          0.0034436780000000056,
          5878.295682806
        ],
        [
          5878.293667753,
          5878.297105202,
          0.003437387999998265,
          5878.297263171
        ],
        [
          5878.295622607,
          5878.298804757,
          0.0031821789999995076,
          5878.298958837
        ],
        [
          5878.297226951,
          5878.300236422,
          0.0030094289999986756,
          5878.300408551
        ],
        [
          5878.298899097,
          5878.302272355,
          0.003373476999996683,
          5878.302441185
        ],
        [
          5878.300343541,
          5878.303559661,
          0.0032160389999980055,
          5878.303722082
        ],
        [
          5878.302371755,
          5878.305628695,
          0.0032570089999985896,
          5878.305784324
        ],
        [
          5878.303668541,
          5878.306887891,
          0.003219277999999548,
          5878.30706182
        ],
        [
          5878.305724314,
          5878.308923615,
          0.0031994389999994155,
          5878.309059865
        ],
        [
          5878.307024371,
          5878.311539926,
          0.00451586399999826,
          5878.311686566
        ],
        [
          5878.309029005,
          5878.312250414,
          0.003221499000002126,
          5878.312369223
        ],
        [
          5878.311713966,
          5878.316423661,
          0.004709813000001617,
          5878.31654335
        ],
        [
          5878.312346723,
          5878.315668372,
          0.003321737000000269,
          5878.31657975
        ],
        [
          5878.315767983,
          5878.319028653,
          0.003260667999999356,
          5878.319135062
        ],
        [
          5878.316541961,
          5878.320373838,
          0.003831996999998921,
          5878.320451397
        ],
        [
          5878.319131122,
          5878.322595451,
          0.00346440699999917,
          5878.322667561
        ],
        [
          5878.320486937,
          5878.323937597,
          0.0034505570000007424,
          5878.324025117
        ],
        [
          5878.322724501,
          5878.32589136,
          0.003166909000000828,
          5878.3259632
        ],
        [
          5878.324100286,
          5878.327438255,
          0.003337956999999392,
          5878.327515915
        ],
        [
          5878.32602114,
          5878.329031851,
          0.0030106590000009703,
          5878.329101361
        ],
        [
          5878.327568585,
          5878.331159355,
          0.0035908280000001014,
          5878.331236734
        ],
        [
          5878.329143181,
          5878.333039288,
          0.003896137000001687,
          5878.333108448
        ]
      ]
    },
    {
      "round_index": 8,
      "map_setup_wall_s": 0.0024525720000383444,
      "map_setup_parent_cpu_s": 0.0033842649999997754,
      "result_next_wall_s": 0.2696534680053446,
      "result_next_parent_cpu_s": 0.021913428000003954,
      "serial_result_processing_wall_s": 0.007101346003764775,
      "serial_result_processing_parent_cpu_s": 0.009823826000001645,
      "worker_placement_wall_sum_s": 0.5289306150034463,
      "worker_placement_cpu_sum_s": 0.5289330879999987,
      "worker_tasks": 181,
      "per_worker": {
        "20197": 90,
        "20194": 91
      },
      "task_intervals": [
        [
          5878.697535193,
          5878.698631269,
          0.0010960660000023381,
          5878.698790278
        ],
        [
          5878.697728332,
          5878.701105141,
          0.0033761980000015512,
          5878.701243521
        ],
        [
          5878.698878088,
          5878.701805128,
          0.0029269300000009935,
          5878.701895748
        ],
        [
          5878.701286961,
          5878.703846902,
          0.0025600200000006623,
          5878.703989832
        ],
        [
          5878.701921318,
          5878.704935959,
          0.0030149099999974283,
          5878.705050209
        ],
        [
          5878.703954002,
          5878.706702673,
          0.0027486699999990094,
          5878.706781683
        ],
        [
          5878.705065209,
          5878.708085639,
          0.003020508999998839,
          5878.708213279
        ],
        [
          5878.706803613,
          5878.709414785,
          0.002611259999998339,
          5878.709493735
        ],
        [
          5878.708201689,
          5878.711143099,
          0.002941499000002068,
          5878.711223399
        ],
        [
          5878.709528505,
          5878.712630545,
          0.0031021789999989835,
          5878.712725914
        ],
        [
          5878.711263709,
          5878.71430724,
          0.0030435289999992676,
          5878.71442948
        ],
        [
          5878.712741965,
          5878.715916555,
          0.0031746000000012486,
          5878.715997384
        ],
        [
          5878.714417929,
          5878.717740169,
          0.0033222889999997562,
          5878.717856198
        ],
        [
          5878.716084903,
          5878.719392664,
          0.0033077390000002538,
          5878.719465473
        ],
        [
          5878.717851678,
          5878.721266857,
          0.0034151880000017343,
          5878.721387906
        ],
        [
          5878.719491873,
          5878.722672183,
          0.0031804489999984753,
          5878.722743443
        ],
        [
          5878.721384157,
          5878.724594357,
          0.003210288000001782,
          5878.724669627
        ],
        [
          5878.722778653,
          5878.725903772,
          0.003125188999998585,
          5878.725973603
        ],
        [
          5878.724702637,
          5878.727960896,
          0.0032584179999979312,
          5878.728058726
        ],
        [
          5878.726014802,
          5878.729084272,
          0.0030695490000027803,
          5878.729153612
        ],
        [
          5878.728103886,
          5878.731304126,
          0.003200559000003267,
          5878.731379035
        ],
        [
          5878.729196782,
          5878.732083273,
          0.0028865489999994054,
          5878.732158043
        ],
        [
          5878.731436095,
          5878.734463126,
          0.0030270489999999484,
          5878.734605256
        ],
        [
          5878.732205973,
          5878.734968404,
          0.0027625799999988487,
          5878.735053294
        ],
        [
          5878.734586696,
          5878.737866785,
          0.0032798780000007355,
          5878.737996885
        ],
        [
          5878.735083604,
          5878.737851375,
          0.0027677900000000477,
          5878.738087054
        ],
        [
          5878.737953625,
          5878.740787396,
          0.002833869999999905,
          5878.740919345
        ],
        [
          5878.738051294,
          5878.741289414,
          0.0032379179999999508,
          5878.741435603
        ],
        [
          5878.740882735,
          5878.743461327,
          0.002578621000001391,
          5878.743563967
        ],
        [
          5878.741407953,
          5878.744554824,
          0.0031469289999996874,
          5878.744671353
        ],
        [
          5878.743564736,
          5878.746534947,
          0.0029702890000002924,
          5878.746607577
        ],
        [
          5878.744668204,
          5878.747825814,
          0.0031577089999998975,
          5878.747900833
        ],
        [
          5878.746632518,
          5878.749664078,
          0.003031660000001324,
          5878.749733297
        ],
        [
          5878.747945953,
          5878.751248352,
          0.003302487999999215,
          5878.751355691
        ],
        [
          5878.749760977,
          5878.752780887,
          0.0030199690000003443,
          5878.752882007
        ],
        [
          5878.751361202,
          5878.754269123,
          0.0029079699999989828,
          5878.754375243
        ],
        [
          5878.752882227,
          5878.755904117,
          0.0030220089999986044,
          5878.755972757
        ],
        [
          5878.754380993,
          5878.757512912,
          0.0031315579999997567,
          5878.757589803
        ],
        [
          5878.756015887,
          5878.758580799,
          0.002565030999999607,
          5878.758685848
        ],
        [
          5878.757631952,
          5878.760637462,
          0.0030055999999980543,
          5878.760711953
        ],
        [
          5878.758676968,
          5878.76162353,
          0.0029466489999983025,
          5878.761783919
        ],
        [
          5878.760751522,
          5878.764301702,
          0.003550487999998353,
          5878.764511441
        ],
        [
          5878.76172039,
          5878.764497471,
          0.002777071000000575,
          5878.76464969
        ],
        [
          5878.764506081,
          5878.767323801,
          0.002817730000000296,
          5878.767518791
        ],
        [
          5878.764601341,
          5878.767578561,
          0.0029772690000022806,
          5878.76772602
        ],
        [
          5878.767450611,
          5878.770283902,
          0.002833230000000242,
          5878.770465851
        ],
        [
          5878.76767632,
          5878.770394722,
          0.002718421000000859,
          5878.770622881
        ],
        [
          5878.770416702,
          5878.773312293,
          0.0028951100000007557,
          5878.773492321
        ],
        [
          5878.770530711,
          5878.773345702,
          0.002815080000001302,
          5878.773629521
        ],
        [
          5878.773432212,
          5878.776295863,
          0.002863559000001459,
          5878.776475862
        ],
        [
          5878.773554872,
          5878.776483612,
          0.002928798999999316,
          5878.776632652
        ],
        [
          5878.776420512,
          5878.779336964,
          0.002916500000001321,
          5878.779535933
        ],
        [
          5878.776577443,
          5878.779437514,
          0.0028601809999990735,
          5878.779700133
        ],
        [
          5878.779470903,
          5878.782653623,
          0.003182679000001798,
          5878.782818183
        ],
        [
          5878.779601543,
          5878.782405454,
          0.0028040099999984136,
          5878.782853332
        ],
        [
          5878.782506364,
          5878.785360844,
          0.0028545390000012105,
          5878.785532703
        ],
        [
          5878.782770663,
          5878.785692813,
          0.00292218899999952,
          5878.785856442
        ],
        [
          5878.785466054,
          5878.788377805,
          0.002911838999999361,
          5878.788545344
        ],
        [
          5878.785806213,
          5878.788752773,
          0.0029464999999966324,
          5878.788914364
        ],
        [
          5878.788478484,
          5878.791139596,
          0.002661151000001638,
          5878.791310475
        ],
        [
          5878.788865213,
          5878.792061503,
          0.0031962089999986176,
          5878.792217533
        ],
        [
          5878.791238345,
          5878.793896188,
          0.0026578010000015695,
          5878.794058857
        ],
        [
          5878.792184453,
          5878.794932364,
          0.0027478899999984208,
          5878.795082393
        ],
        [
          5878.794009948,
          5878.79649842,
          0.0024885220000001596,
          5878.796650139
        ],
        [
          5878.795102704,
          5878.798332843,
          0.003229848000000146,
          5878.798515162
        ],
        [
          5878.796593379,
          5878.799208811,
          0.0026155509999981064,
          5878.79936983
        ],
        [
          5878.798454333,
          5878.801039784,
          0.0025853799999993043,
          5878.801210264
        ],
        [
          5878.79930334,
          5878.801933952,
          0.0026306900000001576,
          5878.802140691
        ],
        [
          5878.801170994,
          5878.803902905,
          0.002731859999997255,
          5878.804102865
        ],
        [
          5878.802048242,
          5878.805062022,
          0.003013700000000341,
          5878.805236532
        ],
        [
          5878.804048436,
          5878.806773097,
          0.002724620999998706,
          5878.806950746
        ],
        [
          5878.805162092,
          5878.807956143,
          0.0027940299999968943,
          5878.808135082
        ],
        [
          5878.806885307,
          5878.809593987,
          0.002708960999999732,
          5878.809760757
        ],
        [
          5878.808067232,
          5878.810686944,
          0.002619721000002073,
          5878.810843863
        ],
        [
          5878.809705167,
          5878.812666697,
          0.0029613180000005457,
          5878.812830947
        ],
        [
          5878.810780154,
          5878.813574945,
          0.0027948299999991377,
          5878.813746184
        ],
        [
          5878.812789268,
          5878.815467159,
          0.002677818999998749,
          5878.815631428
        ],
        [
          5878.813673374,
          5878.816297257,
          0.002623900999999762,
          5878.816456446
        ],
        [
          5878.815578088,
          5878.818336059,
          0.002757969999997556,
          5878.818502989
        ],
        [
          5878.816389786,
          5878.819112097,
          0.0027223409999983517,
          5878.819266917
        ],
        [
          5878.818447719,
          5878.82111787,
          0.0026700999999995645,
          5878.821279081
        ],
        [
          5878.819204037,
          5878.821769129,
          0.0025651310000007754,
          5878.821908939
        ],
        [
          5878.821238821,
          5878.824026852,
          0.0027879199999993887,
          5878.824222001
        ],
        [
          5878.821858719,
          5878.82477833,
          0.0029196799999979817,
          5878.824938009
        ],
        [
          5878.824153141,
          5878.827099482,
          0.002946219999998334,
          5878.827269902
        ],
        [
          5878.824883779,
          5878.82776723,
          0.0028835200000010275,
          5878.8279152
        ],
        [
          5878.827212462,
          5878.829931253,
          0.0027188000000002432,
          5878.830130213
        ],
        [
          5878.82785996,
          5878.830638891,
          0.002778961000000635,
          5878.83080055
        ],
        [
          5878.830052542,
          5878.832772634,
          0.0027202099999996676,
          5878.832955044
        ],
        [
          5878.83073394,
          5878.833385122,
          0.002651189999998138,
          5878.833539381
        ],
        [
          5878.832902393,
          5878.835478495,
          0.0025760499999982756,
          5878.835642904
        ],
        [
          5878.833483071,
          5878.836095153,
          0.002612141000000179,
          5878.836210934
        ],
        [
          5878.835588545,
          5878.838062437,
          0.0024738510000013036,
          5878.838227476
        ],
        [
          5878.836186362,
          5878.838654405,
          0.0024681009999980574,
          5878.838791995
        ],
        [
          5878.838170007,
          5878.840703808,
          0.00253383100000093,
          5878.840864528
        ],
        [
          5878.838745106,
          5878.841411897,
          0.002666860999998022,
          5878.841568637
        ],
        [
          5878.840824808,
          5878.84370907,
          0.0028842400000002044,
          5878.84387099
        ],
        [
          5878.841503297,
          5878.844263728,
          0.0027604900000000043,
          5878.844406788
        ],
        [
          5878.84382019,
          5878.846466381,
          0.002646220000002586,
          5878.846626581
        ],
        [
          5878.844363208,
          5878.847133408,
          0.0027701899999996726,
          5878.847275378
        ],
        [
          5878.846573241,
          5878.849171782,
          0.0025985710000000495,
          5878.849331782
        ],
        [
          5878.847224899,
          5878.84979606,
          0.0025711709999995946,
          5878.849933299
        ],
        [
          5878.849279782,
          5878.851859364,
          0.0025795909999999367,
          5878.852035123
        ],
        [
          5878.84988609,
          5878.852540571,
          0.002654470999999603,
          5878.852708721
        ],
        [
          5878.851983053,
          5878.854815384,
          0.0028321990000002017,
          5878.854972503
        ],
        [
          5878.852641531,
          5878.855330802,
          0.0026893000000001166,
          5878.855472082
        ],
        [
          5878.854922704,
          5878.857844254,
          0.0029216000000005238,
          5878.858025064
        ],
        [
          5878.855421672,
          5878.858110193,
          0.002688519999999528,
          5878.858263803
        ],
        [
          5878.857953334,
          5878.860753175,
          0.0027998900000021365,
          5878.860913935
        ],
        [
          5878.858197933,
          5878.861067564,
          0.002869709999998804,
          5878.861225604
        ],
        [
          5878.860871764,
          5878.863814366,
          0.0029426390000004687,
          5878.863973986
        ],
        [
          5878.861162703,
          5878.864043895,
          0.0028811399999995047,
          5878.864191974
        ],
        [
          5878.863922206,
          5878.866909006,
          0.002986799000002094,
          5878.868078162
        ],
        [
          5878.864143615,
          5878.867113416,
          0.0029698789999983433,
          5878.868337081
        ],
        [
          5878.867032996,
          5878.869765597,
          0.0027326399999978435,
          5878.869955226
        ],
        [
          5878.868303251,
          5878.87205128,
          0.0037478369999988104,
          5878.872230679
        ],
        [
          5878.869877696,
          5878.873041166,
          0.003163399000001732,
          5878.873148336
        ],
        [
          5878.872173999,
          5878.87518151,
          0.0030076490000006117,
          5878.875259429
        ],
        [
          5878.873140756,
          5878.875931347,
          0.0027907300000009627,
          5878.876011256
        ],
        [
          5878.875307259,
          5878.878426509,
          0.00311938900000186,
          5878.878500489
        ],
        [
          5878.876044577,
          5878.879069847,
          0.0030252690000018845,
          5878.879143298
        ],
        [
          5878.8785268,
          5878.88151341,
          0.0029866699999985258,
          5878.88158435
        ],
        [
          5878.879163657,
          5878.881780629,
          0.0026171509999990406,
          5878.881881038
        ],
        [
          5878.881611099,
          5878.884877049,
          0.003266479000000544,
          5878.885032048
        ],
        [
          5878.881875849,
          5878.884747389,
          0.0028715500000018324,
          5878.885120568
        ],
        [
          5878.884862019,
          5878.888019778,
          0.0031576189999995563,
          5878.888210538
        ],
        [
          5878.885066878,
          5878.888243188,
          0.003175959000000006,
          5878.888348788
        ],
        [
          5878.888135898,
          5878.891157189,
          0.003021259000000498,
          5878.891347899
        ],
        [
          5878.888403427,
          5878.891338479,
          0.0029350900000011393,
          5878.891494498
        ],
        [
          5878.891277399,
          5878.894276259,
          0.0029988389999999754,
          5878.894480338
        ],
        [
          5878.891438419,
          5878.894246139,
          0.002807779000001176,
          5878.894523578
        ],
        [
          5878.894340749,
          5878.897229029,
          0.002888340000001932,
          5878.897393189
        ],
        [
          5878.894474778,
          5878.897562559,
          0.003087778000001151,
          5878.897726988
        ],
        [
          5878.89732912,
          5878.900487149,
          0.003158118000001764,
          5878.900870568
        ],
        [
          5878.897679728,
          5878.900630369,
          0.0029505699999994306,
          5878.900940337
        ],
        [
          5878.900601658,
          5878.903732549,
          0.0031308979999984388,
          5878.903900909
        ],
        [
          5878.900798028,
          5878.90356851,
          0.0027705100000012806,
          5878.903942799
        ],
        [
          5878.903694029,
          5878.9065592,
          0.0028651899999978525,
          5878.90669625
        ],
        [
          5878.903829609,
          5878.906952849,
          0.003123279000000423,
          5878.907144389
        ],
        [
          5878.90667353,
          5878.909886529,
          0.0032129789999970626,
          5878.910192839
        ],
        [
          5878.907063038,
          5878.909896489,
          0.0028334610000015914,
          5878.910216739
        ],
        [
          5878.910023699,
          5878.913224198,
          0.0032004479999976354,
          5878.913388629
        ],
        [
          5878.910155308,
          5878.912941479,
          0.002786210000000011,
          5878.913411809
        ],
        [
          5878.91303347,
          5878.915832402,
          0.0027990009999996346,
          5878.916032741
        ],
        [
          5878.913337309,
          5878.91632746,
          0.002990179999997622,
          5878.916506139
        ],
        [
          5878.915923851,
          5878.918743032,
          0.0028192100000019593,
          5878.918891912
        ],
        [
          5878.916453549,
          5878.919445079,
          0.0029915490000007594,
          5878.919618119
        ],
        [
          5878.918841281,
          5878.921906111,
          0.0030648400000004017,
          5878.922068171
        ],
        [
          5878.919563569,
          5878.92249916,
          0.0029356590000020333,
          5878.922664629
        ],
        [
          5878.922011441,
          5878.925141751,
          0.003130398999999784,
          5878.92531218
        ],
        [
          5878.922611469,
          5878.925684369,
          0.0030728690000003667,
          5878.92584473
        ],
        [
          5878.92524052,
          5878.928315011,
          0.0030745379999999045,
          5878.928435362
        ],
        [
          5878.925804699,
          5878.929099199,
          0.0032945889999993483,
          5878.929252928
        ],
        [
          5878.928412611,
          5878.931717011,
          0.003304448000001514,
          5878.93187692
        ],
        [
          5878.929209008,
          5878.932352878,
          0.003143909000002054,
          5878.932510328
        ],
        [
          5878.93181762,
          5878.93493108,
          0.003113438999999829,
          5878.935095369
        ],
        [
          5878.932462068,
          5878.935506178,
          0.0030440190000007306,
          5878.935670578
        ],
        [
          5878.93503392,
          5878.93790892,
          0.002875050000000101,
          5878.93808089
        ],
        [
          5878.935617458,
          5878.938455019,
          0.0028376300000019228,
          5878.938615089
        ],
        [
          5878.93801267,
          5878.940788862,
          0.0027762500000001467,
          5878.940947102
        ],
        [
          5878.938573299,
          5878.941214641,
          0.0026413609999984544,
          5878.94138303
        ],
        [
          5878.940885832,
          5878.943883192,
          0.0029972889999996255,
          5878.944045701
        ],
        [
          5878.94132989,
          5878.944395031,
          0.0030651889999973037,
          5878.944550159
        ],
        [
          5878.943973312,
          5878.946952192,
          0.0029788790000004894,
          5878.947134862
        ],
        [
          5878.9445049,
          5878.94754044,
          0.003035649000000973,
          5878.947697749
        ],
        [
          5878.947049862,
          5878.949961253,
          0.0029111000000021647,
          5878.950132182
        ],
        [
          5878.947658569,
          5878.9509665,
          0.0033079580000006104,
          5878.951123359
        ],
        [
          5878.950065772,
          5878.953095033,
          0.0030291990000002045,
          5878.953264563
        ],
        [
          5878.951171949,
          5878.955136636,
          0.003964245999998894,
          5878.955296205
        ],
        [
          5878.953192603,
          5878.956282043,
          0.0030894689999989566,
          5878.956437232
        ],
        [
          5878.955246496,
          5878.958550886,
          0.0033042680000008318,
          5878.958712925
        ],
        [
          5878.956372993,
          5878.959205084,
          0.0028321699999978023,
          5878.959349843
        ],
        [
          5878.958661215,
          5878.961613616,
          0.0029524599999994905,
          5878.961774335
        ],
        [
          5878.959293353,
          5878.962405583,
          0.003112229000002742,
          5878.962559813
        ],
        [
          5878.961733216,
          5878.964729235,
          0.0029960600000009663,
          5878.964918365
        ],
        [
          5878.962503342,
          5878.965720583,
          0.0032172290000005432,
          5878.965887283
        ],
        [
          5878.964863075,
          5878.967596486,
          0.0027335099999987733,
          5878.967765996
        ],
        [
          5878.965810793,
          5878.968736814,
          0.0029260290000010514,
          5878.968898823
        ],
        [
          5878.967705336,
          5878.970733977,
          0.003028619000001953,
          5878.970868407
        ],
        [
          5878.968829493,
          5878.971732133,
          0.0029026499999993405,
          5878.971856193
        ],
        [
          5878.970853407,
          5878.974233665,
          0.003380207999999385,
          5878.974344945
        ]
      ]
    },
    {
      "round_index": 9,
      "map_setup_wall_s": 0.0024065320003501256,
      "map_setup_parent_cpu_s": 0.0032348409999998218,
      "result_next_wall_s": 0.32099250999362994,
      "result_next_parent_cpu_s": 0.030386372000001494,
      "serial_result_processing_wall_s": 0.007376284996098548,
      "serial_result_processing_parent_cpu_s": 0.009348658000000398,
      "worker_placement_wall_sum_s": 0.6348139289939354,
      "worker_placement_cpu_sum_s": 0.6347940439999888,
      "worker_tasks": 181,
      "per_worker": {
        "20194": 92,
        "20197": 89
      },
      "task_intervals": [
        [
          5879.377544447,
          5879.378317495,
          0.0007722480000005305,
          5879.378813154
        ],
        [
          5879.377707306,
          5879.381798374,
          0.004083536999999637,
          5879.381936584
        ],
        [
          5879.378501624,
          5879.382087203,
          0.0035868970000016986,
          5879.382294683
        ],
        [
          5879.381983204,
          5879.384987623,
          0.0030044489999987434,
          5879.385117923
        ],
        [
          5879.382226912,
          5879.385620392,
          0.0033936079999996593,
          5879.38583064
        ],
        [
          5879.385119453,
          5879.388381592,
          0.0032621790000000317,
          5879.388498312
        ],
        [
          5879.385737271,
          5879.389099431,
          0.0033622579999992297,
          5879.38919669
        ],
        [
          5879.388507602,
          5879.391975562,
          0.003472387999998716,
          5879.392172301
        ],
        [
          5879.38921255,
          5879.392729229,
          0.003516757999999953,
          5879.392917749
        ],
        [
          5879.392106532,
          5879.395932028,
          0.0038255549999988148,
          5879.396158708
        ],
        [
          5879.392838969,
          5879.395993719,
          0.0031545780000001855,
          5879.396175839
        ],
        [
          5879.396108518,
          5879.399422858,
          0.003314027999998359,
          5879.399580788
        ],
        [
          5879.396363448,
          5879.399675697,
          0.0033123380000006364,
          5879.399894427
        ],
        [
          5879.399569988,
          5879.402867237,
          0.003297227999997432,
          5879.403113336
        ],
        [
          5879.399816927,
          5879.403315485,
          0.003498597000000103,
          5879.403520344
        ],
        [
          5879.403017437,
          5879.406824434,
          0.0038071259999981066,
          5879.406994194
        ],
        [
          5879.403425155,
          5879.406861805,
          0.003436777999997531,
          5879.407289903
        ],
        [
          5879.406958084,
          5879.410319043,
          0.0033609380000001465,
          5879.410541522
        ],
        [
          5879.407295713,
          5879.411158611,
          0.0038485560000012242,
          5879.411377191
        ],
        [
          5879.410447693,
          5879.413624744,
          0.0031770279999996376,
          5879.413839092
        ],
        [
          5879.411284861,
          5879.415052579,
          0.003767746000001182,
          5879.415265347
        ],
        [
          5879.413762943,
          5879.417424041,
          0.003660986999999949,
          5879.41763284
        ],
        [
          5879.415175448,
          5879.418477867,
          0.0033024779999983878,
          5879.418685748
        ],
        [
          5879.417554131,
          5879.420996709,
          0.003442608000000291,
          5879.421214749
        ],
        [
          5879.418591128,
          5879.421832277,
          0.003241159000001659,
          5879.422044826
        ],
        [
          5879.421133609,
          5879.424635528,
          0.0035019869999999287,
          5879.424878437
        ],
        [
          5879.421939246,
          5879.425516895,
          0.0035777580000022624,
          5879.425664485
        ],
        [
          5879.424783317,
          5879.428312656,
          0.0035293080000009525,
          5879.428542066
        ],
        [
          5879.425644134,
          5879.429465993,
          0.00382195599999946,
          5879.429678652
        ],
        [
          5879.428443456,
          5879.432202424,
          0.003759017000000142,
          5879.432355893
        ],
        [
          5879.429583082,
          5879.433149981,
          0.003567066999998758,
          5879.4333655
        ],
        [
          5879.432338913,
          5879.435449334,
          0.0031104800000001376,
          5879.435658303
        ],
        [
          5879.43326981,
          5879.436350781,
          0.0030810579999993593,
          5879.436559851
        ],
        [
          5879.435580123,
          5879.438836513,
          0.003256377999999671,
          5879.439066283
        ],
        [
          5879.436470181,
          5879.43983675,
          0.003366617999997601,
          5879.440078909
        ],
        [
          5879.438973303,
          5879.442640521,
          0.0036673369999995487,
          5879.44284388
        ],
        [
          5879.439946909,
          5879.443425169,
          0.003478277999999335,
          5879.443614778
        ],
        [
          5879.44276746,
          5879.44620939,
          0.003441937999998146,
          5879.446423109
        ],
        [
          5879.443534629,
          5879.446679299,
          0.0031447000000000003,
          5879.446862358
        ],
        [
          5879.446336409,
          5879.44946793,
          0.003131599999999679,
          5879.449678349
        ],
        [
          5879.446784238,
          5879.450240696,
          0.00345654799999906,
          5879.450429436
        ],
        [
          5879.449598479,
          5879.453238207,
          0.003639717000002207,
          5879.453453047
        ],
        [
          5879.450352446,
          5879.453906936,
          0.003554337000000629,
          5879.454047725
        ],
        [
          5879.453365078,
          5879.456918366,
          0.0035530270000023734,
          5879.457149435
        ],
        [
          5879.454024205,
          5879.457326185,
          0.0033020190000030425,
          5879.457511164
        ],
        [
          5879.457056226,
          5879.460344315,
          0.0032881369999984145,
          5879.460557504
        ],
        [
          5879.457432824,
          5879.460672043,
          0.0032393380000002026,
          5879.460857123
        ],
        [
          5879.460469614,
          5879.463813814,
          0.0033440579999997055,
          5879.463970393
        ],
        [
          5879.460785133,
          5879.464228563,
          0.0034435869999995816,
          5879.464427422
        ],
        [
          5879.463955033,
          5879.467328622,
          0.003373598999999672,
          5879.467544152
        ],
        [
          5879.464345703,
          5879.46787006,
          0.0035244069999968985,
          5879.46808602
        ],
        [
          5879.467454372,
          5879.470836902,
          0.0033824780000024646,
          5879.471067411
        ],
        [
          5879.46798638,
          5879.471161201,
          0.003174737999998456,
          5879.47135248
        ],
        [
          5879.470962931,
          5879.47448712,
          0.0035241379999995104,
          5879.474792679
        ],
        [
          5879.471268201,
          5879.47456698,
          0.003298838000002746,
          5879.474901609
        ],
        [
          5879.474626419,
          5879.477993619,
          0.003367277000002389,
          5879.478214149
        ],
        [
          5879.474850679,
          5879.478375668,
          0.003525057000000942,
          5879.478560638
        ],
        [
          5879.478130689,
          5879.481425869,
          0.0032949289999990583,
          5879.481641128
        ],
        [
          5879.478486458,
          5879.481628968,
          0.003142617999998265,
          5879.481825397
        ],
        [
          5879.481556738,
          5879.485123736,
          0.0035669970000000717,
          5879.485340356
        ],
        [
          5879.481737407,
          5879.484994786,
          0.00325749799999997,
          5879.485378475
        ],
        [
          5879.485121106,
          5879.488332127,
          0.003211027999999061,
          5879.488536396
        ],
        [
          5879.485282965,
          5879.488722025,
          0.00343925700000014,
          5879.488912054
        ],
        [
          5879.488443436,
          5879.491876325,
          0.003432927999998725,
          5879.492030755
        ],
        [
          5879.488856555,
          5879.492238354,
          0.0033817879999986644,
          5879.492438333
        ],
        [
          5879.491989195,
          5879.495131225,
          0.003142119999999693,
          5879.495328044
        ],
        [
          5879.492354363,
          5879.495876203,
          0.0035219069999996577,
          5879.496088132
        ],
        [
          5879.495244434,
          5879.498500444,
          0.0032562780000020553,
          5879.498643454
        ],
        [
          5879.496017442,
          5879.499402941,
          0.003385588000000439,
          5879.499602051
        ],
        [
          5879.498624784,
          5879.502227932,
          0.00360320699999761,
          5879.502429042
        ],
        [
          5879.499540031,
          5879.502964549,
          0.003424408000000767,
          5879.5031796
        ],
        [
          5879.502338191,
          5879.505525242,
          0.0031870880000006707,
          5879.505718292
        ],
        [
          5879.5031108,
          5879.506601118,
          0.003490328000001597,
          5879.506794057
        ],
        [
          5879.505633662,
          5879.508778211,
          0.0031445579999989093,
          5879.508969381
        ],
        [
          5879.506725128,
          5879.510369606,
          0.003644406999999461,
          5879.510515736
        ],
        [
          5879.508892911,
          5879.512055971,
          0.0031631690000004653,
          5879.51226045
        ],
        [
          5879.510496425,
          5879.514258134,
          0.0037617369999978223,
          5879.514394793
        ],
        [
          5879.51216154,
          5879.51562254,
          0.003461086999998031,
          5879.5157631
        ],
        [
          5879.514389793,
          5879.518033941,
          0.003644066999999751,
          5879.518186702
        ],
        [
          5879.51572641,
          5879.51890125,
          0.0031749990000022876,
          5879.519125378
        ],
        [
          5879.518163432,
          5879.521461702,
          0.003298269000001852,
          5879.52166277
        ],
        [
          5879.519024259,
          5879.522401128,
          0.003376927999998003,
          5879.522612347
        ],
        [
          5879.521584431,
          5879.52492521,
          0.0033408280000024604,
          5879.525135139
        ],
        [
          5879.522513198,
          5879.525869348,
          0.003356227999997685,
          5879.528093241
        ],
        [
          5879.525136489,
          5879.528864968,
          0.003727977000000493,
          5879.529179266
        ],
        [
          5879.525971967,
          5879.529851784,
          0.0038799669999995956,
          5879.530178163
        ],
        [
          5879.529032197,
          5879.532631586,
          0.0035995270000022117,
          5879.532830165
        ],
        [
          5879.529973634,
          5879.533192085,
          0.0032186390000035203,
          5879.533353694
        ],
        [
          5879.532752845,
          5879.535964385,
          0.0032115380000021787,
          5879.536184404
        ],
        [
          5879.533302874,
          5879.536772322,
          0.003469838000000891,
          5879.536949522
        ],
        [
          5879.536095485,
          5879.539903572,
          0.0038080759999985503,
          5879.540214542
        ],
        [
          5879.536874632,
          5879.540008112,
          0.0031334590000007267,
          5879.540256181
        ],
        [
          5879.540048682,
          5879.543226053,
          0.003176998000000708,
          5879.543430652
        ],
        [
          5879.540167302,
          5879.543417162,
          0.003249938999999813,
          5879.543565112
        ],
        [
          5879.543344542,
          5879.54707461,
          0.0037299670000017215,
          5879.547200429
        ],
        [
          5879.543514741,
          5879.54685913,
          0.0033445370000002583,
          5879.547315199
        ],
        [
          5879.54696089,
          5879.55042633,
          0.003465517999998724,
          5879.55057999
        ],
        [
          5879.547191509,
          5879.550835998,
          0.0036445669999984887,
          5879.551032128
        ],
        [
          5879.550522819,
          5879.554023378,
          0.0035005879999978617,
          5879.554147087
        ],
        [
          5879.550956678,
          5879.554786565,
          0.0038299359999989235,
          5879.554959975
        ],
        [
          5879.554126947,
          5879.557317017,
          0.0031901179999991314,
          5879.557492536
        ],
        [
          5879.554900055,
          5879.558178635,
          0.0032785379999999975,
          5879.558337025
        ],
        [
          5879.557423397,
          5879.560730567,
          0.003307197999998124,
          5879.560884486
        ],
        [
          5879.558288885,
          5879.561838313,
          0.003549427000002936,
          5879.561969682
        ],
        [
          5879.560827417,
          5879.564360845,
          0.0035336480000012216,
          5879.564504525
        ],
        [
          5879.561951233,
          5879.565540132,
          0.0035888479999997003,
          5879.565702251
        ],
        [
          5879.564468265,
          5879.568029294,
          0.003561058000002504,
          5879.568159074
        ],
        [
          5879.565666511,
          5879.56913845,
          0.0034719169999988253,
          5879.569247279
        ],
        [
          5879.568138023,
          5879.571332773,
          0.0031947780000010084,
          5879.571494223
        ],
        [
          5879.56930635,
          5879.572673348,
          0.003367067999999307,
          5879.572831829
        ],
        [
          5879.571435723,
          5879.574798082,
          0.003362447999997187,
          5879.574950432
        ],
        [
          5879.572786149,
          5879.576663216,
          0.0038770259999978407,
          5879.576822335
        ],
        [
          5879.574895801,
          5879.578119352,
          0.0032236289999971746,
          5879.578279442
        ],
        [
          5879.576786906,
          5879.580244064,
          0.003457116999999954,
          5879.580408405
        ],
        [
          5879.578214431,
          5879.58157122,
          0.0033568079999994893,
          5879.58172887
        ],
        [
          5879.580358895,
          5879.583793173,
          0.0034342770000002076,
          5879.583976333
        ],
        [
          5879.5816703,
          5879.58492326,
          0.0032530079999979478,
          5879.585113929
        ],
        [
          5879.583914693,
          5879.587255113,
          0.003340459000000351,
          5879.587423281
        ],
        [
          5879.585043519,
          5879.58828499,
          0.0032413589999968906,
          5879.588463879
        ],
        [
          5879.587369352,
          5879.590659592,
          0.0032902279999973416,
          5879.590833111
        ],
        [
          5879.588387039,
          5879.591609499,
          0.0032225480000001028,
          5879.591782288
        ],
        [
          5879.590782751,
          5879.594616269,
          0.003833396000000988,
          5879.594802558
        ],
        [
          5879.591706019,
          5879.595374237,
          0.0036683579999987614,
          5879.595521617
        ],
        [
          5879.594738658,
          5879.598337967,
          0.003599258000001271,
          5879.598516257
        ],
        [
          5879.595474947,
          5879.599087255,
          0.0036125270000013643,
          5879.599248995
        ],
        [
          5879.598455538,
          5879.602024655,
          0.0035690069999994023,
          5879.602212885
        ],
        [
          5879.599200644,
          5879.602457534,
          0.0032569580000014753,
          5879.602617385
        ],
        [
          5879.602155675,
          5879.605502795,
          0.003347107999999821,
          5879.605637104
        ],
        [
          5879.602557324,
          5879.605754494,
          0.0031972680000009746,
          5879.605924323
        ],
        [
          5879.605636475,
          5879.608945134,
          0.0033087379999976463,
          5879.609134383
        ],
        [
          5879.605857734,
          5879.609699681,
          0.003841986000001185,
          5879.60984369
        ],
        [
          5879.609072084,
          5879.612329713,
          0.0032576180000027932,
          5879.612519162
        ],
        [
          5879.609795351,
          5879.61353281,
          0.0037375170000011337,
          5879.613689759
        ],
        [
          5879.612447122,
          5879.616208281,
          0.0037610559999983195,
          5879.61639277
        ],
        [
          5879.613626789,
          5879.617229838,
          0.0036030979999992496,
          5879.617402437
        ],
        [
          5879.616332441,
          5879.619758329,
          0.0034258880000024305,
          5879.619929178
        ],
        [
          5879.617323167,
          5879.620553828,
          0.0032307190000011587,
          5879.620720097
        ],
        [
          5879.619870579,
          5879.623548307,
          0.0036776460000034206,
          5879.623719787
        ],
        [
          5879.620653297,
          5879.624432084,
          0.00377884699999953,
          5879.624595244
        ],
        [
          5879.623660078,
          5879.627696615,
          0.004036564999999825,
          5879.627880694
        ],
        [
          5879.624528134,
          5879.627941824,
          0.0034138080000012394,
          5879.628062784
        ],
        [
          5879.627820005,
          5879.631248793,
          0.0034288370000012947,
          5879.631432433
        ],
        [
          5879.628059253,
          5879.631560412,
          0.003501227999997525,
          5879.631709681
        ],
        [
          5879.631363673,
          5879.634648052,
          0.0032843480000011027,
          5879.634783711
        ],
        [
          5879.631664852,
          5879.63561896,
          0.003954205999999516,
          5879.635783129
        ],
        [
          5879.634765322,
          5879.638143281,
          0.0033779280000025835,
          5879.638316541
        ],
        [
          5879.635716289,
          5879.639499116,
          0.003782906000001418,
          5879.639663106
        ],
        [
          5879.638257051,
          5879.642205648,
          0.003948575999999093,
          5879.642381087
        ],
        [
          5879.639595696,
          5879.643204645,
          0.00360907800000021,
          5879.643365495
        ],
        [
          5879.642328967,
          5879.646039136,
          0.003710038000001248,
          5879.646169746
        ],
        [
          5879.643299025,
          5879.646678644,
          0.003379677999998165,
          5879.646838624
        ],
        [
          5879.646155116,
          5879.649681355,
          0.0035261969999993426,
          5879.649851914
        ],
        [
          5879.646778504,
          5879.650210563,
          0.003432196999998638,
          5879.650357223
        ],
        [
          5879.649790474,
          5879.654029961,
          0.004239434999998792,
          5879.65423428
        ],
        [
          5879.650303343,
          5879.654843998,
          0.0045407339999989915,
          5879.655068408
        ],
        [
          5879.654164801,
          5879.658302797,
          0.004138053999998448,
          5879.658532577
        ],
        [
          5879.654944278,
          5879.658339188,
          0.0033950189999991665,
          5879.658699066
        ],
        [
          5879.658452927,
          5879.662178015,
          0.0037251960000013185,
          5879.662392725
        ],
        [
          5879.658597256,
          5879.662602614,
          0.004005415000001733,
          5879.662809114
        ],
        [
          5879.662322544,
          5879.666239622,
          0.003917235999999491,
          5879.666382771
        ],
        [
          5879.662723774,
          5879.666405842,
          0.0036736459999993087,
          5879.66667001
        ],
        [
          5879.666374972,
          5879.670430269,
          0.004055244999999985,
          5879.670603618
        ],
        [
          5879.666563521,
          5879.670043131,
          0.0034795579999986614,
          5879.670641058
        ],
        [
          5879.67015025,
          5879.674263386,
          0.004113275999998223,
          5879.674443016
        ],
        [
          5879.670554819,
          5879.674511445,
          0.003956696000003035,
          5879.674681045
        ],
        [
          5879.674375906,
          5879.678133495,
          0.0037576470000004747,
          5879.678312504
        ],
        [
          5879.674625576,
          5879.678650873,
          0.004025335999997992,
          5879.678815923
        ],
        [
          5879.678236645,
          5879.681935962,
          0.0036994760000013116,
          5879.682124861
        ],
        [
          5879.678765263,
          5879.682552871,
          0.0037876369999985116,
          5879.682731491
        ],
        [
          5879.682049042,
          5879.68593453,
          0.0038855459999993514,
          5879.686132729
        ],
        [
          5879.68268164,
          5879.686727437,
          0.004045786000002494,
          5879.686895646
        ],
        [
          5879.68605332,
          5879.689538938,
          0.0034856579999988924,
          5879.689718128
        ],
        [
          5879.686843466,
          5879.691218263,
          0.004374914999999646,
          5879.691383152
        ],
        [
          5879.689642388,
          5879.693559636,
          0.003917346000001487,
          5879.693719385
        ],
        [
          5879.691334723,
          5879.695525239,
          0.004190484999998745,
          5879.695685859
        ],
        [
          5879.693656765,
          5879.697557253,
          0.0039007059999995874,
          5879.697741892
        ],
        [
          5879.695639189,
          5879.699411437,
          0.003772137000002118,
          5879.699608986
        ],
        [
          5879.697667673,
          5879.70156175,
          0.0038942259999998896,
          5879.70176133
        ],
        [
          5879.699553906,
          5879.703346025,
          0.0037921869999983926,
          5879.703493814
        ],
        [
          5879.701691159,
          5879.705495128,
          0.0038040260000009596,
          5879.705624978
        ],
        [
          5879.703483144,
          5879.707086383,
          0.003603186999999508,
          5879.707212053
        ]
      ]
    },
    {
      "round_index": 10,
      "map_setup_wall_s": 0.0015433160006068647,
      "map_setup_parent_cpu_s": 0.002142529999999976,
      "result_next_wall_s": 0.4603218000011111,
      "result_next_parent_cpu_s": 0.028830547999998846,
      "serial_result_processing_wall_s": 0.010121476005224395,
      "serial_result_processing_parent_cpu_s": 0.013450668999999582,
      "worker_placement_wall_sum_s": 0.9101893760052917,
      "worker_placement_cpu_sum_s": 0.9102060119999855,
      "worker_tasks": 181,
      "per_worker": {
        "20194": 92,
        "20197": 89
      },
      "task_intervals": [
        [
          5880.19682984,
          5880.197602839,
          0.000772847000000354,
          5880.197827418
        ],
        [
          5880.19690463,
          5880.203046371,
          0.006138497999998549,
          5880.20337935
        ],
        [
          5880.197773968,
          5880.204032467,
          0.006258417999998045,
          5880.204238627
        ],
        [
          5880.203264041,
          5880.207522377,
          0.004258774000000187,
          5880.207798826
        ],
        [
          5880.204206237,
          5880.209265651,
          0.005059561999999573,
          5880.209378441
        ],
        [
          5880.207694936,
          5880.214333225,
          0.0066386049999991315,
          5880.214439625
        ],
        [
          5880.20942431,
          5880.213671287,
          0.004247024000001431,
          5880.214545494
        ],
        [
          5880.213808007,
          5880.218356573,
          0.004548614999997369,
          5880.218547152
        ],
        [
          5880.214512814,
          5880.220059217,
          0.005546379999998408,
          5880.220146377
        ],
        [
          5880.218487372,
          5880.223189617,
          0.004702373000000648,
          5880.223287897
        ],
        [
          5880.220202237,
          5880.22529012,
          0.005087812000002856,
          5880.22537058
        ],
        [
          5880.223321617,
          5880.2286205,
          0.005299021000002568,
          5880.22871398
        ],
        [
          5880.22542561,
          5880.230548734,
          0.005123211999997324,
          5880.230629503
        ],
        [
          5880.228749949,
          5880.233786473,
          0.005036631999999486,
          5880.233877203
        ],
        [
          5880.230682554,
          5880.236011537,
          0.005328970000000766,
          5880.236089826
        ],
        [
          5880.233914873,
          5880.239180896,
          0.005266080999998479,
          5880.239443585
        ],
        [
          5880.236149796,
          5880.241588199,
          0.005438520999998531,
          5880.241680938
        ],
        [
          5880.239321915,
          5880.244329539,
          0.0050078619999993634,
          5880.244429369
        ],
        [
          5880.241719218,
          5880.247046401,
          0.005327150999999475,
          5880.247249181
        ],
        [
          5880.244463739,
          5880.249601853,
          0.005138141999999846,
          5880.249679134
        ],
        [
          5880.247190742,
          5880.252356705,
          0.005165971000000269,
          5880.252452414
        ],
        [
          5880.249722163,
          5880.254395907,
          0.004673863000000722,
          5880.254573598
        ],
        [
          5880.252499134,
          5880.257807317,
          0.005308272000000613,
          5880.257897897
        ],
        [
          5880.254514667,
          5880.259324872,
          0.004810392999999635,
          5880.259526563
        ],
        [
          5880.257948907,
          5880.263988208,
          0.006039588000000151,
          5880.264332366
        ],
        [
          5880.259440522,
          5880.264303136,
          0.004862743000000336,
          5880.264539156
        ],
        [
          5880.264199367,
          5880.26975384,
          0.0055545500000029335,
          5880.270022969
        ],
        [
          5880.264423956,
          5880.269042501,
          0.004618593000000004,
          5880.270071398
        ],
        [
          5880.269194011,
          5880.274421094,
          0.005227291000000633,
          5880.274669434
        ],
        [
          5880.269895119,
          5880.274888823,
          0.0049937130000010654,
          5880.275006223
        ],
        [
          5880.274585484,
          5880.279961458,
          0.005376121000001177,
          5880.280345646
        ],
        [
          5880.275033433,
          5880.280101997,
          0.00506905199999963,
          5880.280389836
        ],
        [
          5880.280120367,
          5880.284751922,
          0.004631602999999984,
          5880.285036181
        ],
        [
          5880.280230026,
          5880.285078921,
          0.004849263000000548,
          5880.285171521
        ],
        [
          5880.284893311,
          5880.289890126,
          0.004997523000000115,
          5880.290192915
        ],
        [
          5880.28520557,
          5880.289931486,
          0.0047260629999996695,
          5880.290346654
        ],
        [
          5880.290061926,
          5880.29478996,
          0.004728253999999765,
          5880.29493247
        ],
        [
          5880.290268525,
          5880.295195749,
          0.004927362000000102,
          5880.295306809
        ],
        [
          5880.29493727,
          5880.300171433,
          0.005234280999999896,
          5880.300330493
        ],
        [
          5880.295325758,
          5880.299958034,
          0.0046325029999998435,
          5880.300365973
        ],
        [
          5880.300110723,
          5880.304846028,
          0.004735652000000812,
          5880.305051048
        ],
        [
          5880.300298982,
          5880.305116967,
          0.004818072000002616,
          5880.305267827
        ],
        [
          5880.305005668,
          5880.309869783,
          0.0048644430000024386,
          5880.311077488
        ],
        [
          5880.305243187,
          5880.310229571,
          0.00498653200000021,
          5880.311363097
        ],
        [
          5880.310040402,
          5880.315004846,
          0.004964701999998766,
          5880.315259866
        ],
        [
          5880.311304387,
          5880.316350211,
          0.005045812999998844,
          5880.316542021
        ],
        [
          5880.315178866,
          5880.320305239,
          0.005126661999998561,
          5880.320577678
        ],
        [
          5880.316482531,
          5880.322563902,
          0.006081357999999426,
          5880.322786122
        ],
        [
          5880.320476109,
          5880.32618639,
          0.005710358999998277,
          5880.326419159
        ],
        [
          5880.322697311,
          5880.327895475,
          0.005198222000000641,
          5880.328133994
        ],
        [
          5880.32634347,
          5880.331394203,
          0.005051221999998745,
          5880.331623683
        ],
        [
          5880.328046214,
          5880.333442637,
          0.00539644999999922,
          5880.333638536
        ],
        [
          5880.331556793,
          5880.336412347,
          0.004855661999997096,
          5880.336627138
        ],
        [
          5880.333573287,
          5880.338195233,
          0.004622073000000171,
          5880.338390492
        ],
        [
          5880.336560187,
          5880.341655711,
          0.005095711999999253,
          5880.341893611
        ],
        [
          5880.338329902,
          5880.343457025,
          0.005127281000000039,
          5880.343721044
        ],
        [
          5880.341820062,
          5880.347432613,
          0.005612840000001285,
          5880.347728143
        ],
        [
          5880.343602995,
          5880.348745819,
          0.005142892000002064,
          5880.348925158
        ],
        [
          5880.347600893,
          5880.352557737,
          0.00495707199999984,
          5880.352796746
        ],
        [
          5880.348887698,
          5880.353884372,
          0.004996762000001098,
          5880.354072863
        ],
        [
          5880.352717436,
          5880.357606041,
          0.004888642999997472,
          5880.35780582
        ],
        [
          5880.354036042,
          5880.358806057,
          0.004769993000000028,
          5880.358986507
        ],
        [
          5880.35776044,
          5880.362477525,
          0.0047174830000003,
          5880.362682925
        ],
        [
          5880.358942576,
          5880.364545099,
          0.005602710000001565,
          5880.364736658
        ],
        [
          5880.362636335,
          5880.36744035,
          0.00480409300000062,
          5880.367625379
        ],
        [
          5880.364688689,
          5880.369544283,
          0.004855641999998994,
          5880.369751693
        ],
        [
          5880.36759284,
          5880.372135405,
          0.004542553000000282,
          5880.372365445
        ],
        [
          5880.369688473,
          5880.374647547,
          0.0049591820000003395,
          5880.374779777
        ],
        [
          5880.372289474,
          5880.377750617,
          0.005461280999998763,
          5880.377993616
        ],
        [
          5880.374803137,
          5880.379613842,
          0.00481075399999753,
          5880.379730311
        ],
        [
          5880.377908847,
          5880.38321353,
          0.0053051010000011445,
          5880.383408179
        ],
        [
          5880.379757141,
          5880.384395927,
          0.0046387929999980315,
          5880.384561686
        ],
        [
          5880.383370079,
          5880.388348923,
          0.004978701999998947,
          5880.388559882
        ],
        [
          5880.384532516,
          5880.389228431,
          0.004695982999997739,
          5880.389365
        ],
        [
          5880.388491853,
          5880.393839025,
          0.005347191999998557,
          5880.394080916
        ],
        [
          5880.38935306,
          5880.394161976,
          0.0048090320000007125,
          5880.394251145
        ],
        [
          5880.394011946,
          5880.39897407,
          0.004962151999997388,
          5880.39911553
        ],
        [
          5880.394295205,
          5880.399247549,
          0.004952432999999701,
          5880.399415799
        ],
        [
          5880.39914068,
          5880.403849524,
          0.004708994000001354,
          5880.403950493
        ],
        [
          5880.399373079,
          5880.404032154,
          0.00465909300000078,
          5880.404249404
        ],
        [
          5880.404017185,
          5880.408876638,
          0.004859653000000463,
          5880.409098748
        ],
        [
          5880.404191553,
          5880.408811228,
          0.004619824000002382,
          5880.409215797
        ],
        [
          5880.408974038,
          5880.413645493,
          0.004671553000001438,
          5880.413792373
        ],
        [
          5880.409135798,
          5880.413676733,
          0.004540993999999188,
          5880.414074653
        ],
        [
          5880.413797842,
          5880.418630917,
          0.004833282999999966,
          5880.418864667
        ],
        [
          5880.413994642,
          5880.418661817,
          0.004667404000002762,
          5880.419079806
        ],
        [
          5880.418787187,
          5880.423713872,
          0.004926982000000635,
          5880.424010531
        ],
        [
          5880.418945367,
          5880.425104057,
          0.006158977999998427,
          5880.425221886
        ],
        [
          5880.423864462,
          5880.428804306,
          0.0049400129999988,
          5880.429087855
        ],
        [
          5880.425254466,
          5880.430539049,
          0.00528466099999747,
          5880.430647499
        ],
        [
          5880.428957955,
          5880.434277538,
          0.005313010999998369,
          5880.434530097
        ],
        [
          5880.430678349,
          5880.436656341,
          0.005978559000002548,
          5880.43679029
        ],
        [
          5880.434425737,
          5880.439514192,
          0.005088782000001402,
          5880.439750871
        ],
        [
          5880.43684976,
          5880.441987624,
          0.0051377319999978965,
          5880.442107263
        ],
        [
          5880.439668391,
          5880.444519385,
          0.004850971999999842,
          5880.444736405
        ],
        [
          5880.442145413,
          5880.446717949,
          0.00457286400000001,
          5880.446912638
        ],
        [
          5880.444661795,
          5880.44947898,
          0.004817323000001039,
          5880.449716639
        ],
        [
          5880.446859229,
          5880.451648823,
          0.004790003000000098,
          5880.451767563
        ],
        [
          5880.44962596,
          5880.455070132,
          0.005444239999999212,
          5880.455323061
        ],
        [
          5880.451789393,
          5880.456611218,
          0.00482221399999716,
          5880.456808617
        ],
        [
          5880.455223402,
          5880.460115316,
          0.004892133000002019,
          5880.460376595
        ],
        [
          5880.456752867,
          5880.461771751,
          0.005018941999999527,
          5880.461962661
        ],
        [
          5880.460258866,
          5880.464743212,
          0.004484115000000344,
          5880.4649544
        ],
        [
          5880.461907881,
          5880.467179684,
          0.005272000999998028,
          5880.467395053
        ],
        [
          5880.464885891,
          5880.469528146,
          0.004642412999999124,
          5880.469698785
        ],
        [
          5880.467322033,
          5880.472429307,
          0.005107391999999322,
          5880.472651256
        ],
        [
          5880.469660836,
          5880.474990629,
          0.005329961000001049,
          5880.475226738
        ],
        [
          5880.472591056,
          5880.478082229,
          0.005491479999999882,
          5880.478322688
        ],
        [
          5880.475141519,
          5880.480013443,
          0.004872042000002352,
          5880.480138743
        ],
        [
          5880.478225328,
          5880.482984873,
          0.004760203000000018,
          5880.483223022
        ],
        [
          5880.480157923,
          5880.485147667,
          0.004989821999998867,
          5880.485268066
        ],
        [
          5880.483149893,
          5880.488233546,
          0.005084042000000011,
          5880.488480806
        ],
        [
          5880.485287276,
          5880.49049955,
          0.00521262100000186,
          5880.490612429
        ],
        [
          5880.488376997,
          5880.493377991,
          0.005001352000000736,
          5880.49362974
        ],
        [
          5880.490636809,
          5880.495445994,
          0.004809272999999337,
          5880.495557694
        ],
        [
          5880.493527601,
          5880.498538785,
          0.005011602000003279,
          5880.498794494
        ],
        [
          5880.495585633,
          5880.500277068,
          0.004691482999998442,
          5880.500473248
        ],
        [
          5880.498688114,
          5880.504129007,
          0.00544132100000283,
          5880.504375166
        ],
        [
          5880.500411538,
          5880.505957241,
          0.0055457399999987445,
          5880.506184141
        ],
        [
          5880.504279116,
          5880.509291971,
          0.0050129720000029465,
          5880.509514199
        ],
        [
          5880.50612719,
          5880.510913666,
          0.004786483000000175,
          5880.511103825
        ],
        [
          5880.509450299,
          5880.514661033,
          0.005210901000001655,
          5880.514858873
        ],
        [
          5880.511053005,
          5880.51595087,
          0.004897873000000885,
          5880.516159029
        ],
        [
          5880.514811073,
          5880.519367008,
          0.004556012999998416,
          5880.519604407
        ],
        [
          5880.516092729,
          5880.521171893,
          0.005079202000001004,
          5880.521343732
        ],
        [
          5880.519511738,
          5880.524812111,
          0.005300391000002236,
          5880.52504306
        ],
        [
          5880.521302702,
          5880.526532696,
          0.00523013200000122,
          5880.526703355
        ],
        [
          5880.524956141,
          5880.529735675,
          0.0047798939999985635,
          5880.530048084
        ],
        [
          5880.526663655,
          5880.531312421,
          0.004648972999998335,
          5880.53154787
        ],
        [
          5880.529885765,
          5880.534839539,
          0.004953952000001038,
          5880.535137868
        ],
        [
          5880.53144186,
          5880.536234645,
          0.004792713000000504,
          5880.536456594
        ],
        [
          5880.534991629,
          5880.539690234,
          0.004698852000000642,
          5880.539955003
        ],
        [
          5880.536379805,
          5880.541595728,
          0.005216022000002596,
          5880.541805577
        ],
        [
          5880.539858963,
          5880.544948407,
          0.005089842000000289,
          5880.545208846
        ],
        [
          5880.541733337,
          5880.546279063,
          0.004545672999999084,
          5880.546469713
        ],
        [
          5880.545127537,
          5880.549970161,
          0.004843102999998905,
          5880.55022716
        ],
        [
          5880.546407903,
          5880.551350817,
          0.004943062000002385,
          5880.551536846
        ],
        [
          5880.55013043,
          5880.555588244,
          0.005458160999999961,
          5880.555826793
        ],
        [
          5880.551475046,
          5880.556350751,
          0.004875752000000233,
          5880.556519861
        ],
        [
          5880.555732833,
          5880.560927507,
          0.005194751000001219,
          5880.561177526
        ],
        [
          5880.556477711,
          5880.561383705,
          0.004906171999998321,
          5880.561549634
        ],
        [
          5880.561102786,
          5880.56618589,
          0.005083172000002634,
          5880.56642053
        ],
        [
          5880.561501405,
          5880.566661289,
          0.005159871000000038,
          5880.566833558
        ],
        [
          5880.56633737,
          5880.571733533,
          0.005396280999999448,
          5880.571957412
        ],
        [
          5880.566780138,
          5880.571164504,
          0.004384584999996832,
          5880.572016172
        ],
        [
          5880.571301684,
          5880.576410847,
          0.005109451999999237,
          5880.576712017
        ],
        [
          5880.571911112,
          5880.576643067,
          0.0047324439999982815,
          5880.576889086
        ],
        [
          5880.576596127,
          5880.581359292,
          0.004762883000001494,
          5880.581641001
        ],
        [
          5880.576788366,
          5880.582209209,
          0.005421060999999838,
          5880.582407068
        ],
        [
          5880.581525642,
          5880.586217127,
          0.004691542999999854,
          5880.586466655
        ],
        [
          5880.582358888,
          5880.587226383,
          0.004867681999996876,
          5880.587406092
        ],
        [
          5880.586356146,
          5880.59130826,
          0.00495211199999801,
          5880.591550919
        ],
        [
          5880.587360752,
          5880.591830189,
          0.004469594999999771,
          5880.592042168
        ],
        [
          5880.59145741,
          5880.596658374,
          0.005201060999997509,
          5880.596903922
        ],
        [
          5880.591968258,
          5880.596934122,
          0.004965931999997508,
          5880.597066842
        ],
        [
          5880.596808713,
          5880.602391925,
          0.0055832709999990016,
          5880.602593474
        ],
        [
          5880.597103261,
          5880.602104456,
          0.005001162999999309,
          5880.602622804
        ],
        [
          5880.602258485,
          5880.607629108,
          0.005371030999999249,
          5880.607834107
        ],
        [
          5880.602519144,
          5880.607887627,
          0.005368600999997142,
          5880.608127027
        ],
        [
          5880.607789358,
          5880.612869472,
          0.005080452999997931,
          5880.613086391
        ],
        [
          5880.608052678,
          5880.612646022,
          0.004593462999999076,
          5880.613138031
        ],
        [
          5880.612786002,
          5880.617914776,
          0.005128952999999825,
          5880.618144886
        ],
        [
          5880.613079311,
          5880.619301882,
          0.006221069000002188,
          5880.619487481
        ],
        [
          5880.618053536,
          5880.62272252,
          0.004669122999999331,
          5880.6228948
        ],
        [
          5880.619470481,
          5880.624714884,
          0.005244481000001855,
          5880.624910024
        ],
        [
          5880.62286006,
          5880.627768375,
          0.004908421999999746,
          5880.627926084
        ],
        [
          5880.624858873,
          5880.630014497,
          0.005155712000000534,
          5880.630213396
        ],
        [
          5880.627904784,
          5880.63276506,
          0.004860383000000468,
          5880.632919159
        ],
        [
          5880.630159907,
          5880.635436091,
          0.005276291999997795,
          5880.63564098
        ],
        [
          5880.632892079,
          5880.638098483,
          0.005206530999998904,
          5880.638357902
        ],
        [
          5880.63559021,
          5880.640341616,
          0.0047515730000000644,
          5880.640481725
        ],
        [
          5880.638255591,
          5880.643497205,
          0.005241681999997638,
          5880.643761884
        ],
        [
          5880.640501004,
          5880.645531819,
          0.005030881999999792,
          5880.645743598
        ],
        [
          5880.643671174,
          5880.648876048,
          0.005205001000000209,
          5880.649106697
        ],
        [
          5880.645690528,
          5880.651222501,
          0.0055323899999990545,
          5880.651420249
        ],
        [
          5880.649086337,
          5880.654125431,
          0.005038752000000812,
          5880.65432064
        ],
        [
          5880.65135867,
          5880.656184714,
          0.004826451999999648,
          5880.656366014
        ],
        [
          5880.654252931,
          5880.659721683,
          0.005468710999998905,
          5880.659870102
        ],
        [
          5880.656331774,
          5880.661692987,
          0.00536137100000289,
          5880.661839956
        ],
        [
          5880.659853593,
          5880.665026006,
          0.0051742509999996855,
          5880.665202677
        ],
        [
          5880.661832747,
          5880.66703208,
          0.0051993610000025114,
          5880.667153779
        ]
      ]
    },
    {
      "round_index": 11,
      "map_setup_wall_s": 0.0016168439997272799,
      "map_setup_parent_cpu_s": 0.002279006999999833,
      "result_next_wall_s": 0.798221193000245,
      "result_next_parent_cpu_s": 0.0448394340000009,
      "serial_result_processing_wall_s": 0.013715347999095684,
      "serial_result_processing_parent_cpu_s": 0.015277448000002192,
      "worker_placement_wall_sum_s": 1.5852285020018826,
      "worker_placement_cpu_sum_s": 1.5852339550000067,
      "worker_tasks": 181,
      "per_worker": {
        "20194": 91,
        "20197": 90
      },
      "task_intervals": [
        [
          5881.138285127,
          5881.139320553,
          0.0010346859999970093,
          5881.139527133
        ],
        [
          5881.138383566,
          5881.147734986,
          0.009350876999999258,
          5881.148097586
        ],
        [
          5881.139471702,
          5881.148523925,
          0.009052597000000162,
          5881.148705144
        ],
        [
          5881.147961247,
          5881.156082421,
          0.008121930999998028,
          5881.156380039
        ],
        [
          5881.148699953,
          5881.156866998,
          0.008167339999999967,
          5881.157131546
        ],
        [
          5881.1563025,
          5881.164589073,
          0.008286749999999898,
          5881.164946792
        ],
        [
          5881.157100706,
          5881.166090329,
          0.008989617000001004,
          5881.166315978
        ],
        [
          5881.164800902,
          5881.172787217,
          0.007987022000001787,
          5881.173261266
        ],
        [
          5881.166278738,
          5881.175629508,
          0.009351076999998043,
          5881.175880938
        ],
        [
          5881.173026107,
          5881.180642183,
          0.007616972999997529,
          5881.181014322
        ],
        [
          5881.175830608,
          5881.183850772,
          0.00802011100000044,
          5881.184022841
        ],
        [
          5881.180862972,
          5881.189309004,
          0.008447078999999746,
          5881.189610414
        ],
        [
          5881.184067992,
          5881.193255063,
          0.009187207000000086,
          5881.193532082
        ],
        [
          5881.189540024,
          5881.197480529,
          0.00794072100000065,
          5881.197758758
        ],
        [
          5881.193463782,
          5881.201686996,
          0.008223451000002768,
          5881.202073404
        ],
        [
          5881.197684809,
          5881.20665288,
          0.00896831700000078,
          5881.207110028
        ],
        [
          5881.201907195,
          5881.210393029,
          0.008485938999999831,
          5881.210765197
        ],
        [
          5881.206878319,
          5881.215447742,
          0.008569568999998722,
          5881.215864871
        ],
        [
          5881.210595817,
          5881.219416559,
          0.008821058999998854,
          5881.219808447
        ],
        [
          5881.215675612,
          5881.224833502,
          0.009158406999997482,
          5881.225282341
        ],
        [
          5881.219621699,
          5881.227988693,
          0.008366998999999709,
          5881.228287772
        ],
        [
          5881.225148422,
          5881.234053543,
          0.008905378999997993,
          5881.234486741
        ],
        [
          5881.228162732,
          5881.236135367,
          0.00797329200000263,
          5881.236394775
        ],
        [
          5881.234279542,
          5881.242823926,
          0.008545599000001403,
          5881.243276434
        ],
        [
          5881.236307826,
          5881.245057848,
          0.008750239000001159,
          5881.245386607
        ],
        [
          5881.243065645,
          5881.251604707,
          0.008541080000000534,
          5881.252045516
        ],
        [
          5881.245254498,
          5881.255433415,
          0.010179663999998922,
          5881.255822474
        ],
        [
          5881.251823757,
          5881.261860025,
          0.010037334999999814,
          5881.262244804
        ],
        [
          5881.255668165,
          5881.264617416,
          0.008949288000000166,
          5881.264775535
        ],
        [
          5881.262113344,
          5881.271586614,
          0.009474366000002732,
          5881.271953242
        ],
        [
          5881.264818996,
          5881.274165486,
          0.009347016999999624,
          5881.274447114
        ],
        [
          5881.271823743,
          5881.281393883,
          0.009570306000000528,
          5881.281765191
        ],
        [
          5881.274344845,
          5881.282690489,
          0.008346030000002003,
          5881.282877139
        ],
        [
          5881.281609202,
          5881.290064566,
          0.0084553800000009,
          5881.290381904
        ],
        [
          5881.282855519,
          5881.290157165,
          0.007302193999997542,
          5881.290549994
        ],
        [
          5881.290298155,
          5881.29831355,
          0.0080153220000021,
          5881.298563178
        ],
        [
          5881.290463095,
          5881.297667261,
          0.0072044829999988735,
          5881.298623638
        ],
        [
          5881.297911301,
          5881.305714386,
          0.007803762000001768,
          5881.306178644
        ],
        [
          5881.298478729,
          5881.306401744,
          0.007923010999999036,
          5881.306580253
        ],
        [
          5881.305951285,
          5881.313596391,
          0.00764569300000062,
          5881.314070799
        ],
        [
          5881.306576673,
          5881.314543348,
          0.00796689099999881,
          5881.314788898
        ],
        [
          5881.31381528,
          5881.321620985,
          0.0078064019999999346,
          5881.321945024
        ],
        [
          5881.314705008,
          5881.32328764,
          0.008582769000000212,
          5881.32351561
        ],
        [
          5881.321835304,
          5881.329216821,
          0.0073713150000003225,
          5881.329513901
        ],
        [
          5881.32344771,
          5881.33267659,
          0.009229646999997954,
          5881.33288541
        ],
        [
          5881.32943524,
          5881.338599882,
          0.009165437000000054,
          5881.338870881
        ],
        [
          5881.33286319,
          5881.341143763,
          0.00828060999999991,
          5881.341380513
        ],
        [
          5881.338810481,
          5881.346559406,
          0.007749043000000455,
          5881.346922106
        ],
        [
          5881.341314413,
          5881.349405178,
          0.008090990999999548,
          5881.349642377
        ],
        [
          5881.346754465,
          5881.35513543,
          0.008381861000000157,
          5881.355478028
        ],
        [
          5881.349579337,
          5881.357746351,
          0.008167200999999125,
          5881.35809075
        ],
        [
          5881.355334058,
          5881.36424249,
          0.00890928899999821,
          5881.364638029
        ],
        [
          5881.357948081,
          5881.365819115,
          0.00787125200000105,
          5881.365974575
        ],
        [
          5881.36447345,
          5881.372798943,
          0.008318830000000332,
          5881.373132082
        ],
        [
          5881.366027755,
          5881.374811307,
          0.008777448000000021,
          5881.375106976
        ],
        [
          5881.373023362,
          5881.382096254,
          0.009072877999997786,
          5881.382445843
        ],
        [
          5881.375028227,
          5881.383608828,
          0.008581428999999474,
          5881.383826408
        ],
        [
          5881.382302593,
          5881.390217298,
          0.007914942000002867,
          5881.390376138
        ],
        [
          5881.383808508,
          5881.393348878,
          0.009540515999997723,
          5881.393485757
        ],
        [
          5881.390410238,
          5881.398672611,
          0.008262720000001167,
          5881.39904063
        ],
        [
          5881.393532717,
          5881.40244882,
          0.008916428000002696,
          5881.402616249
        ],
        [
          5881.39888102,
          5881.406759316,
          0.007878642000001435,
          5881.407077925
        ],
        [
          5881.402658699,
          5881.410436774,
          0.007778242000000546,
          5881.410721423
        ],
        [
          5881.406954306,
          5881.415597427,
          0.008643479999999926,
          5881.415856926
        ],
        [
          5881.410635973,
          5881.418581658,
          0.007945512000002708,
          5881.418810487
        ],
        [
          5881.415788187,
          5881.423674692,
          0.007886710999997604,
          5881.423876121
        ],
        [
          5881.418760767,
          5881.427326261,
          0.008566229999999564,
          5881.427569469
        ],
        [
          5881.423860211,
          5881.432077506,
          0.008217521000002392,
          5881.432380514
        ],
        [
          5881.42751396,
          5881.435742323,
          0.008228759999997948,
          5881.435974702
        ],
        [
          5881.432273405,
          5881.440726178,
          0.008453039999999135,
          5881.440993737
        ],
        [
          5881.435941623,
          5881.444309667,
          0.008367910000000478,
          5881.444517306
        ],
        [
          5881.440920107,
          5881.449350541,
          0.008430669999999196,
          5881.44952248
        ],
        [
          5881.444493327,
          5881.453101639,
          0.00860807800000174,
          5881.453334198
        ],
        [
          5881.44954495,
          5881.458196423,
          0.008639949999999175,
          5881.458350192
        ],
        [
          5881.453281788,
          5881.461761301,
          0.008479559000001302,
          5881.46211458
        ],
        [
          5881.458387162,
          5881.467607922,
          0.009221138000000906,
          5881.468037871
        ],
        [
          5881.461964201,
          5881.470513064,
          0.008549019000000158,
          5881.470709263
        ],
        [
          5881.467810912,
          5881.477296812,
          0.009486565999999641,
          5881.47769825
        ],
        [
          5881.470692583,
          5881.479107346,
          0.008415030000001877,
          5881.479291536
        ],
        [
          5881.477512131,
          5881.486482523,
          0.008971797000000947,
          5881.486837942
        ],
        [
          5881.479281306,
          5881.488251597,
          0.008970827999998932,
          5881.488434127
        ],
        [
          5881.486709353,
          5881.495859133,
          0.009150906999998654,
          5881.496317002
        ],
        [
          5881.488426727,
          5881.497464438,
          0.00903835700000144,
          5881.497653027
        ],
        [
          5881.496136872,
          5881.504458306,
          0.00832177999999928,
          5881.504820845
        ],
        [
          5881.497665947,
          5881.506229901,
          0.008564089000000052,
          5881.50641164
        ],
        [
          5881.504666476,
          5881.513756727,
          0.009091166999997569,
          5881.514142426
        ],
        [
          5881.50641081,
          5881.515430031,
          0.009019548000001265,
          5881.515603661
        ],
        [
          5881.513961926,
          5881.52207817,
          0.008117021000000335,
          5881.522482539
        ],
        [
          5881.515602821,
          5881.523890064,
          0.00828734099999906,
          5881.524087844
        ],
        [
          5881.52231976,
          5881.530247554,
          0.007928980999999169,
          5881.530534443
        ],
        [
          5881.524101084,
          5881.532962175,
          0.00886083800000037,
          5881.533264994
        ],
        [
          5881.530464723,
          5881.539622605,
          0.00915857700000089,
          5881.540031593
        ],
        [
          5881.533169205,
          5881.542108437,
          0.00893942800000147,
          5881.542294466
        ],
        [
          5881.539824234,
          5881.549190844,
          0.009366287000002416,
          5881.549537863
        ],
        [
          5881.542291176,
          5881.550486359,
          0.008195260000000815,
          5881.550659979
        ],
        [
          5881.549395003,
          5881.558481095,
          0.009087007999998065,
          5881.558885944
        ],
        [
          5881.550654729,
          5881.559679471,
          0.009025057999998864,
          5881.5599223
        ],
        [
          5881.558690825,
          5881.567422326,
          0.008732029000000807,
          5881.567826375
        ],
        [
          5881.55986731,
          5881.569616039,
          0.009748586000000614,
          5881.569809178
        ],
        [
          5881.567632565,
          5881.576479148,
          0.008847187999997175,
          5881.576861416
        ],
        [
          5881.569803989,
          5881.57908108,
          0.0092776069999978,
          5881.579410228
        ],
        [
          5881.576685807,
          5881.58528468,
          0.008599208999999775,
          5881.585671708
        ],
        [
          5881.579269989,
          5881.587960941,
          0.008691149000000564,
          5881.5881926
        ],
        [
          5881.585491048,
          5881.594493851,
          0.009003167999999562,
          5881.594868919
        ],
        [
          5881.58818209,
          5881.596596854,
          0.008415100000000564,
          5881.596787684
        ],
        [
          5881.59469876,
          5881.602968453,
          0.008270291000002317,
          5881.603323463
        ],
        [
          5881.596821053,
          5881.605798065,
          0.008977417999997073,
          5881.605991075
        ],
        [
          5881.603189864,
          5881.612056725,
          0.008867238000000555,
          5881.612452134
        ],
        [
          5881.605989884,
          5881.614986206,
          0.008996868000000546,
          5881.615277645
        ],
        [
          5881.612262044,
          5881.621321286,
          0.009059306999997574,
          5881.621633825
        ],
        [
          5881.615175654,
          5881.624057537,
          0.008881848000001469,
          5881.624358356
        ],
        [
          5881.621523715,
          5881.630547387,
          0.009023737999999781,
          5881.630817436
        ],
        [
          5881.624249366,
          5881.633531617,
          0.009282537000000701,
          5881.633853046
        ],
        [
          5881.630758066,
          5881.639411808,
          0.008653908999999516,
          5881.639783907
        ],
        [
          5881.633724116,
          5881.642601738,
          0.00887735899999953,
          5881.642903898
        ],
        [
          5881.639616308,
          5881.648315981,
          0.008700057999998734,
          5881.648682149
        ],
        [
          5881.642783767,
          5881.650838993,
          0.008055212000002143,
          5881.651034061
        ],
        [
          5881.648519549,
          5881.657377461,
          0.008849188999999313,
          5881.65770472
        ],
        [
          5881.651038612,
          5881.660674761,
          0.009636346000000628,
          5881.66101278
        ],
        [
          5881.65757835,
          5881.665987194,
          0.008409589999999412,
          5881.666295653
        ],
        [
          5881.66085835,
          5881.670081311,
          0.009223116000001141,
          5881.670372171
        ],
        [
          5881.666210564,
          5881.674973745,
          0.008763768000001448,
          5881.675334775
        ],
        [
          5881.670282631,
          5881.680239419,
          0.009957004000000325,
          5881.680598488
        ],
        [
          5881.675183476,
          5881.684683074,
          0.009499417000000676,
          5881.685030913
        ],
        [
          5881.680438608,
          5881.688538513,
          0.008100301999999004,
          5881.688815401
        ],
        [
          5881.684877694,
          5881.693705976,
          0.00882800800000183,
          5881.694102265
        ],
        [
          5881.688728102,
          5881.696889546,
          0.008161450999999431,
          5881.697126765
        ],
        [
          5881.693900336,
          5881.703048797,
          0.009148698000000621,
          5881.703431866
        ],
        [
          5881.697130675,
          5881.706253186,
          0.009122536999999653,
          5881.706549336
        ],
        [
          5881.703245376,
          5881.712333666,
          0.009088968000000364,
          5881.712707457
        ],
        [
          5881.706438656,
          5881.714854609,
          0.008415948999999756,
          5881.715050058
        ],
        [
          5881.712532326,
          5881.72109079,
          0.008550769999999375,
          5881.721464518
        ],
        [
          5881.715050668,
          5881.723301483,
          0.008250820000000658,
          5881.723478022
        ],
        [
          5881.721289969,
          5881.729710922,
          0.00842168099999796,
          5881.730079802
        ],
        [
          5881.723469752,
          5881.732808413,
          0.00933894600000329,
          5881.733107552
        ],
        [
          5881.729914741,
          5881.739070922,
          0.009156837000002582,
          5881.739455741
        ],
        [
          5881.733019242,
          5881.741395545,
          0.00837611000000038,
          5881.741580584
        ],
        [
          5881.739274721,
          5881.748485912,
          0.009211977999999732,
          5881.748862371
        ],
        [
          5881.741570434,
          5881.750322267,
          0.008752077999996999,
          5881.750500906
        ],
        [
          5881.748687972,
          5881.757958523,
          0.009271275999999773,
          5881.758351672
        ],
        [
          5881.750507446,
          5881.760583494,
          0.010076163999997334,
          5881.760764824
        ],
        [
          5881.758174992,
          5881.766680614,
          0.00850619899999927,
          5881.767130363
        ],
        [
          5881.760759074,
          5881.769554396,
          0.008796278000001934,
          5881.769827605
        ],
        [
          5881.766888724,
          5881.776452214,
          0.009564495999999423,
          5881.776794862
        ],
        [
          5881.769744524,
          5881.778972495,
          0.009228316000001513,
          5881.779257314
        ],
        [
          5881.776662203,
          5881.786824841,
          0.010155923999999317,
          5881.78719468
        ],
        [
          5881.779186865,
          5881.788388116,
          0.009201306999997882,
          5881.788587616
        ],
        [
          5881.78705483,
          5881.796087692,
          0.009033238000000665,
          5881.79636216
        ],
        [
          5881.788578165,
          5881.798090375,
          0.009512325999999405,
          5881.798288505
        ],
        [
          5881.796313061,
          5881.804789105,
          0.008476038999997826,
          5881.805069264
        ],
        [
          5881.798274225,
          5881.807312197,
          0.009038136999997448,
          5881.807510566
        ],
        [
          5881.804996244,
          5881.814366734,
          0.0093709060000009,
          5881.814639643
        ],
        [
          5881.807495136,
          5881.816489396,
          0.008994367999999753,
          5881.816682806
        ],
        [
          5881.814562254,
          5881.823557034,
          0.008995328000001024,
          5881.823878493
        ],
        [
          5881.816676096,
          5881.825967547,
          0.009291657000002118,
          5881.826190636
        ],
        [
          5881.823749904,
          5881.833351023,
          0.009602506000000233,
          5881.833763352
        ],
        [
          5881.826157386,
          5881.835804415,
          0.009647555000000807,
          5881.836134174
        ],
        [
          5881.833573153,
          5881.843469642,
          0.009896974000000114,
          5881.8438052
        ],
        [
          5881.836019245,
          5881.845485195,
          0.00946621599999986,
          5881.845680495
        ],
        [
          5881.84366709,
          5881.852692962,
          0.009026476999999034,
          5881.853027441
        ],
        [
          5881.845665264,
          5881.855197794,
          0.009532806000002836,
          5881.855375294
        ],
        [
          5881.852880121,
          5881.861612793,
          0.008733718000002,
          5881.862019593
        ],
        [
          5881.855369824,
          5881.865096023,
          0.00972643499999748,
          5881.865376732
        ],
        [
          5881.861810733,
          5881.871129254,
          0.00931955700000131,
          5881.871379093
        ],
        [
          5881.865285413,
          5881.87543295,
          0.010148003000001182,
          5881.875718349
        ],
        [
          5881.871326153,
          5881.879941666,
          0.00861557900000065,
          5881.880320205
        ],
        [
          5881.87562312,
          5881.883800743,
          0.00817747099999977,
          5881.884089622
        ],
        [
          5881.880147155,
          5881.889444446,
          0.009297826000000953,
          5881.889799065
        ],
        [
          5881.884007373,
          5881.892706475,
          0.00869954000000206,
          5881.892974045
        ],
        [
          5881.889636436,
          5881.898736576,
          0.009101067999999657,
          5881.899160906
        ],
        [
          5881.892880905,
          5881.902699284,
          0.009818514999999195,
          5881.903015942
        ],
        [
          5881.898943705,
          5881.909368843,
          0.010425292999997282,
          5881.909663372
        ],
        [
          5881.902888483,
          5881.911584515,
          0.008696169000000253,
          5881.911783506
        ],
        [
          5881.909565493,
          5881.919555681,
          0.009990793000000053,
          5881.91985198
        ],
        [
          5881.911763146,
          5881.921329995,
          0.009567016999998401,
          5881.921514943
        ],
        [
          5881.91977379,
          5881.92920819,
          0.009435385999999824,
          5881.929580519
        ],
        [
          5881.921503703,
          5881.931780652,
          0.010277013999999696,
          5881.931992521
        ],
        [
          5881.929414019,
          5881.938122011,
          0.008708397999999562,
          5881.93842676
        ],
        [
          5881.931969562,
          5881.941057252,
          0.009087387000001002,
          5881.941247071
        ],
        [
          5881.938333921,
          5881.947639621,
          0.00930607600000144,
          5881.947917731
        ],
        [
          5881.941237621,
          5881.950466852,
          0.009229437000001894,
          5881.950642102
        ]
      ]
    },
    {
      "round_index": 12,
      "map_setup_wall_s": 0.001752484000462573,
      "map_setup_parent_cpu_s": 0.002454653000000029,
      "result_next_wall_s": 0.5428966619956554,
      "result_next_parent_cpu_s": 0.02885886600000287,
      "serial_result_processing_wall_s": 0.010482915002285154,
      "serial_result_processing_parent_cpu_s": 0.013716103999991347,
      "worker_placement_wall_sum_s": 1.0722711219987104,
      "worker_placement_cpu_sum_s": 1.0722252990000136,
      "worker_tasks": 181,
      "per_worker": {
        "20194": 90,
        "20197": 91
      },
      "task_intervals": [
        [
          5882.677190819,
          5882.677947456,
          0.000756287999998051,
          5882.678245826
        ],
        [
          5882.677274359,
          5882.683888258,
          0.006550027000002956,
          5882.684191217
        ],
        [
          5882.678169616,
          5882.684146707,
          0.005976858999996892,
          5882.684318637
        ],
        [
          5882.684099677,
          5882.68940259,
          0.005303260999998116,
          5882.689640309
        ],
        [
          5882.684276397,
          5882.689663509,
          0.005387289999998046,
          5882.689840088
        ],
        [
          5882.68956176,
          5882.694842323,
          0.0052811119999987,
          5882.695174162
        ],
        [
          5882.689804628,
          5882.695194731,
          0.005390841000000535,
          5882.69544697
        ],
        [
          5882.695019662,
          5882.701058144,
          0.006038868000000974,
          5882.701432582
        ],
        [
          5882.695354851,
          5882.701417152,
          0.006062438000000725,
          5882.701585982
        ],
        [
          5882.701249883,
          5882.706871625,
          0.005622088999999164,
          5882.707177353
        ],
        [
          5882.701585171,
          5882.706911474,
          0.0053262700000011876,
          5882.707281533
        ],
        [
          5882.707060754,
          5882.712027558,
          0.004966883000001587,
          5882.712229208
        ],
        [
          5882.707201913,
          5882.713113946,
          0.005911758999999961,
          5882.713216735
        ],
        [
          5882.712162768,
          5882.7175634,
          0.005400830999999329,
          5882.71768927
        ],
        [
          5882.713244595,
          5882.718299379,
          0.005054871999998767,
          5882.718387358
        ],
        [
          5882.71769877,
          5882.723174534,
          0.0054760800000011045,
          5882.723479902
        ],
        [
          5882.718420849,
          5882.724774678,
          0.006354198000000366,
          5882.725031537
        ],
        [
          5882.723349063,
          5882.728799676,
          0.005451150999999044,
          5882.729148944
        ],
        [
          5882.724946447,
          5882.731282997,
          0.006336727999997294,
          5882.731545076
        ],
        [
          5882.728965065,
          5882.735352845,
          0.006388037000000679,
          5882.735647744
        ],
        [
          5882.731439647,
          5882.737639587,
          0.006199968000000666,
          5882.737856107
        ],
        [
          5882.735498995,
          5882.741336636,
          0.005838179000001276,
          5882.741670144
        ],
        [
          5882.737776876,
          5882.743321879,
          0.0055450199999995675,
          5882.743573389
        ],
        [
          5882.741496895,
          5882.747294106,
          0.005797399000002201,
          5882.747611435
        ],
        [
          5882.743482799,
          5882.74916448,
          0.005681778999999665,
          5882.74938819
        ],
        [
          5882.747448296,
          5882.752874729,
          0.005426690000000178,
          5882.753174688
        ],
        [
          5882.74930784,
          5882.755626091,
          0.006318356999997832,
          5882.75584435
        ],
        [
          5882.753026599,
          5882.75880719,
          0.005780748999999474,
          5882.759094999
        ],
        [
          5882.75575875,
          5882.761702611,
          0.005944019000001077,
          5882.761820771
        ],
        [
          5882.75894473,
          5882.764157643,
          0.005213060999999186,
          5882.764353463
        ],
        [
          5882.761839211,
          5882.767758882,
          0.005919799000000836,
          5882.767943492
        ],
        [
          5882.764291292,
          5882.769865575,
          0.005574800000001545,
          5882.769958085
        ],
        [
          5882.767904812,
          5882.773908393,
          0.006003688999999923,
          5882.774156692
        ],
        [
          5882.769996185,
          5882.775792816,
          0.00579677900000064,
          5882.775881816
        ],
        [
          5882.774089852,
          5882.779458735,
          0.00536893199999966,
          5882.779574184
        ],
        [
          5882.775930496,
          5882.781175019,
          0.005244652000001793,
          5882.781265929
        ],
        [
          5882.779620514,
          5882.784950617,
          0.005330190999998763,
          5882.785207957
        ],
        [
          5882.781318969,
          5882.786719761,
          0.005401020000000756,
          5882.786810461
        ],
        [
          5882.785128337,
          5882.790868549,
          0.005740199999998197,
          5882.790983159
        ],
        [
          5882.786859191,
          5882.792417563,
          0.005558619999998626,
          5882.792515014
        ],
        [
          5882.791144508,
          5882.797389638,
          0.0062445479999979625,
          5882.797530768
        ],
        [
          5882.792555643,
          5882.798027006,
          0.0054714099999984,
          5882.798168365
        ],
        [
          5882.797579438,
          5882.80312546,
          0.005546120000001764,
          5882.803441609
        ],
        [
          5882.798189396,
          5882.803708448,
          0.005519210999999302,
          5882.803916487
        ],
        [
          5882.803303689,
          5882.809711628,
          0.006408628000002636,
          5882.810021788
        ],
        [
          5882.803839458,
          5882.810061938,
          0.006222898000000754,
          5882.810224467
        ],
        [
          5882.809894578,
          5882.81580538,
          0.005911229000002294,
          5882.816089128
        ],
        [
          5882.810184268,
          5882.81551391,
          0.0053298400000016954,
          5882.816142839
        ],
        [
          5882.81564625,
          5882.821612981,
          0.005967178999998879,
          5882.82186268
        ],
        [
          5882.815956599,
          5882.821541001,
          0.00558473000000248,
          5882.82203032
        ],
        [
          5882.82169477,
          5882.826887214,
          0.005192512000000704,
          5882.827202343
        ],
        [
          5882.82193031,
          5882.827580823,
          0.005650669000001329,
          5882.827815322
        ],
        [
          5882.827124413,
          5882.834044531,
          0.006919576000001371,
          5882.834192061
        ],
        [
          5882.827700052,
          5882.833763523,
          0.0060642589999986285,
          5882.83430675
        ],
        [
          5882.833915002,
          5882.839190965,
          0.005276460999997568,
          5882.839430165
        ],
        [
          5882.834193891,
          5882.839656604,
          0.005462980999997313,
          5882.839768463
        ],
        [
          5882.839351154,
          5882.845638755,
          0.006287948000000654,
          5882.845879325
        ],
        [
          5882.839797294,
          5882.845956254,
          0.006159097999997698,
          5882.846080284
        ],
        [
          5882.845797634,
          5882.852384504,
          0.006587147000001181,
          5882.852502953
        ],
        [
          5882.846127753,
          5882.852140805,
          0.006012979000001195,
          5882.852636793
        ],
        [
          5882.852309025,
          5882.857968566,
          0.005659709999999762,
          5882.858082546
        ],
        [
          5882.852545513,
          5882.858616394,
          0.006071018000000095,
          5882.858724753
        ],
        [
          5882.858134915,
          5882.863952427,
          0.005817638999999986,
          5882.864089006
        ],
        [
          5882.858757824,
          5882.864884474,
          0.006127158000001742,
          5882.864972674
        ],
        [
          5882.864144506,
          5882.870592336,
          0.0064478670000021054,
          5882.870736235
        ],
        [
          5882.865035214,
          5882.871633203,
          0.006598146999998278,
          5882.871775352
        ],
        [
          5882.870772886,
          5882.877187086,
          0.006414205999998757,
          5882.877304925
        ],
        [
          5882.871772492,
          5882.877714593,
          0.005942648000001327,
          5882.877819633
        ],
        [
          5882.877364295,
          5882.883212366,
          0.005848209000003379,
          5882.883327715
        ],
        [
          5882.877863713,
          5882.883616025,
          0.005752449999999243,
          5882.883700344
        ],
        [
          5882.883381686,
          5882.889317126,
          0.005935587999999825,
          5882.889426786
        ],
        [
          5882.883769894,
          5882.889679936,
          0.005910648999996937,
          5882.889773555
        ],
        [
          5882.889485326,
          5882.895230968,
          0.005745629999999835,
          5882.895527587
        ],
        [
          5882.889826515,
          5882.896237334,
          0.006410977000001594,
          5882.896447113
        ],
        [
          5882.895391577,
          5882.901888526,
          0.006497176999999965,
          5882.902149916
        ],
        [
          5882.896383874,
          5882.901992786,
          0.005609129999999851,
          5882.902284756
        ],
        [
          5882.902074436,
          5882.907602769,
          0.005528399999999323,
          5882.907841598
        ],
        [
          5882.902220706,
          5882.908029528,
          0.005808959000003,
          5882.908225007
        ],
        [
          5882.907757278,
          5882.914025498,
          0.006268237000000454,
          5882.914254527
        ],
        [
          5882.908165057,
          5882.913756829,
          0.005591820000002912,
          5882.914288707
        ],
        [
          5882.913884138,
          5882.919606641,
          0.005722699999999747,
          5882.91990488
        ],
        [
          5882.914169277,
          5882.91977032,
          0.005601191000000227,
          5882.920144199
        ],
        [
          5882.919767091,
          5882.92587866,
          0.006111809000000079,
          5882.92603587
        ],
        [
          5882.920035159,
          5882.925578212,
          0.005543030999998422,
          5882.92615097
        ],
        [
          5882.925739781,
          5882.931623462,
          0.005883818999997459,
          5882.931973702
        ],
        [
          5882.92604188,
          5882.931622632,
          0.005580909999999051,
          5882.932026172
        ],
        [
          5882.931769692,
          5882.937176075,
          0.0054064699999969434,
          5882.937279335
        ],
        [
          5882.931856331,
          5882.937578144,
          0.005721659999998963,
          5882.937715063
        ],
        [
          5882.937321195,
          5882.943275985,
          0.005954907999999648,
          5882.943577315
        ],
        [
          5882.937703254,
          5882.943272445,
          0.005568860000000342,
          5882.943619144
        ],
        [
          5882.943446455,
          5882.949037787,
          0.00559137999999848,
          5882.949422546
        ],
        [
          5882.943662274,
          5882.950505853,
          0.006843645000000009,
          5882.950731552
        ],
        [
          5882.949202587,
          5882.954946099,
          0.005743859999999046,
          5882.955243747
        ],
        [
          5882.950681172,
          5882.956991102,
          0.006309858000001611,
          5882.957107202
        ],
        [
          5882.955102728,
          5882.961360448,
          0.0062578379999997935,
          5882.961635898
        ],
        [
          5882.957137252,
          5882.96371994,
          0.006582706999999743,
          5882.963909219
        ],
        [
          5882.961493987,
          5882.96727588,
          0.005782098999997487,
          5882.967480699
        ],
        [
          5882.96386242,
          5882.969634742,
          0.005772209999999944,
          5882.969728222
        ],
        [
          5882.967421139,
          5882.973452489,
          0.00603182900000121,
          5882.973717699
        ],
        [
          5882.969768922,
          5882.975495594,
          0.0057266489999996395,
          5882.975654523
        ],
        [
          5882.973583059,
          5882.979517991,
          0.005935478999997912,
          5882.979717101
        ],
        [
          5882.975624603,
          5882.981421964,
          0.005797429000001131,
          5882.981511255
        ],
        [
          5882.97965157,
          5882.985179543,
          0.005528151000000037,
          5882.985402572
        ],
        [
          5882.981544745,
          5882.987410696,
          0.005865958999997645,
          5882.987593725
        ],
        [
          5882.985314152,
          5882.990969624,
          0.005655709000002673,
          5882.991257913
        ],
        [
          5882.987540665,
          5882.993422926,
          0.005882429999999772,
          5882.993637105
        ],
        [
          5882.991119264,
          5882.996836256,
          0.005717419999999862,
          5882.997143045
        ],
        [
          5882.993570046,
          5882.999013628,
          0.005443559999999792,
          5882.999221239
        ],
        [
          5882.996989266,
          5883.003044356,
          0.006055009000000666,
          5883.003298295
        ],
        [
          5882.999170139,
          5883.00495128,
          0.005780809000000886,
          5883.00514166
        ],
        [
          5883.003197355,
          5883.009387676,
          0.006190726999999896,
          5883.009517506
        ],
        [
          5883.005105749,
          5883.011514549,
          0.00640868600000033,
          5883.011664489
        ],
        [
          5883.009538386,
          5883.015291227,
          0.005753109000000478,
          5883.015484347
        ],
        [
          5883.011651059,
          5883.017951259,
          0.006300138000000288,
          5883.018053208
        ],
        [
          5883.015420737,
          5883.021476718,
          0.0060560279999997135,
          5883.021659528
        ],
        [
          5883.018085858,
          5883.024290669,
          0.006204858000000257,
          5883.024398528
        ],
        [
          5883.021605948,
          5883.027721748,
          0.006115967999999583,
          5883.027841828
        ],
        [
          5883.024420548,
          5883.03005343,
          0.005632969000000543,
          5883.03014407
        ],
        [
          5883.027855537,
          5883.033730058,
          0.005874799000000763,
          5883.033846858
        ],
        [
          5883.03019001,
          5883.035768822,
          0.005578870000000791,
          5883.035854142
        ],
        [
          5883.033863298,
          5883.040154858,
          0.006291747000002346,
          5883.040319878
        ],
        [
          5883.035892062,
          5883.041882553,
          0.005990518000000833,
          5883.041973133
        ],
        [
          5883.040284688,
          5883.046594569,
          0.00631009700000007,
          5883.046797157
        ],
        [
          5883.042019883,
          5883.048178993,
          0.0061592379999986235,
          5883.048268872
        ],
        [
          5883.046718268,
          5883.05234446,
          0.005626419999998689,
          5883.052612989
        ],
        [
          5883.048301492,
          5883.054251244,
          0.005949777999997963,
          5883.054419784
        ],
        [
          5883.052477499,
          5883.058310751,
          0.005833770000002403,
          5883.05849797
        ],
        [
          5883.054377444,
          5883.060334645,
          0.005948739000000813,
          5883.060428404
        ],
        [
          5883.05843849,
          5883.06488158,
          0.006443626999999452,
          5883.065245819
        ],
        [
          5883.060457504,
          5883.067020953,
          0.006563456000002077,
          5883.067267792
        ],
        [
          5883.06503859,
          5883.07126242,
          0.006223957999999641,
          5883.071562159
        ],
        [
          5883.067180133,
          5883.072904125,
          0.005724139000001571,
          5883.073108113
        ],
        [
          5883.07142111,
          5883.077834359,
          0.006413486999999662,
          5883.078141618
        ],
        [
          5883.073066264,
          5883.078937876,
          0.005871629000001377,
          5883.079055286
        ],
        [
          5883.077974829,
          5883.084304359,
          0.00632942700000072,
          5883.084583848
        ],
        [
          5883.079090646,
          5883.085194835,
          0.00610417800000107,
          5883.085398425
        ],
        [
          5883.084437058,
          5883.091287227,
          0.006850385999999986,
          5883.091543136
        ],
        [
          5883.085325205,
          5883.091514306,
          0.006189177999999629,
          5883.091706535
        ],
        [
          5883.091420316,
          5883.098290464,
          0.00687028500000153,
          5883.098498883
        ],
        [
          5883.091636886,
          5883.097719816,
          0.006083389000000494,
          5883.098542203
        ],
        [
          5883.097895035,
          5883.103735197,
          0.00584011900000192,
          5883.103991076
        ],
        [
          5883.098425833,
          5883.104482494,
          0.0060567670000004625,
          5883.104639184
        ],
        [
          5883.103869037,
          5883.110041767,
          0.006172578000001039,
          5883.110174176
        ],
        [
          5883.104600785,
          5883.110426555,
          0.005825999000002469,
          5883.110515255
        ],
        [
          5883.110173887,
          5883.116134398,
          0.005960557999998173,
          5883.116406777
        ],
        [
          5883.110544875,
          5883.116339868,
          0.005795128999999122,
          5883.116537927
        ],
        [
          5883.116270608,
          5883.12180987,
          0.005539610999999667,
          5883.122092039
        ],
        [
          5883.116576296,
          5883.122175829,
          0.005599639999999795,
          5883.122276688
        ],
        [
          5883.121939899,
          5883.128477649,
          0.006537996999998796,
          5883.128943428
        ],
        [
          5883.122297138,
          5883.128475949,
          0.006178938000001466,
          5883.128996087
        ],
        [
          5883.128621889,
          5883.134466399,
          0.0058445680000005495,
          5883.134735758
        ],
        [
          5883.128761988,
          5883.135358056,
          0.0065960959999991076,
          5883.135597795
        ],
        [
          5883.134600839,
          5883.14069123,
          0.006090399000001412,
          5883.141044369
        ],
        [
          5883.135511906,
          5883.141094269,
          0.005582329999999303,
          5883.141323968
        ],
        [
          5883.14085939,
          5883.147198279,
          0.006338946999999706,
          5883.147520838
        ],
        [
          5883.141226249,
          5883.147560328,
          0.00633407700000177,
          5883.147809887
        ],
        [
          5883.147355278,
          5883.153815738,
          0.006460705999998595,
          5883.154148517
        ],
        [
          5883.147683657,
          5883.154540966,
          0.0068573460000003195,
          5883.154746705
        ],
        [
          5883.153951958,
          5883.160377857,
          0.006426077000000419,
          5883.160646706
        ],
        [
          5883.154665915,
          5883.160717786,
          0.006051948999999723,
          5883.160959356
        ],
        [
          5883.160507587,
          5883.16618211,
          0.005674679999998489,
          5883.166522488
        ],
        [
          5883.160846047,
          5883.166464798,
          0.005619019999997477,
          5883.166739088
        ],
        [
          5883.166333389,
          5883.172877717,
          0.006544476000001964,
          5883.173148197
        ],
        [
          5883.166613558,
          5883.17222263,
          0.005609220000000192,
          5883.173186068
        ],
        [
          5883.172361159,
          5883.178700819,
          0.006339738000001205,
          5883.179009198
        ],
        [
          5883.173013437,
          5883.179489347,
          0.006476077000002078,
          5883.179701326
        ],
        [
          5883.178854069,
          5883.185026099,
          0.006172058000000646,
          5883.185304368
        ],
        [
          5883.179609796,
          5883.185655848,
          0.006046087999997951,
          5883.185895217
        ],
        [
          5883.185172529,
          5883.191310579,
          0.006138248999999263,
          5883.191610889
        ],
        [
          5883.185780557,
          5883.192270506,
          0.006490137000000118,
          5883.192371756
        ],
        [
          5883.191479249,
          5883.198378428,
          0.00689940599999872,
          5883.198699626
        ],
        [
          5883.192412955,
          5883.198373577,
          0.005960749999999848,
          5883.198733976
        ],
        [
          5883.198535677,
          5883.204412748,
          0.005877168999997906,
          5883.204532448
        ],
        [
          5883.198675816,
          5883.204811476,
          0.006135647000000688,
          5883.204919056
        ],
        [
          5883.204573087,
          5883.210530199,
          0.0059573489999991125,
          5883.210838538
        ],
        [
          5883.204965776,
          5883.211559895,
          0.0065941660000028435,
          5883.211675085
        ],
        [
          5883.210690258,
          5883.216975048,
          0.006284926999999385,
          5883.217112397
        ],
        [
          5883.211688565,
          5883.218101085,
          0.0064125370000027715,
          5883.218201654
        ],
        [
          5883.217115288,
          5883.223117219,
          0.0060020590000000595,
          5883.223234298
        ],
        [
          5883.218222605,
          5883.224171625,
          0.005949067999999613,
          5883.224262095
        ],
        [
          5883.223248189,
          5883.230382895,
          0.007134834000002144,
          5883.230492175
        ]
      ]
    },
    {
      "round_index": 13,
      "map_setup_wall_s": 0.0016913740000745747,
      "map_setup_parent_cpu_s": 0.002310167000000085,
      "result_next_wall_s": 0.8439372899883892,
      "result_next_parent_cpu_s": 0.04931598599999987,
      "serial_result_processing_wall_s": 0.011990844001047662,
      "serial_result_processing_parent_cpu_s": 0.013582620000000212,
      "worker_placement_wall_sum_s": 1.668846550993294,
      "worker_placement_cpu_sum_s": 1.668604350000006,
      "worker_tasks": 181,
      "per_worker": {
        "20194": 90,
        "20197": 91
      },
      "task_intervals": [
        [
          5883.882974418,
          5883.883831824,
          0.0008568060000015976,
          5883.884009494
        ],
        [
          5883.883104637,
          5883.892902676,
          0.009799754999999521,
          5883.893322805
        ],
        [
          5883.884015923,
          5883.893297434,
          0.009281795999999787,
          5883.893448524
        ],
        [
          5883.893162385,
          5883.902658005,
          0.009496645999998776,
          5883.903235783
        ],
        [
          5883.893483854,
          5883.902735965,
          0.009252556999999939,
          5883.903263153
        ],
        [
          5883.902921784,
          5883.912147864,
          0.009227417000001736,
          5883.912616533
        ],
        [
          5883.903192383,
          5883.913312631,
          0.010120304000000857,
          5883.91362639
        ],
        [
          5883.912406324,
          5883.921162256,
          0.008757738999999987,
          5883.921645894
        ],
        [
          5883.91352916,
          5883.923548249,
          0.01001913500000029,
          5883.923739228
        ],
        [
          5883.921413925,
          5883.929810459,
          0.008397760000001142,
          5883.930297137
        ],
        [
          5883.923745328,
          5883.933133808,
          0.009388766000000714,
          5883.933492327
        ],
        [
          5883.930071838,
          5883.939503327,
          0.00943254599999932,
          5883.939970267
        ],
        [
          5883.933331498,
          5883.94231041,
          0.008977667999999994,
          5883.942501449
        ],
        [
          5883.939711407,
          5883.949358286,
          0.009648175000002368,
          5883.949662186
        ],
        [
          5883.942499909,
          5883.951838388,
          0.009338396000000415,
          5883.951993748
        ],
        [
          5883.949570407,
          5883.958503447,
          0.008934207999999444,
          5883.958780537
        ],
        [
          5883.952037028,
          5883.961186739,
          0.009149968000002673,
          5883.961380158
        ],
        [
          5883.958702147,
          5883.967105981,
          0.00840412000000157,
          5883.96737477
        ],
        [
          5883.961367869,
          5883.970828868,
          0.009461335000001014,
          5883.971180247
        ],
        [
          5883.96730225,
          5883.976113171,
          0.00881180800000081,
          5883.97653397
        ],
        [
          5883.971028248,
          5883.980238919,
          0.009210877000001005,
          5883.980500128
        ],
        [
          5883.976323101,
          5883.984779255,
          0.008455810000000952,
          5883.985025704
        ],
        [
          5883.980435328,
          5883.988939991,
          0.008504970000000611,
          5883.98920648
        ],
        [
          5883.984967914,
          5883.993289457,
          0.008321840000000691,
          5883.993576007
        ],
        [
          5883.98914038,
          5883.998042562,
          0.008902917999996873,
          5883.998403621
        ],
        [
          5883.993484767,
          5884.001875081,
          0.008390921000000162,
          5884.00212108
        ],
        [
          5883.998245052,
          5884.007982431,
          0.009738175999999044,
          5884.0082834
        ],
        [
          5884.00206906,
          5884.011072421,
          0.009003497999998444,
          5884.01127355
        ],
        [
          5884.00819057,
          5884.017177162,
          0.008978058000000289,
          5884.017470421
        ],
        [
          5884.01124868,
          5884.020384311,
          0.009129347999998316,
          5884.020656701
        ],
        [
          5884.017376801,
          5884.025668214,
          0.00829205899999863,
          5884.026136393
        ],
        [
          5884.020567131,
          5884.029630673,
          0.009063767999997197,
          5884.029960501
        ],
        [
          5884.025878884,
          5884.034701617,
          0.008823198999998283,
          5884.035120055
        ],
        [
          5884.029842982,
          5884.038680083,
          0.008837218000000036,
          5884.039041972
        ],
        [
          5884.034929036,
          5884.043157049,
          0.008228841000001097,
          5884.043468788
        ],
        [
          5884.038869952,
          5884.048475592,
          0.009605884999999148,
          5884.048892911
        ],
        [
          5884.043359898,
          5884.051829972,
          0.008470158999998034,
          5884.052161201
        ],
        [
          5884.048668601,
          5884.057355534,
          0.008687437999999048,
          5884.057671593
        ],
        [
          5884.052014622,
          5884.061124392,
          0.009109797000000697,
          5884.061435362
        ],
        [
          5884.057541554,
          5884.066879975,
          0.009339075999999835,
          5884.067337733
        ],
        [
          5884.061301992,
          5884.069874995,
          0.008573219999998827,
          5884.070204964
        ],
        [
          5884.067126774,
          5884.075883986,
          0.008758060000001677,
          5884.076348593
        ],
        [
          5884.070088094,
          5884.080193902,
          0.010105824000000041,
          5884.080571831
        ],
        [
          5884.076132474,
          5884.085455445,
          0.009181496999996597,
          5884.085850204
        ],
        [
          5884.080422731,
          5884.089289433,
          0.008698428000002423,
          5884.089641932
        ],
        [
          5884.085683815,
          5884.094223628,
          0.008539988999999082,
          5884.094624847
        ],
        [
          5884.089504063,
          5884.098363784,
          0.00885991899999894,
          5884.098727463
        ],
        [
          5884.094451227,
          5884.103208489,
          0.008757858999999257,
          5884.103594898
        ],
        [
          5884.098580623,
          5884.107034197,
          0.008453668999997888,
          5884.107374786
        ],
        [
          5884.103435128,
          5884.112203551,
          0.008769038000000506,
          5884.112615579
        ],
        [
          5884.107256087,
          5884.116431238,
          0.009175295999998667,
          5884.116800516
        ],
        [
          5884.1124402,
          5884.121426371,
          0.008986447000001618,
          5884.12180833
        ],
        [
          5884.116657657,
          5884.125312709,
          0.008654618999997865,
          5884.125665148
        ],
        [
          5884.121646011,
          5884.130855821,
          0.009209996999999248,
          5884.131150241
        ],
        [
          5884.125524458,
          5884.13444025,
          0.008916437999999971,
          5884.13469344
        ],
        [
          5884.131091541,
          5884.139950703,
          0.008859658000002213,
          5884.140393121
        ],
        [
          5884.13467168,
          5884.143588651,
          0.008917167999999975,
          5884.14397447
        ],
        [
          5884.140204462,
          5884.149184774,
          0.0089805279999986,
          5884.149468993
        ],
        [
          5884.143815101,
          5884.152475423,
          0.00866049900000121,
          5884.152830822
        ],
        [
          5884.149406043,
          5884.158082025,
          0.008676339000000866,
          5884.158523624
        ],
        [
          5884.152674332,
          5884.161714014,
          0.009039778000001775,
          5884.162092813
        ],
        [
          5884.158297514,
          5884.167369296,
          0.009072287000002177,
          5884.167678404
        ],
        [
          5884.161923283,
          5884.170537815,
          0.008614568999998795,
          5884.170852285
        ],
        [
          5884.167588565,
          5884.177577223,
          0.009989413999999641,
          5884.178033502
        ],
        [
          5884.170716434,
          5884.179794396,
          0.009078088000002538,
          5884.180061505
        ],
        [
          5884.177824992,
          5884.187338442,
          0.009514885999998057,
          5884.187769331
        ],
        [
          5884.179990165,
          5884.189278216,
          0.009288456000000167,
          5884.189546866
        ],
        [
          5884.187550812,
          5884.197071771,
          0.009522175000000743,
          5884.197376941
        ],
        [
          5884.189467706,
          5884.197988639,
          0.008520889999999781,
          5884.198322828
        ],
        [
          5884.197292881,
          5884.206811251,
          0.00951900600000144,
          5884.207373649
        ],
        [
          5884.198184358,
          5884.20707352,
          0.008889739000000674,
          5884.207461549
        ],
        [
          5884.20707203,
          5884.215639712,
          0.008568208999999882,
          5884.216032722
        ],
        [
          5884.207358379,
          5884.216363701,
          0.009005368000000402,
          5884.21652997
        ],
        [
          5884.215832103,
          5884.224274796,
          0.008444050000001369,
          5884.224633324
        ],
        [
          5884.21653386,
          5884.225321032,
          0.008787528999999239,
          5884.225552911
        ],
        [
          5884.224472384,
          5884.233622146,
          0.00915014699999972,
          5884.233963315
        ],
        [
          5884.225495311,
          5884.234034245,
          0.008539320000000572,
          5884.234179064
        ],
        [
          5884.233825706,
          5884.242300198,
          0.00847564000000034,
          5884.242735326
        ],
        [
          5884.234218074,
          5884.244239122,
          0.010021313999999393,
          5884.244466901
        ],
        [
          5884.242538197,
          5884.252157537,
          0.009620215999998294,
          5884.252535415
        ],
        [
          5884.244425881,
          5884.253455193,
          0.009029607999998746,
          5884.253690143
        ],
        [
          5884.252382086,
          5884.260671321,
          0.008289270999998877,
          5884.261060319
        ],
        [
          5884.253625903,
          5884.263282622,
          0.009656966000001432,
          5884.263496241
        ],
        [
          5884.260894949,
          5884.270287129,
          0.00939213700000252,
          5884.270461079
        ],
        [
          5884.263457561,
          5884.2735453,
          0.010088363999997796,
          5884.273808319
        ],
        [
          5884.27048771,
          5884.278893263,
          0.008405741000000688,
          5884.279163062
        ],
        [
          5884.273746199,
          5884.283132229,
          0.009386115999998168,
          5884.283372589
        ],
        [
          5884.279085142,
          5884.287939314,
          0.008854199000001728,
          5884.288274743
        ],
        [
          5884.283321969,
          5884.292758198,
          0.009436396999998209,
          5884.293113087
        ],
        [
          5884.288149623,
          5884.297271964,
          0.009121987000000331,
          5884.297624903
        ],
        [
          5884.292956128,
          5884.302516647,
          0.00956079600000237,
          5884.302862887
        ],
        [
          5884.297470203,
          5884.305939086,
          0.008468998999997979,
          5884.306156256
        ],
        [
          5884.302706776,
          5884.311876747,
          0.009170958000002116,
          5884.312165106
        ],
        [
          5884.306145646,
          5884.315514867,
          0.009369295999999139,
          5884.315740006
        ],
        [
          5884.312100477,
          5884.320988249,
          0.008888227999999998,
          5884.321333538
        ],
        [
          5884.315690276,
          5884.324682967,
          0.008992817999999403,
          5884.324990025
        ],
        [
          5884.321190698,
          5884.329417772,
          0.008227480999998704,
          5884.329703211
        ],
        [
          5884.324858626,
          5884.334189637,
          0.00933123700000138,
          5884.334529706
        ],
        [
          5884.329646711,
          5884.339620279,
          0.009974294000002715,
          5884.339863369
        ],
        [
          5884.334386406,
          5884.342946429,
          0.008560359000000517,
          5884.343253559
        ],
        [
          5884.339844738,
          5884.34884657,
          0.00900325699999982,
          5884.349294219
        ],
        [
          5884.343128899,
          5884.351329022,
          0.008200529999999873,
          5884.351622592
        ],
        [
          5884.349086609,
          5884.359033558,
          0.009947784000001292,
          5884.359485567
        ],
        [
          5884.351518252,
          5884.359637506,
          0.008119530999998403,
          5884.359867945
        ],
        [
          5884.359257137,
          5884.36790089,
          0.008644608999997416,
          5884.368221869
        ],
        [
          5884.359834285,
          5884.368672307,
          0.008838158999999735,
          5884.368885347
        ],
        [
          5884.36812502,
          5884.376666392,
          0.008542338999998123,
          5884.376975561
        ],
        [
          5884.368849137,
          5884.378040678,
          0.009192096999999677,
          5884.378266277
        ],
        [
          5884.376886041,
          5884.386082903,
          0.009197516000000405,
          5884.386355142
        ],
        [
          5884.378213797,
          5884.387465588,
          0.00925184700000159,
          5884.387647338
        ],
        [
          5884.386284482,
          5884.395259403,
          0.00897559699999917,
          5884.395533883
        ],
        [
          5884.387633218,
          5884.396018291,
          0.008385439999997857,
          5884.396212
        ],
        [
          5884.395450553,
          5884.403996466,
          0.008552939000001203,
          5884.404273214
        ],
        [
          5884.396202851,
          5884.404630253,
          0.00842760899999817,
          5884.404746613
        ],
        [
          5884.404224554,
          5884.413676325,
          0.009452045999999825,
          5884.413859875
        ],
        [
          5884.404790203,
          5884.413236917,
          0.008447499000002523,
          5884.413927874
        ],
        [
          5884.413448486,
          5884.422972066,
          0.009523896000001031,
          5884.423351445
        ],
        [
          5884.413855944,
          5884.423388294,
          0.00953263699999951,
          5884.423654104
        ],
        [
          5884.423207065,
          5884.431801977,
          0.008595149000001356,
          5884.432216516
        ],
        [
          5884.423551513,
          5884.433826461,
          0.010275143000001208,
          5884.43407022
        ],
        [
          5884.432056506,
          5884.442069545,
          0.01001546399999853,
          5884.442487334
        ],
        [
          5884.43404274,
          5884.443959779,
          0.009917585000000173,
          5884.444170798
        ],
        [
          5884.442312185,
          5884.452095344,
          0.009784124999999477,
          5884.452515112
        ],
        [
          5884.444159838,
          5884.453417949,
          0.009257836999999824,
          5884.453577938
        ],
        [
          5884.452323343,
          5884.462034582,
          0.009712185000001483,
          5884.462441181
        ],
        [
          5884.453610829,
          5884.463930005,
          0.010319433999999461,
          5884.464162724
        ],
        [
          5884.462274542,
          5884.472726708,
          0.010452982999996863,
          5884.473136227
        ],
        [
          5884.464118665,
          5884.474548291,
          0.010429872999999645,
          5884.474757382
        ],
        [
          5884.472940437,
          5884.482701117,
          0.009761233999999064,
          5884.482990796
        ],
        [
          5884.474747092,
          5884.485204989,
          0.010457812000002065,
          5884.485415638
        ],
        [
          5884.482893526,
          5884.494102009,
          0.011209290000000038,
          5884.494530079
        ],
        [
          5884.485389948,
          5884.494938127,
          0.009548406000000398,
          5884.495225337
        ],
        [
          5884.494317709,
          5884.50356022,
          0.009243956999998915,
          5884.504049618
        ],
        [
          5884.495125787,
          5884.504817807,
          0.009691955000000974,
          5884.505020635
        ],
        [
          5884.503792359,
          5884.513709307,
          0.00991784500000037,
          5884.514166916
        ],
        [
          5884.504991366,
          5884.514910244,
          0.009919144000001268,
          5884.515176254
        ],
        [
          5884.513931687,
          5884.523502616,
          0.00957103500000045,
          5884.523874226
        ],
        [
          5884.515114394,
          5884.524505344,
          0.00939101699999867,
          5884.524734584
        ],
        [
          5884.523709156,
          5884.533036597,
          0.009328186000001182,
          5884.533484105
        ],
        [
          5884.524674884,
          5884.53523251,
          0.010558001999999789,
          5884.535475839
        ],
        [
          5884.533251196,
          5884.543255114,
          0.010004513999998466,
          5884.543711772
        ],
        [
          5884.535415469,
          5884.545200308,
          0.009784864999996756,
          5884.545449027
        ],
        [
          5884.543476944,
          5884.554051471,
          0.010574652999999046,
          5884.554423459
        ],
        [
          5884.545393187,
          5884.556147953,
          0.010755151999997992,
          5884.556390852
        ],
        [
          5884.55425342,
          5884.563965918,
          0.00971358500000008,
          5884.564402927
        ],
        [
          5884.556317383,
          5884.566097812,
          0.009780625000001208,
          5884.566376851
        ],
        [
          5884.564199059,
          5884.573669808,
          0.009471726000001013,
          5884.573963327
        ],
        [
          5884.566280921,
          5884.57593389,
          0.0096533050000005,
          5884.5762172
        ],
        [
          5884.573894917,
          5884.584085976,
          0.010191715000001267,
          5884.584518634
        ],
        [
          5884.57613252,
          5884.586466428,
          0.010333803000001751,
          5884.586714457
        ],
        [
          5884.584298564,
          5884.593738924,
          0.009441526999999894,
          5884.594118084
        ],
        [
          5884.586654947,
          5884.597369043,
          0.010714392000000572,
          5884.597680172
        ],
        [
          5884.593928414,
          5884.604868369,
          0.010940511000001152,
          5884.605249968
        ],
        [
          5884.597563262,
          5884.60767789,
          0.010114874000002771,
          5884.608010229
        ],
        [
          5884.605090598,
          5884.614526608,
          0.009436906000001244,
          5884.614989997
        ],
        [
          5884.60788384,
          5884.618079117,
          0.01019525300000268,
          5884.618416906
        ],
        [
          5884.614751028,
          5884.623703519,
          0.00895318800000311,
          5884.624140538
        ],
        [
          5884.618297836,
          5884.628565534,
          0.010268113999998718,
          5884.628845814
        ],
        [
          5884.623934939,
          5884.6330307,
          0.009095736999999104,
          5884.633352099
        ],
        [
          5884.628782883,
          5884.637730265,
          0.008947718999998244,
          5884.638084604
        ],
        [
          5884.633225079,
          5884.641933812,
          0.00870936800000166,
          5884.642309531
        ],
        [
          5884.637926374,
          5884.647123545,
          0.009197836999998543,
          5884.647470854
        ],
        [
          5884.642162201,
          5884.652060469,
          0.009898464999999135,
          5884.652401919
        ],
        [
          5884.647325395,
          5884.656867825,
          0.009542685999999634,
          5884.657223883
        ],
        [
          5884.652251939,
          5884.662277927,
          0.010026444000001078,
          5884.662581026
        ],
        [
          5884.657090504,
          5884.667027912,
          0.009937484999998247,
          5884.667420851
        ],
        [
          5884.662463876,
          5884.672023466,
          0.009559876999997385,
          5884.672300445
        ],
        [
          5884.667245132,
          5884.676612292,
          0.009366895999999514,
          5884.67702691
        ],
        [
          5884.672232796,
          5884.681894005,
          0.009661506000000486,
          5884.682243154
        ],
        [
          5884.676816841,
          5884.686306001,
          0.009489227000003098,
          5884.68662705
        ],
        [
          5884.682088185,
          5884.691292205,
          0.009203977999998614,
          5884.691537515
        ],
        [
          5884.68650446,
          5884.695685461,
          0.009181267000002435,
          5884.696027169
        ],
        [
          5884.691488525,
          5884.700905574,
          0.009417515999999182,
          5884.701249534
        ],
        [
          5884.69588048,
          5884.704710833,
          0.008830388999999883,
          5884.705048092
        ],
        [
          5884.701101434,
          5884.710476274,
          0.009375116000001071,
          5884.710853182
        ],
        [
          5884.704884542,
          5884.714306692,
          0.009422816000000722,
          5884.714626681
        ],
        [
          5884.710685163,
          5884.720125213,
          0.009440886000000148,
          5884.720477182
        ],
        [
          5884.714498162,
          5884.724051552,
          0.009553416999999342,
          5884.72435858
        ],
        [
          5884.720321193,
          5884.729706663,
          0.00938629599999885,
          5884.730020292
        ],
        [
          5884.72425858,
          5884.732809093,
          0.008550548999998853,
          5884.733069602
        ],
        [
          5884.729895582,
          5884.739330793,
          0.00943558600000216,
          5884.739536092
        ]
      ]
    },
    {
      "round_index": 14,
      "map_setup_wall_s": 0.0014325760002975585,
      "map_setup_parent_cpu_s": 0.001986867000000281,
      "result_next_wall_s": 1.0360690169982263,
      "result_next_parent_cpu_s": 0.0547336740000004,
      "serial_result_processing_wall_s": 0.009126042992647854,
      "serial_result_processing_parent_cpu_s": 0.010547975000007703,
      "worker_placement_wall_sum_s": 2.0384602990025087,
      "worker_placement_cpu_sum_s": 2.038393686999992,
      "worker_tasks": 181,
      "per_worker": {
        "20194": 92,
        "20197": 89
      },
      "task_intervals": [
        [
          5885.389536622,
          5885.390555909,
          0.0010182770000000119,
          5885.390743579
        ],
        [
          5885.389582491,
          5885.401147025,
          0.011565768000000531,
          5885.401659273
        ],
        [
          5885.390709488,
          5885.402110592,
          0.011401349999999866,
          5885.402343241
        ],
        [
          5885.401424194,
          5885.411591362,
          0.010168263999997151,
          5885.41210955
        ],
        [
          5885.402301771,
          5885.413576446,
          0.011275099999998872,
          5885.413815935
        ],
        [
          5885.411862941,
          5885.422068299,
          0.010206893000002992,
          5885.422509307
        ],
        [
          5885.413768125,
          5885.42480115,
          0.011033390999998005,
          5885.42509285
        ],
        [
          5885.422328767,
          5885.433282073,
          0.010954880999999972,
          5885.433783602
        ],
        [
          5885.425012459,
          5885.435602966,
          0.010590952000001153,
          5885.435795456
        ],
        [
          5885.433548863,
          5885.444765947,
          0.01121859100000222,
          5885.445179276
        ],
        [
          5885.435786505,
          5885.446460751,
          0.01067444200000267,
          5885.446720701
        ],
        [
          5885.445024656,
          5885.455841022,
          0.010817021000001148,
          5885.4562335
        ],
        [
          5885.44665869,
          5885.458404814,
          0.011746418000001313,
          5885.458705512
        ],
        [
          5885.456083491,
          5885.466965096,
          0.010882341000002071,
          5885.467446385
        ],
        [
          5885.458601483,
          5885.469988537,
          0.011387270000000171,
          5885.470343856
        ],
        [
          5885.467247586,
          5885.478225741,
          0.010979321000000652,
          5885.47854991
        ],
        [
          5885.470205996,
          5885.481708899,
          0.011503379000000535,
          5885.482017118
        ],
        [
          5885.47849287,
          5885.489591005,
          0.01109892000000201,
          5885.490026174
        ],
        [
          5885.481910939,
          5885.492436806,
          0.010526152000000621,
          5885.492749415
        ],
        [
          5885.489830405,
          5885.502216046,
          0.01238705600000145,
          5885.502633484
        ],
        [
          5885.492638576,
          5885.503189402,
          0.010551113000001777,
          5885.503379331
        ],
        [
          5885.502459754,
          5885.513612078,
          0.011154148999999336,
          5885.514128516
        ],
        [
          5885.503370961,
          5885.515595403,
          0.012224875999997664,
          5885.515792402
        ],
        [
          5885.513882288,
          5885.525248952,
          0.011367749999998011,
          5885.525673751
        ],
        [
          5885.515796182,
          5885.527080996,
          0.011285199999999662,
          5885.527288875
        ],
        [
          5885.525500421,
          5885.536691615,
          0.011193060000000088,
          5885.537089504
        ],
        [
          5885.527269146,
          5885.537851302,
          0.010582502000001881,
          5885.538108701
        ],
        [
          5885.536928676,
          5885.547585811,
          0.010658742000000387,
          5885.5479232
        ],
        [
          5885.538053712,
          5885.548666287,
          0.010612441999999334,
          5885.548871426
        ],
        [
          5885.54787451,
          5885.559328953,
          0.011455878999999669,
          5885.559860272
        ],
        [
          5885.548869017,
          5885.56051374,
          0.01164532900000026,
          5885.5607134
        ],
        [
          5885.559619564,
          5885.570418629,
          0.01080113200000099,
          5885.570886177
        ],
        [
          5885.560718129,
          5885.571864614,
          0.011146951000000627,
          5885.572068704
        ],
        [
          5885.570688637,
          5885.581968042,
          0.011280839999997738,
          5885.582510611
        ],
        [
          5885.572129553,
          5885.583435457,
          0.011305310000000901,
          5885.583751686
        ],
        [
          5885.582254592,
          5885.593901004,
          0.011647748000001457,
          5885.594447643
        ],
        [
          5885.583652787,
          5885.594824572,
          0.011172149000000076,
          5885.595046081
        ],
        [
          5885.594191174,
          5885.605706866,
          0.011516548999999543,
          5885.606291375
        ],
        [
          5885.595046221,
          5885.606714504,
          0.01166861800000163,
          5885.607017793
        ],
        [
          5885.606025076,
          5885.617056151,
          0.011032270999997706,
          5885.617461729
        ],
        [
          5885.606915234,
          5885.617724199,
          0.010809402000003132,
          5885.618024747
        ],
        [
          5885.6173738,
          5885.628048986,
          0.010675072000001506,
          5885.628674664
        ],
        [
          5885.617919288,
          5885.628053376,
          0.010134363999998897,
          5885.628701153
        ],
        [
          5885.628324645,
          5885.638948182,
          0.01062553200000238,
          5885.63948561
        ],
        [
          5885.628651724,
          5885.641194624,
          0.012543145999998728,
          5885.641414183
        ],
        [
          5885.639252131,
          5885.649388928,
          0.010138583999999895,
          5885.649880207
        ],
        [
          5885.641404463,
          5885.652239319,
          0.010835121999999586,
          5885.652570438
        ],
        [
          5885.649679038,
          5885.66124377,
          0.011566638999997991,
          5885.66167566
        ],
        [
          5885.652442209,
          5885.664514331,
          0.012072356000000894,
          5885.66484909
        ],
        [
          5885.66153431,
          5885.672310976,
          0.010777081000000521,
          5885.672620994
        ],
        [
          5885.66471306,
          5885.676321773,
          0.01160953799999831,
          5885.676749732
        ],
        [
          5885.672594565,
          5885.684303838,
          0.011697688000001705,
          5885.684782476
        ],
        [
          5885.676532302,
          5885.687562538,
          0.011030901000001592,
          5885.688031156
        ],
        [
          5885.684574107,
          5885.69628319,
          0.011709847999998857,
          5885.696763058
        ],
        [
          5885.687778757,
          5885.698719672,
          0.01094154100000111,
          5885.699157361
        ],
        [
          5885.696547229,
          5885.708072062,
          0.01152612899999994,
          5885.708575511
        ],
        [
          5885.698922432,
          5885.710040606,
          0.01111845999999872,
          5885.710413385
        ],
        [
          5885.708341951,
          5885.720439893,
          0.012099626999997781,
          5885.720950491
        ],
        [
          5885.710238266,
          5885.721282801,
          0.011044679999997697,
          5885.72160232
        ],
        [
          5885.720721962,
          5885.731523899,
          0.010803151000001066,
          5885.732051606
        ],
        [
          5885.72147064,
          5885.732923243,
          0.0114526299999973,
          5885.733278362
        ],
        [
          5885.731820327,
          5885.742954602,
          0.011136030999999491,
          5885.743481401
        ],
        [
          5885.733118393,
          5885.745204335,
          0.012086076999999307,
          5885.745599963
        ],
        [
          5885.743243521,
          5885.754253676,
          0.011011149999998082,
          5885.754754174
        ],
        [
          5885.745405823,
          5885.756990947,
          0.011585659000001414,
          5885.757237406
        ],
        [
          5885.754528215,
          5885.76550557,
          0.01097898099999739,
          5885.765969619
        ],
        [
          5885.757202797,
          5885.768078742,
          0.010875991999999002,
          5885.768426831
        ],
        [
          5885.76577759,
          5885.776803944,
          0.011027181000002884,
          5885.777214483
        ],
        [
          5885.768288132,
          5885.779352536,
          0.011064750999999262,
          5885.779660806
        ],
        [
          5885.777102523,
          5885.788995976,
          0.011893947000000793,
          5885.789408924
        ],
        [
          5885.779550336,
          5885.790529431,
          0.01097930100000255,
          5885.79070083
        ],
        [
          5885.789282375,
          5885.800913628,
          0.011632047999999173,
          5885.801526406
        ],
        [
          5885.7907218,
          5885.801165627,
          0.010443873000003379,
          5885.801629776
        ],
        [
          5885.801209498,
          5885.813303809,
          0.012094226999998625,
          5885.813679728
        ],
        [
          5885.801395537,
          5885.812251672,
          0.010857420999997203,
          5885.813789467
        ],
        [
          5885.812512711,
          5885.823248688,
          0.010737410999997365,
          5885.823621636
        ],
        [
          5885.813530299,
          5885.825939179,
          0.012408944999997118,
          5885.826240118
        ],
        [
          5885.823505697,
          5885.834413732,
          0.010908890999999699,
          5885.83482368
        ],
        [
          5885.826176288,
          5885.838388229,
          0.012211687000000637,
          5885.838577799
        ],
        [
          5885.834687691,
          5885.845946785,
          0.011259359000000302,
          5885.846346644
        ],
        [
          5885.838641639,
          5885.849498594,
          0.010856751000002163,
          5885.849817113
        ],
        [
          5885.846217015,
          5885.857654088,
          0.01143818899999971,
          5885.858056178
        ],
        [
          5885.849725523,
          5885.861146237,
          0.011420829000002186,
          5885.861430587
        ],
        [
          5885.857916188,
          5885.868941692,
          0.01102639999999866,
          5885.869319471
        ],
        [
          5885.861377376,
          5885.87297283,
          0.011595819000000063,
          5885.873309739
        ],
        [
          5885.869187122,
          5885.880650406,
          0.011463399000000152,
          5885.880847855
        ],
        [
          5885.873205939,
          5885.883498986,
          0.010293263000001218,
          5885.883757865
        ],
        [
          5885.880900645,
          5885.892376728,
          0.011476499000000473,
          5885.892767608
        ],
        [
          5885.883713066,
          5885.89491637,
          0.011203569999999274,
          5885.89518866
        ],
        [
          5885.892635867,
          5885.904665259,
          0.01203036699999771,
          5885.905171528
        ],
        [
          5885.895146799,
          5885.906232554,
          0.01108608999999916,
          5885.906563953
        ],
        [
          5885.904933248,
          5885.916217933,
          0.011284939999999466,
          5885.916484921
        ],
        [
          5885.906439444,
          5885.917282559,
          0.010843690999998046,
          5885.917608808
        ],
        [
          5885.916465142,
          5885.926867968,
          0.010403582999998662,
          5885.927155878
        ],
        [
          5885.917494538,
          5885.928557623,
          0.011063370999998767,
          5885.928882842
        ],
        [
          5885.927142587,
          5885.938305693,
          0.0111638809999981,
          5885.938790711
        ],
        [
          5885.928762863,
          5885.940025907,
          0.011263299999999532,
          5885.940361417
        ],
        [
          5885.93895017,
          5885.950923983,
          0.01197439699999947,
          5885.951354521
        ],
        [
          5885.940254647,
          5885.951408621,
          0.011154390000001513,
          5885.95176384
        ],
        [
          5885.951184572,
          5885.962742835,
          0.011558858999997312,
          5885.963055005
        ],
        [
          5885.9516306,
          5885.964079001,
          0.012448805999998314,
          5885.96435845
        ],
        [
          5885.963023474,
          5885.974129889,
          0.011106529999999282,
          5885.974550637
        ],
        [
          5885.9642635,
          5885.975185006,
          0.010921741000000651,
          5885.975497155
        ],
        [
          5885.974383718,
          5885.985527353,
          0.011143860000000672,
          5885.985952252
        ],
        [
          5885.975399015,
          5885.98659095,
          0.011192139999998574,
          5885.986882058
        ],
        [
          5885.985790202,
          5885.996894837,
          0.01110441100000159,
          5885.997335476
        ],
        [
          5885.986776049,
          5885.998094023,
          0.011317940000001414,
          5885.998388872
        ],
        [
          5885.997142036,
          5886.007638363,
          0.010496871999997381,
          5886.008084271
        ],
        [
          5885.998284053,
          5886.008917599,
          0.010633912999999495,
          5886.009190858
        ],
        [
          5886.007862203,
          5886.018846987,
          0.010985161000000687,
          5886.019221646
        ],
        [
          5886.009120468,
          5886.020233073,
          0.011112970000002775,
          5886.020525882
        ],
        [
          5886.019092436,
          5886.030430761,
          0.011338370000000708,
          5886.030853119
        ],
        [
          5886.020423703,
          5886.031379908,
          0.01095656100000042,
          5886.031676127
        ],
        [
          5886.0306801,
          5886.041917434,
          0.011237770000001035,
          5886.042352933
        ],
        [
          5886.031567996,
          5886.04329602,
          0.011728247999997166,
          5886.043614269
        ],
        [
          5886.042183884,
          5886.053660317,
          0.011477088999999552,
          5886.053928506
        ],
        [
          5886.043503169,
          5886.054331935,
          0.010828770999999904,
          5886.054604504
        ],
        [
          5886.053923466,
          5886.064393713,
          0.010471012000000002,
          5886.064868942
        ],
        [
          5886.054523915,
          5886.066108078,
          0.011460310000000362,
          5886.066426956
        ],
        [
          5886.064684523,
          5886.075443158,
          0.010726672000000548,
          5886.075910896
        ],
        [
          5886.066331557,
          5886.077423022,
          0.0110912400000025,
          5886.077723161
        ],
        [
          5886.075738867,
          5886.086323143,
          0.010584462000000627,
          5886.086723581
        ],
        [
          5886.077633451,
          5886.088587406,
          0.010954080999997728,
          5886.088906115
        ],
        [
          5886.086565582,
          5886.098095676,
          0.011532289000001583,
          5886.098382945
        ],
        [
          5886.088791566,
          5886.099694792,
          0.010903432000002766,
          5886.09992628
        ],
        [
          5886.098341145,
          5886.108976041,
          0.010642381999996786,
          5886.10941899
        ],
        [
          5886.09990798,
          5886.110644577,
          0.010736870999998871,
          5886.110951465
        ],
        [
          5886.109259381,
          5886.119745408,
          0.010486303000000419,
          5886.120220186
        ],
        [
          5886.110850425,
          5886.121926581,
          0.011076450000000904,
          5886.12226179
        ],
        [
          5886.120026327,
          5886.131099891,
          0.011073760000002153,
          5886.131570719
        ],
        [
          5886.12214468,
          5886.132650807,
          0.010506142999997081,
          5886.133010395
        ],
        [
          5886.13136232,
          5886.143770601,
          0.012409726000001342,
          5886.14407348
        ],
        [
          5886.132867876,
          5886.14417378,
          0.011307568999999518,
          5886.144541349
        ],
        [
          5886.14406569,
          5886.155600084,
          0.011533949000000376,
          5886.155993762
        ],
        [
          5886.14438996,
          5886.154915416,
          0.0105265920000015,
          5886.156094742
        ],
        [
          5886.155200595,
          5886.165667972,
          0.010468543000001773,
          5886.16618735
        ],
        [
          5886.155800043,
          5886.166970048,
          0.011170090000000243,
          5886.167266007
        ],
        [
          5886.165953491,
          5886.176321528,
          0.010369191999998861,
          5886.176762927
        ],
        [
          5886.167159038,
          5886.178671121,
          0.01151209900000083,
          5886.17898366
        ],
        [
          5886.176602577,
          5886.188155411,
          0.011553207999998705,
          5886.188626999
        ],
        [
          5886.178866129,
          5886.191310101,
          0.01244410500000015,
          5886.19168795
        ],
        [
          5886.188427679,
          5886.199700144,
          0.011273189000000627,
          5886.200190062
        ],
        [
          5886.191543701,
          5886.202723214,
          0.01117956899999939,
          5886.203088543
        ],
        [
          5886.199970823,
          5886.210804948,
          0.010834991999999488,
          5886.211272428
        ],
        [
          5886.202921494,
          5886.214468108,
          0.011546959000000356,
          5886.214841996
        ],
        [
          5886.211110038,
          5886.221827284,
          0.010717510999999291,
          5886.222250223
        ],
        [
          5886.214691916,
          5886.225821671,
          0.011129929999999177,
          5886.226144941
        ],
        [
          5886.222099053,
          5886.232944929,
          0.01084605200000155,
          5886.233309837
        ],
        [
          5886.226067181,
          5886.236446178,
          0.010381793000000528,
          5886.236741387
        ],
        [
          5886.233215957,
          5886.245532778,
          0.012317304999999834,
          5886.245769157
        ],
        [
          5886.236652638,
          5886.24804931,
          0.011396759000000145,
          5886.248316569
        ],
        [
          5886.245779017,
          5886.257541091,
          0.01176283799999922,
          5886.257816059
        ],
        [
          5886.24824673,
          5886.260518141,
          0.01227173600000242,
          5886.26079022
        ],
        [
          5886.25777493,
          5886.269015875,
          0.011241399999999402,
          5886.269209874
        ],
        [
          5886.26070893,
          5886.272972582,
          0.012264046999998612,
          5886.273314641
        ],
        [
          5886.269254314,
          5886.280861117,
          0.0116075990000013,
          5886.281062237
        ],
        [
          5886.273194311,
          5886.285024073,
          0.011829878000000349,
          5886.285179673
        ],
        [
          5886.281130157,
          5886.291949632,
          0.010820130999999122,
          5886.292166421
        ],
        [
          5886.285246072,
          5886.297826033,
          0.012580344999999937,
          5886.298037092
        ],
        [
          5886.29225427,
          5886.303342656,
          0.011088701000002033,
          5886.303665325
        ],
        [
          5886.298112532,
          5886.310058394,
          0.011946116999997258,
          5886.310267644
        ],
        [
          5886.303585405,
          5886.315312577,
          0.011727498000002612,
          5886.315482596
        ],
        [
          5886.310333083,
          5886.323092523,
          0.012759724999998667,
          5886.323297733
        ],
        [
          5886.315563016,
          5886.326943091,
          0.011380499000001265,
          5886.32725433
        ],
        [
          5886.323370243,
          5886.335762984,
          0.012393586999998263,
          5886.336189072
        ],
        [
          5886.32718326,
          5886.339149422,
          0.011966316999998838,
          5886.339558681
        ],
        [
          5886.336068042,
          5886.348635543,
          0.012568425000001326,
          5886.348886691
        ],
        [
          5886.339431951,
          5886.350715616,
          0.011283939999998438,
          5886.350870216
        ],
        [
          5886.348871082,
          5886.361048353,
          0.012178376999997909,
          5886.361394942
        ],
        [
          5886.350918735,
          5886.362790027,
          0.01187144800000084,
          5886.362990567
        ],
        [
          5886.361299982,
          5886.375731257,
          0.014430908999997882,
          5886.375909756
        ],
        [
          5886.362997297,
          5886.375257867,
          0.01225406599999701,
          5886.375956976
        ],
        [
          5886.375503377,
          5886.386950901,
          0.011448018999999476,
          5886.387332219
        ],
        [
          5886.375910706,
          5886.389215143,
          0.013304031999997079,
          5886.389353103
        ],
        [
          5886.387219849,
          5886.398635724,
          0.011416849999999812,
          5886.399045503
        ],
        [
          5886.389407762,
          5886.402096602,
          0.012688963999998748,
          5886.402340892
        ],
        [
          5886.398905603,
          5886.411648783,
          0.01274444499999916,
          5886.412184261
        ],
        [
          5886.402303792,
          5886.414369574,
          0.012065837000001522,
          5886.414659493
        ],
        [
          5886.411932482,
          5886.422721308,
          0.010789211000002297,
          5886.423117847
        ],
        [
          5886.414570193,
          5886.426376276,
          0.011806408000001767,
          5886.426619805
        ],
        [
          5886.423020476,
          5886.434982358,
          0.011962237999998848,
          5886.435221888
        ]
      ]
    },
    {
      "round_index": 15,
      "map_setup_wall_s": 0.002111093000166875,
      "map_setup_parent_cpu_s": 0.002974394999999852,
      "result_next_wall_s": 1.0646627090036418,
      "result_next_parent_cpu_s": 0.059528873000002314,
      "serial_result_processing_wall_s": 0.008718538996618008,
      "serial_result_processing_parent_cpu_s": 0.01059330699999439,
      "worker_placement_wall_sum_s": 2.1044432540029447,
      "worker_placement_cpu_sum_s": 2.1043891090000386,
      "worker_tasks": 181,
      "per_worker": {
        "20197": 90,
        "20194": 91
      },
      "task_intervals": [
        [
          5887.178298092,
          5887.179086971,
          0.000788047000000347,
          5887.180400146
        ],
        [
          5887.17917409,
          5887.190649133,
          0.0114755190000011,
          5887.191051221
        ],
        [
          5887.1792217,
          5887.191373111,
          0.012151756000001512,
          5887.191595539
        ],
        [
          5887.190892572,
          5887.202596496,
          0.011704318999999686,
          5887.203119363
        ],
        [
          5887.19156809,
          5887.203520412,
          0.011952536999999097,
          5887.203766241
        ],
        [
          5887.202868855,
          5887.213839169,
          0.010969670000001486,
          5887.214404919
        ],
        [
          5887.203718592,
          5887.215448904,
          0.01173004900000052,
          5887.215581024
        ],
        [
          5887.214151499,
          5887.226975259,
          0.012823954000001692,
          5887.227525277
        ],
        [
          5887.215638324,
          5887.226895379,
          0.011258849999997267,
          5887.227546886
        ],
        [
          5887.227172458,
          5887.238318412,
          0.01114733000000001,
          5887.238866081
        ],
        [
          5887.227466837,
          5887.239611998,
          0.012145406999998443,
          5887.239902227
        ],
        [
          5887.238598221,
          5887.25167542,
          0.013077752999997472,
          5887.252194068
        ],
        [
          5887.239839467,
          5887.252274088,
          0.012434734999999364,
          5887.252532807
        ],
        [
          5887.251927469,
          5887.264777899,
          0.012851233999999323,
          5887.264993018
        ],
        [
          5887.252487797,
          5887.263773271,
          0.01128699999999938,
          5887.265028827
        ],
        [
          5887.264061101,
          5887.275240235,
          0.01117940000000317,
          5887.275652224
        ],
        [
          5887.264964998,
          5887.27682271,
          0.011857686999999117,
          5887.27703822
        ],
        [
          5887.275499894,
          5887.28654673,
          0.01103806100000071,
          5887.287091248
        ],
        [
          5887.27701638,
          5887.288715383,
          0.01169940800000191,
          5887.288974672
        ],
        [
          5887.286825358,
          5887.297253776,
          0.010429782999999304,
          5887.297760763
        ],
        [
          5887.288906082,
          5887.300455265,
          0.011549568999999593,
          5887.300854644
        ],
        [
          5887.297536055,
          5887.309573646,
          0.012038376999999656,
          5887.310167924
        ],
        [
          5887.300676994,
          5887.31178153,
          0.011104440000000437,
          5887.312060678
        ],
        [
          5887.309861505,
          5887.321305749,
          0.011445489999999836,
          5887.321869998
        ],
        [
          5887.311975949,
          5887.323599202,
          0.011623438000000874,
          5887.323790592
        ],
        [
          5887.321587168,
          5887.333029402,
          0.011441090000001708,
          5887.33357101
        ],
        [
          5887.323795721,
          5887.336081113,
          0.012285336000001479,
          5887.336438392
        ],
        [
          5887.33331399,
          5887.345139253,
          0.011825738000002417,
          5887.345681402
        ],
        [
          5887.336284442,
          5887.347567396,
          0.011282989000001464,
          5887.347908544
        ],
        [
          5887.345433463,
          5887.356728427,
          0.01129579999999919,
          5887.357244245
        ],
        [
          5887.347762385,
          5887.35879689,
          0.011034690999998986,
          5887.359107849
        ],
        [
          5887.357013356,
          5887.368061551,
          0.011048491000000382,
          5887.36856153
        ],
        [
          5887.35899014,
          5887.370562643,
          0.01157259900000085,
          5887.370877392
        ],
        [
          5887.36832708,
          5887.379131056,
          0.010804171000000196,
          5887.379617904
        ],
        [
          5887.370759393,
          5887.381514489,
          0.01075507200000203,
          5887.381840508
        ],
        [
          5887.379373295,
          5887.39033793,
          0.010965561000002566,
          5887.390675708
        ],
        [
          5887.381712337,
          5887.392294874,
          0.010582232000000857,
          5887.392565813
        ],
        [
          5887.390611449,
          5887.402285602,
          0.011674968000001229,
          5887.402643251
        ],
        [
          5887.392479703,
          5887.404124137,
          0.011644738000001098,
          5887.404387476
        ],
        [
          5887.402543722,
          5887.413470248,
          0.01090145099999873,
          5887.413994615
        ],
        [
          5887.404296506,
          5887.415351821,
          0.011055510000002045,
          5887.41563327
        ],
        [
          5887.413726147,
          5887.42502122,
          0.011294939999999087,
          5887.425521858
        ],
        [
          5887.415535971,
          5887.426567135,
          0.011031390999999502,
          5887.426834734
        ],
        [
          5887.425291279,
          5887.436523744,
          0.011232809999999205,
          5887.437032872
        ],
        [
          5887.426747905,
          5887.438369618,
          0.011621899000001434,
          5887.438654008
        ],
        [
          5887.436776443,
          5887.448607776,
          0.011829737999999423,
          5887.449138344
        ],
        [
          5887.438560877,
          5887.449625372,
          0.011064619999999081,
          5887.449868781
        ],
        [
          5887.448865765,
          5887.460272158,
          0.011404189000000287,
          5887.460791758
        ],
        [
          5887.449791292,
          5887.462060863,
          0.01226962699999845,
          5887.462342262
        ],
        [
          5887.460533858,
          5887.472843569,
          0.012309756000000505,
          5887.473355527
        ],
        [
          5887.462253492,
          5887.474292004,
          0.012038877000001946,
          5887.474573843
        ],
        [
          5887.473120168,
          5887.484085553,
          0.010965640000001997,
          5887.484532142
        ],
        [
          5887.474487203,
          5887.486498785,
          0.012011868000001868,
          5887.486824735
        ],
        [
          5887.484337232,
          5887.495555267,
          0.011218519999999899,
          5887.496117175
        ],
        [
          5887.486692985,
          5887.49783528,
          0.011142549999998863,
          5887.498102969
        ],
        [
          5887.495827446,
          5887.506921651,
          0.011092390999998258,
          5887.507284159
        ],
        [
          5887.49803152,
          5887.508576506,
          0.010544871000000455,
          5887.508871445
        ],
        [
          5887.507202679,
          5887.518064876,
          0.010862712000001551,
          5887.518586144
        ],
        [
          5887.508771685,
          5887.520833137,
          0.012061827000000136,
          5887.521192195
        ],
        [
          5887.518326905,
          5887.52912689,
          0.010799440999999632,
          5887.529447169
        ],
        [
          5887.521060456,
          5887.531639533,
          0.010578731999999036,
          5887.531963871
        ],
        [
          5887.529392469,
          5887.540434845,
          0.011042129999999872,
          5887.540749264
        ],
        [
          5887.531820761,
          5887.543688944,
          0.01186861799999761,
          5887.543991623
        ],
        [
          5887.540679604,
          5887.552307907,
          0.011629988000002811,
          5887.552792606
        ],
        [
          5887.543876274,
          5887.555479327,
          0.011594388000002454,
          5887.555801866
        ],
        [
          5887.552575467,
          5887.564245539,
          0.011670388999998949,
          5887.564702437
        ],
        [
          5887.555714526,
          5887.567917058,
          0.012202667000000389,
          5887.568173407
        ],
        [
          5887.564501798,
          5887.575844813,
          0.011344258999997692,
          5887.576349831
        ],
        [
          5887.568149107,
          5887.579287211,
          0.011138210000002147,
          5887.57960022
        ],
        [
          5887.576113032,
          5887.587692765,
          0.011580638000001642,
          5887.588103434
        ],
        [
          5887.579497201,
          5887.591453423,
          0.011956346000001616,
          5887.591716151
        ],
        [
          5887.587936384,
          5887.598895079,
          0.01095947099999961,
          5887.599306907
        ],
        [
          5887.591660602,
          5887.603875944,
          0.012215646000001357,
          5887.604219342
        ],
        [
          5887.599138408,
          5887.610280453,
          0.011142201000001961,
          5887.610721312
        ],
        [
          5887.604113032,
          5887.615614556,
          0.01150165900000033,
          5887.615997245
        ],
        [
          5887.610545792,
          5887.621993615,
          0.011448030000000387,
          5887.622447345
        ],
        [
          5887.615836746,
          5887.626996719,
          0.011165059999999727,
          5887.62731793
        ],
        [
          5887.622267086,
          5887.634186277,
          0.011910817000000407,
          5887.634624296
        ],
        [
          5887.62723218,
          5887.638454214,
          0.011221949999999481,
          5887.638803482
        ],
        [
          5887.634433017,
          5887.64589795,
          0.011465249000000455,
          5887.646346729
        ],
        [
          5887.638681983,
          5887.649773728,
          0.011092120000000705,
          5887.650180107
        ],
        [
          5887.646163559,
          5887.657374374,
          0.011211100000000584,
          5887.657805722
        ],
        [
          5887.650008607,
          5887.66147663,
          0.011467978999998962,
          5887.661853109
        ],
        [
          5887.657630523,
          5887.669632276,
          0.01199308800000054,
          5887.670153974
        ],
        [
          5887.66169933,
          5887.672960274,
          0.011260979999999421,
          5887.673342233
        ],
        [
          5887.669907364,
          5887.681700357,
          0.011793338000000375,
          5887.682070616
        ],
        [
          5887.673197153,
          5887.685326675,
          0.01212995699999908,
          5887.685713884
        ],
        [
          5887.681959886,
          5887.6934467,
          0.011486379000000824,
          5887.693926418
        ],
        [
          5887.685527745,
          5887.697738936,
          0.012211576999998641,
          5887.698086635
        ],
        [
          5887.693706319,
          5887.704880033,
          0.011174799999999152,
          5887.705360682
        ],
        [
          5887.697963785,
          5887.710146007,
          0.012182476999999636,
          5887.710501906
        ],
        [
          5887.705147592,
          5887.715719389,
          0.010571792999996887,
          5887.716192977
        ],
        [
          5887.710363736,
          5887.72151935,
          0.011156310000000502,
          5887.72198549
        ],
        [
          5887.715988218,
          5887.728312159,
          0.012324256000002975,
          5887.728841047
        ],
        [
          5887.72178398,
          5887.733251933,
          0.011468279000002468,
          5887.733651452
        ],
        [
          5887.728556598,
          5887.739858693,
          0.01130299000000079,
          5887.740366781
        ],
        [
          5887.733479182,
          5887.745847503,
          0.012368665000000334,
          5887.746255062
        ],
        [
          5887.740123301,
          5887.751536796,
          0.011413968999999469,
          5887.751915644
        ],
        [
          5887.746141052,
          5887.758048144,
          0.011906998000000613,
          5887.758483183
        ],
        [
          5887.751802355,
          5887.763779956,
          0.011977897000001292,
          5887.764050026
        ],
        [
          5887.758329594,
          5887.771144813,
          0.012816583999999409,
          5887.771358693
        ],
        [
          5887.764054176,
          5887.774912842,
          0.010858471999998898,
          5887.775083011
        ],
        [
          5887.771410203,
          5887.782430618,
          0.011020850000001303,
          5887.782697146
        ],
        [
          5887.775147761,
          5887.786235585,
          0.011087720999999107,
          5887.786455425
        ],
        [
          5887.782680026,
          5887.793126404,
          0.010438993000001062,
          5887.793540802
        ],
        [
          5887.786445505,
          5887.798225937,
          0.011781128000002639,
          5887.798620276
        ],
        [
          5887.793366903,
          5887.805668564,
          0.012302925000000187,
          5887.806191892
        ],
        [
          5887.798467976,
          5887.81008845,
          0.011620589000003179,
          5887.810480149
        ],
        [
          5887.805940392,
          5887.818538323,
          0.012599874999999372,
          5887.819084431
        ],
        [
          5887.810314279,
          5887.822212561,
          0.011898627000000772,
          5887.82256544
        ],
        [
          5887.818837392,
          5887.830193226,
          0.011357539999998778,
          5887.830693154
        ],
        [
          5887.82242896,
          5887.833327426,
          0.010898711999999477,
          5887.833698516
        ],
        [
          5887.830465285,
          5887.842262398,
          0.011797758000000158,
          5887.842772646
        ],
        [
          5887.833563586,
          5887.84458383,
          0.01101999099999773,
          5887.84479744
        ],
        [
          5887.842538097,
          5887.855824205,
          0.013286891999999995,
          5887.856393264
        ],
        [
          5887.84479455,
          5887.856461823,
          0.011667708000000943,
          5887.856602912
        ],
        [
          5887.856111685,
          5887.869177563,
          0.01306643399999885,
          5887.869737601
        ],
        [
          5887.856666572,
          5887.869154203,
          0.012488664999999344,
          5887.86975943
        ],
        [
          5887.869427662,
          5887.881573833,
          0.012146517000001467,
          5887.881943672
        ],
        [
          5887.869719131,
          5887.881355254,
          0.011636848000001976,
          5887.881964612
        ],
        [
          5887.881608204,
          5887.893349087,
          0.011741026999999349,
          5887.893608766
        ],
        [
          5887.881772593,
          5887.892466049,
          0.010695281999996809,
          5887.893629055
        ],
        [
          5887.892734157,
          5887.903531624,
          0.010798800999999969,
          5887.904031702
        ],
        [
          5887.893548046,
          5887.90449508,
          0.010946910000001253,
          5887.90468592
        ],
        [
          5887.903792753,
          5887.914577308,
          0.010783971999998698,
          5887.915051387
        ],
        [
          5887.90467908,
          5887.916287814,
          0.011609099000001066,
          5887.916494573
        ],
        [
          5887.914840278,
          5887.925950783,
          0.011112090000001018,
          5887.926191552
        ],
        [
          5887.916492683,
          5887.927951706,
          0.011458838999999443,
          5887.928146556
        ],
        [
          5887.926199792,
          5887.937222927,
          0.011024361000000482,
          5887.937499696
        ],
        [
          5887.928167206,
          5887.940452626,
          0.012285496000000506,
          5887.940610786
        ],
        [
          5887.937450476,
          5887.94903021,
          0.011580499000000799,
          5887.949298569
        ],
        [
          5887.940658617,
          5887.952733867,
          0.012075547999998548,
          5887.953059027
        ],
        [
          5887.949260589,
          5887.960763253,
          0.011503349000001606,
          5887.961051041
        ],
        [
          5887.952932566,
          5887.965085538,
          0.012152946000000497,
          5887.965243187
        ],
        [
          5887.961030401,
          5887.972157576,
          0.01112792099999993,
          5887.972615715
        ],
        [
          5887.965318678,
          5887.975698046,
          0.010380183000002319,
          5887.976107234
        ],
        [
          5887.972415705,
          5887.983990508,
          0.011576027999996796,
          5887.984476557
        ],
        [
          5887.975930794,
          5887.988043786,
          0.012112746999999757,
          5887.988449565
        ],
        [
          5887.984237128,
          5887.996053461,
          0.011817098000001636,
          5887.996548799
        ],
        [
          5887.988277746,
          5888.000644326,
          0.012366486000001231,
          5888.001067354
        ],
        [
          5887.99633124,
          5888.008147403,
          0.0118169469999998,
          5888.008658581
        ],
        [
          5888.000878246,
          5888.014754661,
          0.013876361000001225,
          5888.0152184
        ],
        [
          5888.008420982,
          5888.020582793,
          0.012161027000001212,
          5888.021053551
        ],
        [
          5888.0150186,
          5888.026770553,
          0.011752548000000473,
          5888.027242061
        ],
        [
          5888.020840382,
          5888.033368323,
          0.012528424999999288,
          5888.033812701
        ],
        [
          5888.027032872,
          5888.038047177,
          0.011013300999998421,
          5888.038433627
        ],
        [
          5888.033622951,
          5888.045764713,
          0.012142907000001202,
          5888.046250971
        ],
        [
          5888.038272997,
          5888.049311241,
          0.011038270000000239,
          5888.04968307
        ],
        [
          5888.046053902,
          5888.058864771,
          0.012799914999998663,
          5888.059386869
        ],
        [
          5888.04953628,
          5888.061349683,
          0.01181333800000317,
          5888.061689042
        ],
        [
          5888.059139321,
          5888.070401875,
          0.011264510000000172,
          5888.070789684
        ],
        [
          5888.061548762,
          5888.073671495,
          0.012122916999999234,
          5888.073876174
        ],
        [
          5888.070634494,
          5888.082394967,
          0.011761438000000624,
          5888.082875415
        ],
        [
          5888.073865883,
          5888.085523617,
          0.01165817899999766,
          5888.085908105
        ],
        [
          5888.082657687,
          5888.094698777,
          0.012041667999998396,
          5888.095188496
        ],
        [
          5888.085796886,
          5888.098881955,
          0.013085044000000323,
          5888.099269763
        ],
        [
          5888.094949168,
          5888.105801033,
          0.010851229999996548,
          5888.106322291
        ],
        [
          5888.099130614,
          5888.114504834,
          0.01537523600000057,
          5888.114952934
        ],
        [
          5888.106099541,
          5888.117889384,
          0.011765027999999234,
          5888.118248813
        ],
        [
          5888.114749024,
          5888.127421234,
          0.012665355000002876,
          5888.127899693
        ],
        [
          5888.118117863,
          5888.130700014,
          0.012582375999997453,
          5888.131097462
        ],
        [
          5888.127673164,
          5888.140605283,
          0.012933265000000915,
          5888.14114805
        ],
        [
          5888.130924963,
          5888.142634256,
          0.011709368000001774,
          5888.142976005
        ],
        [
          5888.140869062,
          5888.152574105,
          0.011706318000001659,
          5888.153106283
        ],
        [
          5888.142820025,
          5888.155259686,
          0.012440035000000904,
          5888.155580855
        ],
        [
          5888.152844713,
          5888.164661267,
          0.011815777999999,
          5888.165118675
        ],
        [
          5888.155459605,
          5888.166303101,
          0.010843549999997038,
          5888.166594609
        ],
        [
          5888.164921066,
          5888.176957067,
          0.012037685999999326,
          5888.177458976
        ],
        [
          5888.16648127,
          5888.177991644,
          0.011498878999997686,
          5888.178251623
        ],
        [
          5888.177214776,
          5888.189322049,
          0.012108017000002746,
          5888.189840967
        ],
        [
          5888.178183623,
          5888.190090346,
          0.011908658000002958,
          5888.190439645
        ],
        [
          5888.189587957,
          5888.202062268,
          0.012472345999999135,
          5888.202340257
        ],
        [
          5888.190301575,
          5888.201655098,
          0.011354068999999356,
          5888.202421567
        ],
        [
          5888.201920209,
          5888.214013379,
          0.01209474700000257,
          5888.214512998
        ],
        [
          5888.202272207,
          5888.215294355,
          0.013022982999999044,
          5888.215593934
        ],
        [
          5888.214283769,
          5888.22678913,
          0.012506014999999593,
          5888.227322877
        ],
        [
          5888.215526635,
          5888.229033051,
          0.013506940999999273,
          5888.229240902
        ],
        [
          5888.227070398,
          5888.239830098,
          0.012760033999999365,
          5888.240354316
        ],
        [
          5888.229244172,
          5888.241942331,
          0.012698604000000557,
          5888.24221941
        ],
        [
          5888.240135487,
          5888.250930213,
          0.010795742000002662,
          5888.251297341
        ],
        [
          5888.242175361,
          5888.254430672,
          0.012255226000000619,
          5888.254662391
        ]
      ]
    },
    {
      "round_index": 16,
      "map_setup_wall_s": 0.001787173999218794,
      "map_setup_parent_cpu_s": 0.0024829440000004865,
      "result_next_wall_s": 1.1757863329985412,
      "result_next_parent_cpu_s": 0.058290898999999285,
      "serial_result_processing_wall_s": 0.009879805005766684,
      "serial_result_processing_parent_cpu_s": 0.010679954999997854,
      "worker_placement_wall_sum_s": 2.3235255690033227,
      "worker_placement_cpu_sum_s": 2.3235124290000186,
      "worker_tasks": 181,
      "per_worker": {
        "20194": 91,
        "20197": 90
      },
      "task_intervals": [
        [
          5889.018236421,
          5889.019728225,
          0.0014909739999993121,
          5889.019946795
        ],
        [
          5889.01831977,
          5889.030725782,
          0.012406324999997054,
          5889.03095279
        ],
        [
          5889.019872075,
          5889.032297196,
          0.012425266000001045,
          5889.032480455
        ],
        [
          5889.030952121,
          5889.041567156,
          0.010615121999997257,
          5889.041927895
        ],
        [
          5889.032423145,
          5889.043494851,
          0.011071539999999658,
          5889.04377249
        ],
        [
          5889.041750556,
          5889.05303444,
          0.011284540000001897,
          5889.0532493
        ],
        [
          5889.04364207,
          5889.055187303,
          0.011545348999998595,
          5889.055365664
        ],
        [
          5889.05321707,
          5889.063855106,
          0.010638511999999878,
          5889.064104675
        ],
        [
          5889.055308024,
          5889.067672084,
          0.012364406999999744,
          5889.068050743
        ],
        [
          5889.065086552,
          5889.078139801,
          0.013041905000001464,
          5889.078621719
        ],
        [
          5889.067888144,
          5889.081190521,
          0.013280782000002489,
          5889.08143469
        ],
        [
          5889.07841912,
          5889.091492729,
          0.013074812999999352,
          5889.091964256
        ],
        [
          5889.08142573,
          5889.093869051,
          0.01244327500000253,
          5889.094215049
        ],
        [
          5889.091757548,
          5889.104057909,
          0.012301595999996806,
          5889.104523617
        ],
        [
          5889.09407255,
          5889.107090848,
          0.01301879400000061,
          5889.107356727
        ],
        [
          5889.104331437,
          5889.117233507,
          0.012903904999998161,
          5889.117597176
        ],
        [
          5889.107307208,
          5889.120089168,
          0.012782184000002417,
          5889.120324058
        ],
        [
          5889.117494927,
          5889.130050447,
          0.012555724000002044,
          5889.130454305
        ],
        [
          5889.120327727,
          5889.132587039,
          0.012259035999999668,
          5889.132893558
        ],
        [
          5889.130292916,
          5889.143116285,
          0.0128247239999979,
          5889.143480693
        ],
        [
          5889.132791718,
          5889.144728809,
          0.011937147000001147,
          5889.144946409
        ],
        [
          5889.143365494,
          5889.15739077,
          0.014026470000001012,
          5889.157839008
        ],
        [
          5889.144939009,
          5889.157703599,
          0.012764945000000694,
          5889.158043878
        ],
        [
          5889.157645149,
          5889.169471341,
          0.011827878000001846,
          5889.16989579
        ],
        [
          5889.157952558,
          5889.171011666,
          0.01305924399999725,
          5889.171208196
        ],
        [
          5889.169706941,
          5889.182951608,
          0.013244772999996712,
          5889.183224167
        ],
        [
          5889.171221796,
          5889.18258527,
          0.011364678999999711,
          5889.183376697
        ],
        [
          5889.182832589,
          5889.195838587,
          0.013007003999998545,
          5889.196332496
        ],
        [
          5889.183161748,
          5889.195908487,
          0.012746383999999722,
          5889.196569685
        ],
        [
          5889.196111926,
          5889.208710137,
          0.012590433999999817,
          5889.209192345
        ],
        [
          5889.196417825,
          5889.209369864,
          0.012952184999999616,
          5889.209623564
        ],
        [
          5889.208970266,
          5889.221932355,
          0.012963954000003497,
          5889.222360944
        ],
        [
          5889.209572755,
          5889.222091825,
          0.012518985999999899,
          5889.222638933
        ],
        [
          5889.222207335,
          5889.235006334,
          0.012799985000000902,
          5889.235588161
        ],
        [
          5889.222618053,
          5889.235210533,
          0.012592885000000109,
          5889.235674592
        ],
        [
          5889.235265643,
          5889.247304195,
          0.01203985700000132,
          5889.247795963
        ],
        [
          5889.235407333,
          5889.248506791,
          0.013099312999997892,
          5889.24879313
        ],
        [
          5889.247567294,
          5889.260295534,
          0.012729214000000155,
          5889.260762372
        ],
        [
          5889.2487019,
          5889.262323147,
          0.013621460999999613,
          5889.262638156
        ],
        [
          5889.260551053,
          5889.272780604,
          0.012230366000000714,
          5889.273258822
        ],
        [
          5889.262530156,
          5889.275037997,
          0.012507254999999162,
          5889.275244936
        ],
        [
          5889.273059013,
          5889.285129515,
          0.012071956999999855,
          5889.285614013
        ],
        [
          5889.275236756,
          5889.288381174,
          0.013144632999999573,
          5889.288576493
        ],
        [
          5889.285428463,
          5889.296882878,
          0.011455159999997022,
          5889.297297717
        ],
        [
          5889.288592473,
          5889.300692345,
          0.012099805999998381,
          5889.301043414
        ],
        [
          5889.297151157,
          5889.309240579,
          0.012090047000000936,
          5889.309708117
        ],
        [
          5889.300906294,
          5889.313657224,
          0.012750593999999893,
          5889.314055873
        ],
        [
          5889.309493858,
          5889.32151522,
          0.012022936999997569,
          5889.321958078
        ],
        [
          5889.313869533,
          5889.326487493,
          0.01261837499999885,
          5889.326916023
        ],
        [
          5889.321767959,
          5889.33721052,
          0.01542726499999958,
          5889.337532269
        ],
        [
          5889.326710243,
          5889.34014693,
          0.013436722999998096,
          5889.340444129
        ],
        [
          5889.337410949,
          5889.349256412,
          0.011845517000001138,
          5889.34958718
        ],
        [
          5889.340330069,
          5889.35283874,
          0.012508736000000908,
          5889.353183839
        ],
        [
          5889.349412391,
          5889.361095423,
          0.011683088999998148,
          5889.361394403
        ],
        [
          5889.353013929,
          5889.364512863,
          0.011499117999999697,
          5889.364776572
        ],
        [
          5889.361224193,
          5889.372617778,
          0.011387229000000332,
          5889.372882257
        ],
        [
          5889.364653533,
          5889.376860814,
          0.0122012259999984,
          5889.377118203
        ],
        [
          5889.372740737,
          5889.385334437,
          0.01259365499999987,
          5889.385612586
        ],
        [
          5889.377033153,
          5889.389125115,
          0.012092297000002361,
          5889.389323154
        ],
        [
          5889.385470877,
          5889.40009616,
          0.014626797999998331,
          5889.400565578
        ],
        [
          5889.389319294,
          5889.401936065,
          0.012617124000001922,
          5889.402129434
        ],
        [
          5889.400374159,
          5889.412425151,
          0.012052817000000715,
          5889.412977409
        ],
        [
          5889.402125974,
          5889.414890753,
          0.012765074999997239,
          5889.415242022
        ],
        [
          5889.41272862,
          5889.426149648,
          0.013422902000002068,
          5889.426706806
        ],
        [
          5889.415107592,
          5889.428820489,
          0.01371295100000225,
          5889.429186599
        ],
        [
          5889.426466467,
          5889.438725028,
          0.012259715999999088,
          5889.439280556
        ],
        [
          5889.429045519,
          5889.442874755,
          0.013829761000000218,
          5889.443249893
        ],
        [
          5889.439034927,
          5889.452303294,
          0.013269832999998954,
          5889.452829533
        ],
        [
          5889.443128763,
          5889.456489632,
          0.013360902999998814,
          5889.45687276
        ],
        [
          5889.452596513,
          5889.465866212,
          0.013260293000001866,
          5889.46640323
        ],
        [
          5889.456724131,
          5889.468546243,
          0.011822207000001583,
          5889.468879773
        ],
        [
          5889.466172211,
          5889.47913341,
          0.012962143999999398,
          5889.479673288
        ],
        [
          5889.468761083,
          5889.480623784,
          0.01186282700000163,
          5889.480818375
        ],
        [
          5889.479430409,
          5889.493224696,
          0.013791850000000494,
          5889.493708974
        ],
        [
          5889.480830205,
          5889.494893459,
          0.014063589999999238,
          5889.495157829
        ],
        [
          5889.493491315,
          5889.507881338,
          0.01439216900000062,
          5889.508480047
        ],
        [
          5889.495094889,
          5889.509038135,
          0.013943640000000812,
          5889.509300354
        ],
        [
          5889.508203738,
          5889.520390729,
          0.012187036000000262,
          5889.520751048
        ],
        [
          5889.509236014,
          5889.523702139,
          0.01446634799999913,
          5889.524078898
        ],
        [
          5889.520690958,
          5889.532819919,
          0.012130446000000461,
          5889.533385858
        ],
        [
          5889.523909888,
          5889.536425739,
          0.012516224999998826,
          5889.536832937
        ],
        [
          5889.533118749,
          5889.54546394,
          0.012344685999998717,
          5889.546063748
        ],
        [
          5889.536669218,
          5889.549178338,
          0.01250930400000172,
          5889.549587536
        ],
        [
          5889.545765129,
          5889.558458149,
          0.01269469400000034,
          5889.558844597
        ],
        [
          5889.549397067,
          5889.562847135,
          0.013450402000000139,
          5889.563235163
        ],
        [
          5889.558751388,
          5889.576045103,
          0.01729326800000308,
          5889.576532991
        ],
        [
          5889.563134174,
          5889.578539445,
          0.015404375000002801,
          5889.578818034
        ],
        [
          5889.576296782,
          5889.58947195,
          0.01317648299999874,
          5889.589767509
        ],
        [
          5889.578755694,
          5889.59256435,
          0.013808840999999461,
          5889.59281576
        ],
        [
          5889.589746379,
          5889.604802291,
          0.015057335999998145,
          5889.605132931
        ],
        [
          5889.59284783,
          5889.605948998,
          0.013101172999999022,
          5889.606327017
        ],
        [
          5889.605086871,
          5889.617176622,
          0.012090586999999431,
          5889.617690131
        ],
        [
          5889.606168707,
          5889.618974566,
          0.01280623399999925,
          5889.619360705
        ],
        [
          5889.617482411,
          5889.629868871,
          0.012388185999999024,
          5889.630393981
        ],
        [
          5889.619193445,
          5889.631368897,
          0.01217558600000146,
          5889.631736586
        ],
        [
          5889.630173642,
          5889.643298509,
          0.013125812999998487,
          5889.644011737
        ],
        [
          5889.631583286,
          5889.643306809,
          0.011724209000000485,
          5889.644038937
        ],
        [
          5889.643580159,
          5889.656068239,
          0.012489695000002854,
          5889.656392428
        ],
        [
          5889.643856898,
          5889.657042245,
          0.013185203999999118,
          5889.657401974
        ],
        [
          5889.656335258,
          5889.668607749,
          0.012273716000002821,
          5889.668905988
        ],
        [
          5889.657251085,
          5889.669445746,
          0.01219469600000167,
          5889.669750605
        ],
        [
          5889.668887398,
          5889.682026046,
          0.013140263000000374,
          5889.682454876
        ],
        [
          5889.669640565,
          5889.682414136,
          0.012773834000000761,
          5889.682740495
        ],
        [
          5889.682296057,
          5889.694388457,
          0.012093786000001217,
          5889.694823157
        ],
        [
          5889.682634735,
          5889.695106056,
          0.01247130500000182,
          5889.695411744
        ],
        [
          5889.694659826,
          5889.707244967,
          0.012586645000002505,
          5889.707785995
        ],
        [
          5889.695319145,
          5889.707505946,
          0.012187185999998462,
          5889.707891905
        ],
        [
          5889.707518426,
          5889.719535347,
          0.012018258000001225,
          5889.719923017
        ],
        [
          5889.707719996,
          5889.720173576,
          0.01244069499999867,
          5889.720377556
        ],
        [
          5889.719788698,
          5889.732721146,
          0.012932604000003067,
          5889.733009335
        ],
        [
          5889.720422795,
          5889.733691933,
          0.013269391999997993,
          5889.733941222
        ],
        [
          5889.733015095,
          5889.746132394,
          0.013118562999999028,
          5889.746548522
        ],
        [
          5889.733878442,
          5889.748102597,
          0.014224289999997808,
          5889.748300747
        ],
        [
          5889.746368133,
          5889.759384512,
          0.013018202999997897,
          5889.759720351
        ],
        [
          5889.748296676,
          5889.761647314,
          0.01335073300000289,
          5889.761815424
        ],
        [
          5889.759624171,
          5889.77243344,
          0.012809174000000922,
          5889.772820649
        ],
        [
          5889.761847984,
          5889.77559186,
          0.013744340999998883,
          5889.775921829
        ],
        [
          5889.772687799,
          5889.786370386,
          0.01367518099999998,
          5889.786802084
        ],
        [
          5889.775827909,
          5889.789065217,
          0.013237743000001245,
          5889.789381257
        ],
        [
          5889.786652125,
          5889.799668884,
          0.013016842999999056,
          5889.799864173
        ],
        [
          5889.789306427,
          5889.802474975,
          0.013169073000000253,
          5889.802754394
        ],
        [
          5889.799943153,
          5889.813115041,
          0.013171793000001486,
          5889.813301841
        ],
        [
          5889.802700864,
          5889.814276818,
          0.011576168000001275,
          5889.814525267
        ],
        [
          5889.81339276,
          5889.825655482,
          0.01226337700000002,
          5889.82585367
        ],
        [
          5889.814505467,
          5889.826654668,
          0.01214949599999926,
          5889.826917998
        ],
        [
          5889.825930161,
          5889.839057749,
          0.013127893000000057,
          5889.839318448
        ],
        [
          5889.826856338,
          5889.838718529,
          0.01186266699999905,
          5889.839337459
        ],
        [
          5889.838997189,
          5889.851497429,
          0.01250144500000161,
          5889.851734119
        ],
        [
          5889.839248779,
          5889.852076048,
          0.012829163999999338,
          5889.852357147
        ],
        [
          5889.851789269,
          5889.865284366,
          0.013495362000000455,
          5889.865559125
        ],
        [
          5889.852304437,
          5889.864351589,
          0.012048537000001858,
          5889.865585424
        ],
        [
          5889.864626118,
          5889.878295735,
          0.013670800999999955,
          5889.878670543
        ],
        [
          5889.865504635,
          5889.878689233,
          0.013184693000003023,
          5889.878918102
        ],
        [
          5889.878604193,
          5889.892279711,
          0.01367543099999935,
          5889.892633849
        ],
        [
          5889.879072802,
          5889.892062191,
          0.012990474000002195,
          5889.892658919
        ],
        [
          5889.89232016,
          5889.905196499,
          0.012877403999997483,
          5889.905580318
        ],
        [
          5889.892610679,
          5889.905935536,
          0.013325002000001973,
          5889.906287976
        ],
        [
          5889.905497008,
          5889.921449338,
          0.015952872999999812,
          5889.921755057
        ],
        [
          5889.906166676,
          5889.919103175,
          0.012938214000001835,
          5889.921833797
        ],
        [
          5889.919399514,
          5889.931694455,
          0.012294115999999633,
          5889.932349643
        ],
        [
          5889.921668198,
          5889.934048728,
          0.01238098600000015,
          5889.934309317
        ],
        [
          5889.931969094,
          5889.945029973,
          0.0130626530000022,
          5889.945574151
        ],
        [
          5889.934251527,
          5889.946514819,
          0.01226351599999731,
          5889.946770338
        ],
        [
          5889.945318842,
          5889.957605953,
          0.012289435999999654,
          5889.958201921
        ],
        [
          5889.946727848,
          5889.959857496,
          0.013129973000001627,
          5889.960157065
        ],
        [
          5889.957893372,
          5889.970071124,
          0.0121767960000021,
          5889.970618711
        ],
        [
          5889.960075955,
          5889.973420794,
          0.013345181999998346,
          5889.973818262
        ],
        [
          5889.970351963,
          5889.983092122,
          0.012738375000001412,
          5889.983474171
        ],
        [
          5889.973648563,
          5889.985890984,
          0.012242726000000204,
          5889.986265773
        ],
        [
          5889.983363511,
          5889.996814139,
          0.013451841999998493,
          5889.997375057
        ],
        [
          5889.986115333,
          5889.998593063,
          0.012478186000002722,
          5889.998859473
        ],
        [
          5889.997169018,
          5890.011008104,
          0.013839630999999741,
          5890.011564402
        ],
        [
          5889.998811303,
          5890.013251657,
          0.0144408690000013,
          5890.013602266
        ],
        [
          5890.011282403,
          5890.02474399,
          0.013463501000000377,
          5890.025251089
        ],
        [
          5890.013460187,
          5890.026778894,
          0.013319013000000268,
          5890.027063373
        ],
        [
          5890.025008399,
          5890.037244491,
          0.012237735999999444,
          5890.037735819
        ],
        [
          5890.026973533,
          5890.040389321,
          0.013416120999998782,
          5890.04065213
        ],
        [
          5890.03750415,
          5890.051168047,
          0.013664901000002061,
          5890.051543635
        ],
        [
          5890.040609861,
          5890.055852322,
          0.01524298500000043,
          5890.05629658
        ],
        [
          5890.051428866,
          5890.064428125,
          0.013000753000000032,
          5890.064908953
        ],
        [
          5890.056082601,
          5890.068494852,
          0.0124112349999983,
          5890.068905911
        ],
        [
          5890.064667464,
          5890.076710506,
          0.012044146000000922,
          5890.077134294
        ],
        [
          5890.068726651,
          5890.080703974,
          0.011977598000001421,
          5890.080965182
        ],
        [
          5890.076995485,
          5890.091050961,
          0.01405671000000197,
          5890.091581859
        ],
        [
          5890.080938122,
          5890.093947691,
          0.013010193000003056,
          5890.094355239
        ],
        [
          5890.09131486,
          5890.105585764,
          0.01426654799999838,
          5890.106120202
        ],
        [
          5890.09419955,
          5890.107454388,
          0.01324996299999981,
          5890.107654907
        ],
        [
          5890.105838494,
          5890.119836889,
          0.014000489999997257,
          5890.120414888
        ],
        [
          5890.107662407,
          5890.121075565,
          0.013413491999997973,
          5890.121425684
        ],
        [
          5890.120117048,
          5890.133503716,
          0.013387441999999083,
          5890.133884225
        ],
        [
          5890.121310725,
          5890.134682851,
          0.013372240999999008,
          5890.13494523
        ],
        [
          5890.133782785,
          5890.146579874,
          0.01279722399999983,
          5890.146959073
        ],
        [
          5890.134883881,
          5890.148910637,
          0.01402716000000126,
          5890.149267336
        ],
        [
          5890.146843703,
          5890.160800769,
          0.013958530000000025,
          5890.161199898
        ],
        [
          5890.149131646,
          5890.160948009,
          0.011816737999996718,
          5890.161556226
        ],
        [
          5890.161133008,
          5890.173864327,
          0.012732015000000985,
          5890.174385566
        ],
        [
          5890.161489337,
          5890.175545973,
          0.014056439000000864,
          5890.175795462
        ],
        [
          5890.174218986,
          5890.187241105,
          0.01302210300000084,
          5890.187798794
        ],
        [
          5890.175743862,
          5890.190462386,
          0.014719308000000098,
          5890.190754925
        ],
        [
          5890.187534405,
          5890.201129472,
          0.013596461000002336,
          5890.20147521
        ],
        [
          5890.190688385,
          5890.20439385,
          0.013705490999999626,
          5890.20460839
        ]
      ]
    },
    {
      "round_index": 17,
      "map_setup_wall_s": 0.0015675240001655766,
      "map_setup_parent_cpu_s": 0.0021516589999990288,
      "result_next_wall_s": 1.961943313995107,
      "result_next_parent_cpu_s": 0.08222654300000443,
      "serial_result_processing_wall_s": 0.01984800199716119,
      "serial_result_processing_parent_cpu_s": 0.020047399999977955,
      "worker_placement_wall_sum_s": 3.905800307006757,
      "worker_placement_cpu_sum_s": 3.9058117670000243,
      "worker_tasks": 181,
      "per_worker": {
        "20197": 91,
        "20194": 90
      },
      "task_intervals": [
        [
          5891.006733408,
          5891.007576545,
          0.000842786999999845,
          5891.007782864
        ],
        [
          5891.006815838,
          5891.02498584,
          0.018171924999997202,
          5891.025585298
        ],
        [
          5891.007741024,
          5891.0278834,
          0.020142699000000874,
          5891.028139279
        ],
        [
          5891.025324559,
          5891.045991684,
          0.020668866000001174,
          5891.046613141
        ],
        [
          5891.02812197,
          5891.049291363,
          0.02116965500000134,
          5891.049551002
        ],
        [
          5891.046336953,
          5891.06611679,
          0.01977421899999854,
          5891.066725078
        ],
        [
          5891.049510623,
          5891.070569315,
          0.021053373999997405,
          5891.070850195
        ],
        [
          5891.066440849,
          5891.087327972,
          0.020887466000001353,
          5891.08794405
        ],
        [
          5891.070802025,
          5891.092209637,
          0.0214079439999999,
          5891.092651175
        ],
        [
          5891.087625891,
          5891.10694583,
          0.019322061000000446,
          5891.107573628
        ],
        [
          5891.092442536,
          5891.112374483,
          0.01993237900000011,
          5891.112791351
        ],
        [
          5891.107287019,
          5891.127531635,
          0.020238196999997626,
          5891.128151563
        ],
        [
          5891.112621602,
          5891.132711148,
          0.020089907999999213,
          5891.132991548
        ],
        [
          5891.127836214,
          5891.147797432,
          0.01996029999999749,
          5891.148410759
        ],
        [
          5891.132949048,
          5891.15442893,
          0.021480582999998887,
          5891.154953368
        ],
        [
          5891.1481134,
          5891.168189507,
          0.020077788999998347,
          5891.168672055
        ],
        [
          5891.154709598,
          5891.175516433,
          0.02080803700000189,
          5891.175882232
        ],
        [
          5891.168573845,
          5891.188183733,
          0.01961165999999892,
          5891.188659422
        ],
        [
          5891.175789843,
          5891.197424713,
          0.021634873,
          5891.197820362
        ],
        [
          5891.188553222,
          5891.209653775,
          0.021102734999999484,
          5891.210395993
        ],
        [
          5891.197711023,
          5891.219141554,
          0.021431003000000004,
          5891.219558433
        ],
        [
          5891.210023594,
          5891.230875877,
          0.02085451599999999,
          5891.231525495
        ],
        [
          5891.219468244,
          5891.240339968,
          0.02087337500000075,
          5891.240952945
        ],
        [
          5891.231214927,
          5891.252521969,
          0.02129526499999912,
          5891.253159567
        ],
        [
          5891.240635447,
          5891.261141852,
          0.020508566000000172,
          5891.26139038
        ],
        [
          5891.252830458,
          5891.273422882,
          0.0205931870000029,
          5891.273943901
        ],
        [
          5891.26137742,
          5891.282695973,
          0.021320055000000337,
          5891.283113102
        ],
        [
          5891.273683881,
          5891.293906308,
          0.020223897000001045,
          5891.294330306
        ],
        [
          5891.282966543,
          5891.303731046,
          0.020766446000003214,
          5891.304167975
        ],
        [
          5891.294201807,
          5891.314585672,
          0.020374198999999038,
          5891.315228581
        ],
        [
          5891.304036645,
          5891.325519448,
          0.021484753999999384,
          5891.326249285
        ],
        [
          5891.314915302,
          5891.336434773,
          0.021517814000002744,
          5891.336827691
        ],
        [
          5891.325822116,
          5891.346298362,
          0.020477747000001045,
          5891.34690886
        ],
        [
          5891.336735441,
          5891.357308867,
          0.020573216999999033,
          5891.357730506
        ],
        [
          5891.346593861,
          5891.366975266,
          0.020383498000001055,
          5891.367411895
        ],
        [
          5891.357606626,
          5891.379895316,
          0.022282320000002187,
          5891.380540123
        ],
        [
          5891.367284965,
          5891.388847227,
          0.021552251999999328,
          5891.389380775
        ],
        [
          5891.380264924,
          5891.401954906,
          0.021692112000000208,
          5891.402610353
        ],
        [
          5891.389151546,
          5891.411953114,
          0.02280337900000262,
          5891.412384613
        ],
        [
          5891.402327994,
          5891.423223847,
          0.020897556000001316,
          5891.423637196
        ],
        [
          5891.412279853,
          5891.433914434,
          0.02163654299999962,
          5891.434522472
        ],
        [
          5891.423531077,
          5891.445844106,
          0.02229876000000175,
          5891.446434535
        ],
        [
          5891.434237793,
          5891.454603399,
          0.02036551599999825,
          5891.455164277
        ],
        [
          5891.446169974,
          5891.466985229,
          0.020817506000000208,
          5891.467452518
        ],
        [
          5891.454886458,
          5891.476616799,
          0.021732493000001796,
          5891.477248987
        ],
        [
          5891.467332448,
          5891.487683463,
          0.020352668000001017,
          5891.488216672
        ],
        [
          5891.476926458,
          5891.497419592,
          0.020492695999998034,
          5891.497955471
        ],
        [
          5891.487957453,
          5891.509315615,
          0.02136057299999905,
          5891.509964353
        ],
        [
          5891.497680082,
          5891.518226466,
          0.020548587000000396,
          5891.518824595
        ],
        [
          5891.509637014,
          5891.530781246,
          0.021144615000000755,
          5891.531418105
        ],
        [
          5891.518532046,
          5891.539538869,
          0.02100485499999749,
          5891.540156717
        ],
        [
          5891.531121077,
          5891.552603728,
          0.021482243000001233,
          5891.553287345
        ],
        [
          5891.539838958,
          5891.560518532,
          0.020678146999998148,
          5891.561100241
        ],
        [
          5891.552931296,
          5891.57393533,
          0.021006335999999237,
          5891.574455028
        ],
        [
          5891.560818191,
          5891.582454903,
          0.021637722999997777,
          5891.582826672
        ],
        [
          5891.574318709,
          5891.596307939,
          0.021991471999999845,
          5891.596954657
        ],
        [
          5891.582738292,
          5891.603722836,
          0.02098655500000035,
          5891.604137954
        ],
        [
          5891.596672668,
          5891.617784621,
          0.02111265499999959,
          5891.618404529
        ],
        [
          5891.604028845,
          5891.626377424,
          0.02234995999999967,
          5891.626763922
        ],
        [
          5891.618108249,
          5891.638293406,
          0.020185077000000717,
          5891.638898055
        ],
        [
          5891.626655063,
          5891.649452781,
          0.02279847800000212,
          5891.650070448
        ],
        [
          5891.638586476,
          5891.65914699,
          0.0205627270000015,
          5891.659572969
        ],
        [
          5891.649743449,
          5891.670340565,
          0.02059821599999978,
          5891.670949883
        ],
        [
          5891.659438359,
          5891.680584823,
          0.021148955000001024,
          5891.681201701
        ],
        [
          5891.670657094,
          5891.691240769,
          0.020583865999999063,
          5891.691851116
        ],
        [
          5891.680896671,
          5891.701054798,
          0.020147408999999783,
          5891.701644196
        ],
        [
          5891.691538468,
          5891.711382145,
          0.01984436000000045,
          5891.712060812
        ],
        [
          5891.701370966,
          5891.721867551,
          0.020496587000000233,
          5891.722491379
        ],
        [
          5891.711697593,
          5891.731319251,
          0.019620890000002333,
          5891.731913259
        ],
        [
          5891.72219423,
          5891.743261964,
          0.021069674999999677,
          5891.743916842
        ],
        [
          5891.73161869,
          5891.752221184,
          0.020603686000001176,
          5891.752625284
        ],
        [
          5891.743583823,
          5891.766073071,
          0.02247974999999869,
          5891.766517939
        ],
        [
          5891.752514355,
          5891.773054369,
          0.020533406000001975,
          5891.773639767
        ],
        [
          5891.76640188,
          5891.786809375,
          0.02040840700000146,
          5891.787445614
        ],
        [
          5891.773353028,
          5891.795717147,
          0.02236297099999973,
          5891.796111316
        ],
        [
          5891.787127954,
          5891.80759566,
          0.02046750699999933,
          5891.808250858
        ],
        [
          5891.795998057,
          5891.816300212,
          0.020292438000002022,
          5891.816902759
        ],
        [
          5891.807917259,
          5891.829325271,
          0.02140927399999981,
          5891.829949539
        ],
        [
          5891.816602631,
          5891.838383442,
          0.021781092000001223,
          5891.838789601
        ],
        [
          5891.82965478,
          5891.850715653,
          0.021063005000002022,
          5891.85141567
        ],
        [
          5891.838672471,
          5891.859183416,
          0.02051310600000278,
          5891.859773755
        ],
        [
          5891.851085062,
          5891.871814697,
          0.02073097499999932,
          5891.872468684
        ],
        [
          5891.859485485,
          5891.881144486,
          0.021660102000002013,
          5891.881618934
        ],
        [
          5891.872162585,
          5891.893082849,
          0.020921853999997353,
          5891.893667016
        ],
        [
          5891.881513265,
          5891.903745924,
          0.022234321000002666,
          5891.904197603
        ],
        [
          5891.893402417,
          5891.915836757,
          0.02243639099999939,
          5891.916291664
        ],
        [
          5891.904065283,
          5891.925816294,
          0.02175231100000019,
          5891.926250503
        ],
        [
          5891.916187285,
          5891.937781167,
          0.02159618299999977,
          5891.938437654
        ],
        [
          5891.926103633,
          5891.946527459,
          0.020425595999999047,
          5891.947126818
        ],
        [
          5891.938123146,
          5891.959865857,
          0.021742922000001386,
          5891.960551815
        ],
        [
          5891.946820459,
          5891.967216074,
          0.020396137000002312,
          5891.967619053
        ],
        [
          5891.960288985,
          5891.981312018,
          0.02102487599999847,
          5891.981918617
        ],
        [
          5891.967507353,
          5891.988709425,
          0.021203004000000192,
          5891.989178094
        ],
        [
          5891.981616258,
          5892.005208793,
          0.023592664999998902,
          5892.005753821
        ],
        [
          5891.988929855,
          5892.010400546,
          0.021471134000002223,
          5892.010693565
        ],
        [
          5892.005507642,
          5892.027172993,
          0.02164527200000066,
          5892.027578902
        ],
        [
          5892.010639856,
          5892.033228054,
          0.022588879000000617,
          5892.033520783
        ],
        [
          5892.027482763,
          5892.050769749,
          0.023289288000000852,
          5892.051379337
        ],
        [
          5892.033463233,
          5892.05660924,
          0.023146837999998837,
          5892.056894439
        ],
        [
          5892.051112048,
          5892.074194195,
          0.023083607000000228,
          5892.074623733
        ],
        [
          5892.056848179,
          5892.079566487,
          0.022718618999999052,
          5892.079862377
        ],
        [
          5892.074512494,
          5892.097185802,
          0.02266984999999977,
          5892.09760198
        ],
        [
          5892.079803266,
          5892.101938236,
          0.02213041199999921,
          5892.102260026
        ],
        [
          5892.09749317,
          5892.120162809,
          0.022669458999999392,
          5892.120596127
        ],
        [
          5892.102196146,
          5892.123266009,
          0.02107046499999754,
          5892.123602859
        ],
        [
          5892.120480397,
          5892.143863524,
          0.023385786999998714,
          5892.144301442
        ],
        [
          5892.123482559,
          5892.144552052,
          0.021070514000001594,
          5892.144800891
        ],
        [
          5892.144198382,
          5892.167856308,
          0.02365838600000103,
          5892.168249577
        ],
        [
          5892.14515059,
          5892.166855661,
          0.02170624300000057,
          5892.168320697
        ],
        [
          5892.16718038,
          5892.188324473,
          0.021143214000002075,
          5892.188907941
        ],
        [
          5892.168090267,
          5892.191168344,
          0.023078177000002142,
          5892.191406063
        ],
        [
          5892.188636922,
          5892.21147658,
          0.022841719000002314,
          5892.212094277
        ],
        [
          5892.191397043,
          5892.212991995,
          0.021579962999997093,
          5892.213330654
        ],
        [
          5892.211783239,
          5892.233157251,
          0.02137563300000167,
          5892.233738039
        ],
        [
          5892.213221724,
          5892.234308337,
          0.0210868650000009,
          5892.234547676
        ],
        [
          5892.23345569,
          5892.256341057,
          0.022885767999998308,
          5892.256775536
        ],
        [
          5892.234544256,
          5892.256089778,
          0.021547302999998408,
          5892.256803545
        ],
        [
          5892.256397057,
          5892.279984823,
          0.023590256000002086,
          5892.28058241
        ],
        [
          5892.256727586,
          5892.280104732,
          0.023377635999999313,
          5892.28073425
        ],
        [
          5892.280318971,
          5892.306486598,
          0.026167966999999237,
          5892.306895366
        ],
        [
          5892.28069165,
          5892.303584797,
          0.022895228999999517,
          5892.306919326
        ],
        [
          5892.303895276,
          5892.32801824,
          0.02412347300000306,
          5892.328447878
        ],
        [
          5892.306716558,
          5892.330124153,
          0.023408136000000468,
          5892.330418783
        ],
        [
          5892.328341509,
          5892.350948387,
          0.02260877899999869,
          5892.351391896
        ],
        [
          5892.330337913,
          5892.353914288,
          0.02357667600000113,
          5892.354269647
        ],
        [
          5892.351291786,
          5892.374691903,
          0.023402065999999166,
          5892.37523487
        ],
        [
          5892.354201207,
          5892.377556874,
          0.023354567999998466,
          5892.377919272
        ],
        [
          5892.374992222,
          5892.397808159,
          0.022817447999997853,
          5892.398427887
        ],
        [
          5892.377787893,
          5892.400028832,
          0.02224119999999985,
          5892.400334161
        ],
        [
          5892.398195248,
          5892.420888156,
          0.02269393899999983,
          5892.421503694
        ],
        [
          5892.400241291,
          5892.425152532,
          0.02491155999999961,
          5892.425434922
        ],
        [
          5892.421229384,
          5892.443645173,
          0.022415998999999687,
          5892.444272962
        ],
        [
          5892.425406851,
          5892.447704711,
          0.02229824999999863,
          5892.448123279
        ],
        [
          5892.443953592,
          5892.463868079,
          0.01991652900000318,
          5892.464482928
        ],
        [
          5892.44793384,
          5892.468148226,
          0.020214997000000068,
          5892.468422705
        ],
        [
          5892.464193459,
          5892.484164896,
          0.01997354899999948,
          5892.484744714
        ],
        [
          5892.468387005,
          5892.48886634,
          0.020479486999999352,
          5892.489348529
        ],
        [
          5892.484460415,
          5892.504032693,
          0.019573740999998535,
          5892.504459861
        ],
        [
          5892.48910999,
          5892.512223707,
          0.023114187000000896,
          5892.512571405
        ],
        [
          5892.504344252,
          5892.525278414,
          0.02093418500000155,
          5892.525925223
        ],
        [
          5892.512507295,
          5892.533363699,
          0.020857955000000317,
          5892.533765238
        ],
        [
          5892.525603213,
          5892.545861799,
          0.02025832700000052,
          5892.546328908
        ],
        [
          5892.533656968,
          5892.555405699,
          0.021749541999998456,
          5892.555988167
        ],
        [
          5892.546214869,
          5892.5677528,
          0.021540272999999388,
          5892.569253986
        ],
        [
          5892.555707738,
          5892.576468173,
          0.02075976600000118,
          5892.576871542
        ],
        [
          5892.568179849,
          5892.589100703,
          0.020922726000002,
          5892.58971517
        ],
        [
          5892.576759452,
          5892.597286846,
          0.020528435999999317,
          5892.597680575
        ],
        [
          5892.589437831,
          5892.610641904,
          0.02120359399999927,
          5892.611356653
        ],
        [
          5892.597574436,
          5892.61811707,
          0.020541976000000517,
          5892.61853079
        ],
        [
          5892.611015794,
          5892.633337973,
          0.02232366000000141,
          5892.633743142
        ],
        [
          5892.61842766,
          5892.640110621,
          0.021683063000001113,
          5892.640630308
        ],
        [
          5892.633630882,
          5892.655425402,
          0.021794783000000706,
          5892.65604572
        ],
        [
          5892.64038426,
          5892.662777858,
          0.02239457099999953,
          5892.663210338
        ],
        [
          5892.655727672,
          5892.676213956,
          0.02048726700000003,
          5892.677071244
        ],
        [
          5892.663131437,
          5892.687993259,
          0.024863379999999324,
          5892.688392908
        ],
        [
          5892.676535226,
          5892.700596259,
          0.02406375400000016,
          5892.701062478
        ],
        [
          5892.688296918,
          5892.710199559,
          0.02190385100000114,
          5892.710756258
        ],
        [
          5892.700931638,
          5892.723417787,
          0.022488519999999568,
          5892.724104595
        ],
        [
          5892.710510028,
          5892.733412226,
          0.022904227999998028,
          5892.733991513
        ],
        [
          5892.723787125,
          5892.745751196,
          0.021966702000000282,
          5892.746376174
        ],
        [
          5892.733725704,
          5892.756644272,
          0.022919219000002045,
          5892.75692498
        ],
        [
          5892.746178975,
          5892.770443328,
          0.024263992999998152,
          5892.770904916
        ],
        [
          5892.7568759,
          5892.777315146,
          0.020439236000001415,
          5892.777605895
        ],
        [
          5892.770660137,
          5892.793357545,
          0.022698859000001903,
          5892.793761944
        ],
        [
          5892.777558006,
          5892.800959651,
          0.02340292599999927,
          5892.80131906
        ],
        [
          5892.793663254,
          5892.816553751,
          0.02289140899999964,
          5892.817159419
        ],
        [
          5892.8012786,
          5892.825719553,
          0.02444170200000073,
          5892.826226571
        ],
        [
          5892.81685891,
          5892.84242243,
          0.025563339000001406,
          5892.843009378
        ],
        [
          5892.826014652,
          5892.846929695,
          0.020915276000000205,
          5892.847241415
        ],
        [
          5892.842718759,
          5892.866500143,
          0.023783014999999352,
          5892.866906631
        ],
        [
          5892.847237715,
          5892.872694144,
          0.025456499000000576,
          5892.873230532
        ],
        [
          5892.866804832,
          5892.890663957,
          0.023858625000002576,
          5892.891073486
        ],
        [
          5892.873028923,
          5892.897079807,
          0.024051574000001352,
          5892.897521805
        ],
        [
          5892.890946826,
          5892.914662381,
          0.02371661599999797,
          5892.915192139
        ],
        [
          5892.897363396,
          5892.921749357,
          0.024386432000000013,
          5892.922254977
        ],
        [
          5892.91494296,
          5892.937315609,
          0.022374339999998938,
          5892.937856087
        ],
        [
          5892.922053768,
          5892.945798862,
          0.023745824999998888,
          5892.9463509
        ],
        [
          5892.937622108,
          5892.960924424,
          0.023304107000001295,
          5892.961510351
        ],
        [
          5892.94610812,
          5892.968734369,
          0.0226268989999987,
          5892.969128778
        ],
        [
          5892.961230592,
          5892.983569562,
          0.02234090999999694,
          5892.98392756
        ],
        [
          5892.969015308,
          5892.99050525,
          0.021490603000000164,
          5892.990756579
        ]
      ]
    },
    {
      "round_index": 18,
      "map_setup_wall_s": 0.0016044060002968763,
      "map_setup_parent_cpu_s": 0.0022242969999997086,
      "result_next_wall_s": 1.2894392099969991,
      "result_next_parent_cpu_s": 0.0637193559999858,
      "serial_result_processing_wall_s": 0.011676417996568489,
      "serial_result_processing_parent_cpu_s": 0.01313196699999608,
      "worker_placement_wall_sum_s": 2.549127861006127,
      "worker_placement_cpu_sum_s": 2.5491413650000148,
      "worker_tasks": 181,
      "per_worker": {
        "20197": 91,
        "20194": 90
      },
      "task_intervals": [
        [
          5893.944504406,
          5893.945256525,
          0.0007519179999988523,
          5893.945501893
        ],
        [
          5893.944770005,
          5893.961415313,
          0.016646841000000023,
          5893.962034751
        ],
        [
          5893.945419644,
          5893.961563902,
          0.016144842999999298,
          5893.962058041
        ],
        [
          5893.961724132,
          5893.97517243,
          0.013446791999999874,
          5893.975417829
        ],
        [
          5893.962169231,
          5893.974606181,
          0.012438945999999618,
          5893.975439509
        ],
        [
          5893.974924291,
          5893.988411277,
          0.013487502000000262,
          5893.988812266
        ],
        [
          5893.975414418,
          5893.988467537,
          0.013053424000002423,
          5893.989127765
        ],
        [
          5893.988707146,
          5894.00342702,
          0.014719376999998701,
          5894.003684108
        ],
        [
          5893.989152605,
          5894.002759142,
          0.013593522000000746,
          5894.003710159
        ],
        [
          5894.003094781,
          5894.015600701,
          0.012507504999998531,
          5894.01598868
        ],
        [
          5894.003619969,
          5894.017532735,
          0.013912890000000289,
          5894.017798044
        ],
        [
          5894.01588817,
          5894.02839097,
          0.012504124999999533,
          5894.028993588
        ],
        [
          5894.017726144,
          5894.031945399,
          0.01421919800000282,
          5894.032194519
        ],
        [
          5894.028691889,
          5894.041691649,
          0.013000843000000373,
          5894.042164657
        ],
        [
          5894.032207809,
          5894.044734309,
          0.012527075000001275,
          5894.045153488
        ],
        [
          5894.041977818,
          5894.055220556,
          0.013237193000001923,
          5894.055612824
        ],
        [
          5894.044958528,
          5894.057668938,
          0.012711115000001882,
          5894.058068147
        ],
        [
          5894.055518004,
          5894.069916359,
          0.01439238900000106,
          5894.070485247
        ],
        [
          5894.057875037,
          5894.072640681,
          0.01476539800000154,
          5894.072875249
        ],
        [
          5894.070219468,
          5894.084173104,
          0.013952440000000621,
          5894.084703072
        ],
        [
          5894.0728603,
          5894.086218627,
          0.013357932000001682,
          5894.086474576
        ],
        [
          5894.084453583,
          5894.098466988,
          0.014014749999997633,
          5894.098859837
        ],
        [
          5894.086401876,
          5894.101492199,
          0.015090825999998003,
          5894.101821728
        ],
        [
          5894.098758037,
          5894.112340435,
          0.013581192000000186,
          5894.112933133
        ],
        [
          5894.101680518,
          5894.114971896,
          0.013291302000002503,
          5894.115366705
        ],
        [
          5894.112643474,
          5894.127119228,
          0.014477509000002442,
          5894.127523976
        ],
        [
          5894.115249205,
          5894.12964003,
          0.014391089000000079,
          5894.129856519
        ],
        [
          5894.127416247,
          5894.140296835,
          0.012882305000001537,
          5894.140832304
        ],
        [
          5894.129877729,
          5894.143004487,
          0.013126933000002339,
          5894.143223997
        ],
        [
          5894.140571845,
          5894.153579044,
          0.01300825299999886,
          5894.154235702
        ],
        [
          5894.143245236,
          5894.156775684,
          0.01353056199999969,
          5894.157027583
        ],
        [
          5894.153871013,
          5894.168134998,
          0.014264618999998646,
          5894.168725546
        ],
        [
          5894.157040153,
          5894.170609279,
          0.013568851999998799,
          5894.170832469
        ],
        [
          5894.168441516,
          5894.182821001,
          0.014378498999999323,
          5894.183331819
        ],
        [
          5894.170851449,
          5894.185184444,
          0.014332919999997529,
          5894.185473212
        ],
        [
          5894.18311312,
          5894.197371885,
          0.014248608999999135,
          5894.197943973
        ],
        [
          5894.185418192,
          5894.198755381,
          0.013337222000000537,
          5894.19901931
        ],
        [
          5894.197662594,
          5894.211410841,
          0.013747401000003379,
          5894.211840839
        ],
        [
          5894.19897186,
          5894.21151445,
          0.01254278499999728,
          5894.212276438
        ],
        [
          5894.211724529,
          5894.226257063,
          0.014532628000001324,
          5894.226514923
        ],
        [
          5894.212232428,
          5894.225553575,
          0.013322832000000062,
          5894.226597173
        ],
        [
          5894.225849965,
          5894.238321925,
          0.012471194999999824,
          5894.238851404
        ],
        [
          5894.226442073,
          5894.240368949,
          0.013927340000002175,
          5894.240642037
        ],
        [
          5894.238610784,
          5894.251259455,
          0.01265086400000115,
          5894.251811273
        ],
        [
          5894.240571608,
          5894.253833526,
          0.013262382999997158,
          5894.254048306
        ],
        [
          5894.251556383,
          5894.264407482,
          0.01285226300000275,
          5894.264775211
        ],
        [
          5894.254056326,
          5894.269446446,
          0.015390293999999471,
          5894.269842115
        ],
        [
          5894.264703732,
          5894.278530028,
          0.013827589999998224,
          5894.278889107
        ],
        [
          5894.269685325,
          5894.283363063,
          0.01367819100000034,
          5894.283731232
        ],
        [
          5894.278829127,
          5894.293334211,
          0.014505438000000481,
          5894.29363676
        ],
        [
          5894.283580752,
          5894.297996076,
          0.014415409000001489,
          5894.298245895
        ],
        [
          5894.29360773,
          5894.307144607,
          0.013538862000000762,
          5894.307675235
        ],
        [
          5894.298236846,
          5894.312186761,
          0.013950100999998938,
          5894.31244757
        ],
        [
          5894.307441196,
          5894.321198922,
          0.013759470000000107,
          5894.321546512
        ],
        [
          5894.31242688,
          5894.326459926,
          0.014033669999999887,
          5894.326716135
        ],
        [
          5894.321498401,
          5894.335301508,
          0.01380407099999914,
          5894.335637137
        ],
        [
          5894.326699365,
          5894.34085314,
          0.014154120000000603,
          5894.341136919
        ],
        [
          5894.335595507,
          5894.348658206,
          0.013064223000000652,
          5894.349134854
        ],
        [
          5894.34108431,
          5894.354406437,
          0.013322922000000403,
          5894.354659376
        ],
        [
          5894.348932394,
          5894.36293669,
          0.014004399000000944,
          5894.363424219
        ],
        [
          5894.354727996,
          5894.367590285,
          0.012862783999999294,
          5894.367840535
        ],
        [
          5894.36324028,
          5894.376621926,
          0.013382640999999751,
          5894.377154225
        ],
        [
          5894.367830455,
          5894.380727644,
          0.012897454000000863,
          5894.381131243
        ],
        [
          5894.376911525,
          5894.391279431,
          0.014368319999999102,
          5894.391737889
        ],
        [
          5894.380977763,
          5894.394702149,
          0.013717130999999938,
          5894.395077849
        ],
        [
          5894.391555079,
          5894.405600075,
          0.01404526999999689,
          5894.405927184
        ],
        [
          5894.394937369,
          5894.407721008,
          0.012783965000000563,
          5894.407934518
        ],
        [
          5894.405894254,
          5894.41953897,
          0.013645002000000517,
          5894.420117229
        ],
        [
          5894.407916848,
          5894.420655447,
          0.01273921499999986,
          5894.420868197
        ],
        [
          5894.4198198,
          5894.433110248,
          0.01329103200000148,
          5894.433485857
        ],
        [
          5894.420863746,
          5894.434381434,
          0.01351811199999986,
          5894.434672282
        ],
        [
          5894.433383917,
          5894.447354193,
          0.01397190000000137,
          5894.44803212
        ],
        [
          5894.434586762,
          5894.447368363,
          0.0127823350000007,
          5894.448308239
        ],
        [
          5894.447639942,
          5894.460509001,
          0.012865903999998096,
          5894.46090465
        ],
        [
          5894.447974441,
          5894.461088039,
          0.01311502299999745,
          5894.461407788
        ],
        [
          5894.46079306,
          5894.474771086,
          0.013979650000003119,
          5894.475283105
        ],
        [
          5894.461283749,
          5894.475152475,
          0.013867220000001623,
          5894.475567273
        ],
        [
          5894.475061515,
          5894.490345497,
          0.01528396499999829,
          5894.490616565
        ],
        [
          5894.475348624,
          5894.48916933,
          0.013820961000000409,
          5894.490694845
        ],
        [
          5894.489431529,
          5894.505365329,
          0.01593379299999853,
          5894.505703457
        ],
        [
          5894.490568656,
          5894.504349452,
          0.013781250000000966,
          5894.505727308
        ],
        [
          5894.504614821,
          5894.518563227,
          0.01394811000000118,
          5894.518956755
        ],
        [
          5894.505570688,
          5894.519037225,
          0.013466621999999262,
          5894.519305424
        ],
        [
          5894.518857966,
          5894.53321013,
          0.014352568999999704,
          5894.533599869
        ],
        [
          5894.519418685,
          5894.532594812,
          0.013177912999999819,
          5894.533623799
        ],
        [
          5894.532875782,
          5894.546766707,
          0.013890621000001602,
          5894.547177326
        ],
        [
          5894.533434869,
          5894.54915323,
          0.01571863299999876,
          5894.54946951
        ],
        [
          5894.547066927,
          5894.5616066,
          0.01454025800000025,
          5894.562175299
        ],
        [
          5894.5493652,
          5894.563665464,
          0.014300607999999215,
          5894.563990763
        ],
        [
          5894.56187904,
          5894.575554626,
          0.013677461000000335,
          5894.576130144
        ],
        [
          5894.563877243,
          5894.578184968,
          0.014307899000002067,
          5894.578503946
        ],
        [
          5894.575842585,
          5894.59005573,
          0.01421286000000066,
          5894.590442849
        ],
        [
          5894.578397987,
          5894.593708098,
          0.015310406000001109,
          5894.594079858
        ],
        [
          5894.590338729,
          5894.603847506,
          0.013509380999998655,
          5894.604234376
        ],
        [
          5894.593924917,
          5894.607005557,
          0.013080684000001952,
          5894.607383155
        ],
        [
          5894.604120526,
          5894.617900672,
          0.013780630999999488,
          5894.61846248
        ],
        [
          5894.607217896,
          5894.620476024,
          0.013258232999998398,
          5894.620700853
        ],
        [
          5894.618173231,
          5894.632114317,
          0.013942419999999345,
          5894.632484426
        ],
        [
          5894.620688193,
          5894.635568536,
          0.014880656999999076,
          5894.635828125
        ],
        [
          5894.632371436,
          5894.645856403,
          0.013486240999998955,
          5894.646409692
        ],
        [
          5894.635795225,
          5894.649608252,
          0.013813451000000754,
          5894.65003622
        ],
        [
          5894.646126642,
          5894.660554646,
          0.014429498000001928,
          5894.660931945
        ],
        [
          5894.649838321,
          5894.66273785,
          0.012899814000000731,
          5894.663089598
        ],
        [
          5894.660828905,
          5894.674022884,
          0.013193532999999036,
          5894.674354463
        ],
        [
          5894.662955839,
          5894.677188624,
          0.01423303899999695,
          5894.677458004
        ],
        [
          5894.674291454,
          5894.688186729,
          0.013895619999999553,
          5894.688619617
        ],
        [
          5894.677416453,
          5894.692251657,
          0.014835276000003006,
          5894.692422996
        ],
        [
          5894.688459358,
          5894.702240705,
          0.013781190999999637,
          5894.702715143
        ],
        [
          5894.692487045,
          5894.705299465,
          0.012812634999999517,
          5894.705628503
        ],
        [
          5894.702504704,
          5894.71647054,
          0.013966450000001629,
          5894.717063798
        ],
        [
          5894.705529324,
          5894.719612479,
          0.014083409999997798,
          5894.720046768
        ],
        [
          5894.716762769,
          5894.732408459,
          0.01564485399999782,
          5894.732968677
        ],
        [
          5894.719846039,
          5894.734882321,
          0.015036615999999725,
          5894.73513307
        ],
        [
          5894.732700718,
          5894.747236862,
          0.014535787999999883,
          5894.74776694
        ],
        [
          5894.73510885,
          5894.750241822,
          0.015133286000001078,
          5894.750497541
        ],
        [
          5894.747513051,
          5894.761165948,
          0.013651541000001544,
          5894.761722117
        ],
        [
          5894.750479072,
          5894.764147138,
          0.013668390999999502,
          5894.764391328
        ],
        [
          5894.761446418,
          5894.777133357,
          0.015686734999999175,
          5894.777686846
        ],
        [
          5894.764371338,
          5894.778377974,
          0.014006760000000895,
          5894.778666903
        ],
        [
          5894.777417387,
          5894.792326269,
          0.014906247000002537,
          5894.793118616
        ],
        [
          5894.778584173,
          5894.792705198,
          0.01412125999999958,
          5894.793146006
        ],
        [
          5894.792614968,
          5894.806407925,
          0.013792729999998699,
          5894.806794394
        ],
        [
          5894.792931917,
          5894.806511555,
          0.013579980999999464,
          5894.806907413
        ],
        [
          5894.806680654,
          5894.821220728,
          0.014540787999997917,
          5894.821733166
        ],
        [
          5894.807263881,
          5894.823039763,
          0.015775704000002833,
          5894.823318091
        ],
        [
          5894.821482537,
          5894.835468702,
          0.013987660000001512,
          5894.836044671
        ],
        [
          5894.823236531,
          5894.837303206,
          0.014067179000001317,
          5894.837599785
        ],
        [
          5894.835743902,
          5894.850010686,
          0.014266688999999388,
          5894.850609565
        ],
        [
          5894.837519705,
          5894.851889171,
          0.014369900000001934,
          5894.852227789
        ],
        [
          5894.850321656,
          5894.864435031,
          0.014113840000000266,
          5894.864966709
        ],
        [
          5894.85214131,
          5894.865996366,
          0.013855250999998958,
          5894.866301975
        ],
        [
          5894.86471521,
          5894.879266544,
          0.01455174799999881,
          5894.879604143
        ],
        [
          5894.866222875,
          5894.880045681,
          0.013822880999999398,
          5894.880286421
        ],
        [
          5894.879540563,
          5894.893329169,
          0.013789650999999736,
          5894.893794427
        ],
        [
          5894.880253971,
          5894.894733944,
          0.014480428999998907,
          5894.894929994
        ],
        [
          5894.893575848,
          5894.910228166,
          0.01665243100000069,
          5894.910597125
        ],
        [
          5894.894928354,
          5894.909383738,
          0.014455688000001743,
          5894.910618385
        ],
        [
          5894.909648647,
          5894.923661093,
          0.014013899999998358,
          5894.924256791
        ],
        [
          5894.910441185,
          5894.925754806,
          0.015314245999999088,
          5894.926037025
        ],
        [
          5894.923961572,
          5894.939395353,
          0.01543544500000138,
          5894.939780572
        ],
        [
          5894.925959616,
          5894.941913555,
          0.015954002999997385,
          5894.942204114
        ],
        [
          5894.939686752,
          5894.955382632,
          0.015697902999999513,
          5894.955923631
        ],
        [
          5894.942122384,
          5894.958086974,
          0.015964982999999933,
          5894.958448453
        ],
        [
          5894.955672291,
          5894.970864674,
          0.015194256999997435,
          5894.971466811
        ],
        [
          5894.958293343,
          5894.97184179,
          0.013548701000001273,
          5894.972049039
        ],
        [
          5894.971188732,
          5894.985870826,
          0.01468336800000003,
          5894.986498793
        ],
        [
          5894.972051099,
          5894.986553704,
          0.014502989000000355,
          5894.986786872
        ],
        [
          5894.986211074,
          5895.00043324,
          0.014222529000001316,
          5895.000803299
        ],
        [
          5894.986737152,
          5895.001613365,
          0.014876547000000073,
          5895.001795815
        ],
        [
          5895.000711929,
          5895.016150679,
          0.015436785000002118,
          5895.016553648
        ],
        [
          5895.001791875,
          5895.015772841,
          0.013983620000001196,
          5895.016578598
        ],
        [
          5895.01611773,
          5895.030827763,
          0.014711027000000598,
          5895.031240232
        ],
        [
          5895.016471889,
          5895.032444579,
          0.015972932000000384,
          5895.032667027
        ],
        [
          5895.031150752,
          5895.046361604,
          0.015211945999997312,
          5895.046917003
        ],
        [
          5895.032682607,
          5895.048620427,
          0.01593770299999875,
          5895.048932915
        ],
        [
          5895.046658882,
          5895.061393046,
          0.014735207999997613,
          5895.061947535
        ],
        [
          5895.048846976,
          5895.064478827,
          0.0156322940000031,
          5895.064855376
        ],
        [
          5895.061697875,
          5895.075450542,
          0.013753851000000594,
          5895.0759544
        ],
        [
          5895.064710496,
          5895.07918602,
          0.01447592899999961,
          5895.079554079
        ],
        [
          5895.075724501,
          5895.089601327,
          0.013873551999999734,
          5895.090118945
        ],
        [
          5895.079409399,
          5895.094328983,
          0.01491121600000156,
          5895.094579451
        ],
        [
          5895.089874826,
          5895.103678012,
          0.013804369999999011,
          5895.104161781
        ],
        [
          5895.094574591,
          5895.107760909,
          0.013186961999998914,
          5895.108011488
        ],
        [
          5895.103953391,
          5895.118322186,
          0.014370139000000393,
          5895.118776144
        ],
        [
          5895.108047428,
          5895.121501096,
          0.013453962999999902,
          5895.121839755
        ],
        [
          5895.118603075,
          5895.13267809,
          0.014075500000000574,
          5895.133101179
        ],
        [
          5895.121737676,
          5895.13579968,
          0.014062340999998924,
          5895.13603105
        ],
        [
          5895.13295558,
          5895.147967762,
          0.015013495999998128,
          5895.14842934
        ],
        [
          5895.136051459,
          5895.149649397,
          0.013598051999998972,
          5895.149841726
        ],
        [
          5895.148279951,
          5895.162668415,
          0.014390239000000804,
          5895.163103334
        ],
        [
          5895.149858076,
          5895.166829913,
          0.016972109000001012,
          5895.167057752
        ],
        [
          5895.162940845,
          5895.178091977,
          0.015152866000001097,
          5895.178616124
        ],
        [
          5895.167217991,
          5895.183453249,
          0.0162353419999981,
          5895.183865739
        ],
        [
          5895.178350396,
          5895.193374057,
          0.01502430600000082,
          5895.193738416
        ],
        [
          5895.183712648,
          5895.1991895,
          0.015477095000001384,
          5895.199462179
        ],
        [
          5895.193651396,
          5895.208994929,
          0.015345205999999223,
          5895.209526337
        ],
        [
          5895.199428129,
          5895.21467811,
          0.015249965999998949,
          5895.215170799
        ],
        [
          5895.209274488,
          5895.225658855,
          0.016383481999998395,
          5895.226233394
        ],
        [
          5895.214927189,
          5895.230611439,
          0.015675624,
          5895.230880019
        ],
        [
          5895.225930385,
          5895.240671688,
          0.014742058000003055,
          5895.241045207
        ],
        [
          5895.230843379,
          5895.246138481,
          0.015295075000000935,
          5895.246393181
        ]
      ]
    },
    {
      "round_index": 19,
      "map_setup_wall_s": 0.0016570850002608495,
      "map_setup_parent_cpu_s": 0.002282115999999945,
      "result_next_wall_s": 1.0807949970048867,
      "result_next_parent_cpu_s": 0.060932555000018596,
      "serial_result_processing_wall_s": 0.006283616993641772,
      "serial_result_processing_parent_cpu_s": 0.006501218000009246,
      "worker_placement_wall_sum_s": 2.1286238659959054,
      "worker_placement_cpu_sum_s": 2.1286522650000066,
      "worker_tasks": 181,
      "per_worker": {
        "20197": 91,
        "20194": 90
      },
      "task_intervals": [
        [
          5896.157378263,
          5896.15815891,
          0.0007801170000014679,
          5896.158386669
        ],
        [
          5896.157418122,
          5896.168946336,
          0.011521779999998927,
          5896.169449615
        ],
        [
          5896.158297059,
          5896.169578974,
          0.011282989000001464,
          5896.169806414
        ],
        [
          5896.169213635,
          5896.181367056,
          0.012141297000002993,
          5896.181857256
        ],
        [
          5896.169756514,
          5896.181453436,
          0.011697499000000278,
          5896.182090975
        ],
        [
          5896.181637205,
          5896.193348128,
          0.01171113799999901,
          5896.193664077
        ],
        [
          5896.181938205,
          5896.19296384,
          0.011027479999999201,
          5896.193683527
        ],
        [
          5896.193245308,
          5896.204148335,
          0.010903520999999472,
          5896.204700843
        ],
        [
          5896.193664597,
          5896.205725039,
          0.012060187000002998,
          5896.205985728
        ],
        [
          5896.204415744,
          5896.215701848,
          0.011287778999999887,
          5896.216248035
        ],
        [
          5896.205913579,
          5896.216973044,
          0.011059351000000106,
          5896.217244043
        ],
        [
          5896.215943576,
          5896.227375131,
          0.011433089000000507,
          5896.227935289
        ],
        [
          5896.217190533,
          5896.228577367,
          0.011386968999996583,
          5896.228786746
        ],
        [
          5896.22764613,
          5896.238779224,
          0.011134630000000811,
          5896.239331443
        ],
        [
          5896.228792516,
          5896.239545002,
          0.01075265200000075,
          5896.239792281
        ],
        [
          5896.239058604,
          5896.252084142,
          0.013026704000001388,
          5896.252335512
        ],
        [
          5896.239736372,
          5896.250813476,
          0.011078791000002752,
          5896.252355921
        ],
        [
          5896.251118065,
          5896.262051501,
          0.010934341000002235,
          5896.262532759
        ],
        [
          5896.252267652,
          5896.264900042,
          0.0126324949999983,
          5896.26522764
        ],
        [
          5896.26230402,
          5896.273677493,
          0.011374979999999368,
          5896.274238183
        ],
        [
          5896.265101441,
          5896.27780858,
          0.01270736400000061,
          5896.278223569
        ],
        [
          5896.273952924,
          5896.285992454,
          0.012038757000002676,
          5896.286524873
        ],
        [
          5896.27805098,
          5896.290129941,
          0.012079577000001507,
          5896.2905352
        ],
        [
          5896.286260134,
          5896.297378339,
          0.011119589999999846,
          5896.297852707
        ],
        [
          5896.290332691,
          5896.301891335,
          0.011558758000003166,
          5896.302343013
        ],
        [
          5896.297633348,
          5896.310275588,
          0.01264178399999949,
          5896.310826576
        ],
        [
          5896.302159054,
          5896.313801707,
          0.011643109000001317,
          5896.314227205
        ],
        [
          5896.310563416,
          5896.321764552,
          0.01120044900000039,
          5896.322328519
        ],
        [
          5896.314043246,
          5896.327207555,
          0.013164573000000956,
          5896.327655233
        ],
        [
          5896.322054031,
          5896.333314835,
          0.011261670999999751,
          5896.333861583
        ],
        [
          5896.327444123,
          5896.339820414,
          0.012377174999997465,
          5896.340361562
        ],
        [
          5896.333594535,
          5896.345582545,
          0.011986456999999007,
          5896.346046965
        ],
        [
          5896.340113563,
          5896.351660617,
          0.011548578999999393,
          5896.352234985
        ],
        [
          5896.345822405,
          5896.356644561,
          0.01082237099999972,
          5896.357099249
        ],
        [
          5896.351978666,
          5896.365058224,
          0.013072983000000704,
          5896.365638892
        ],
        [
          5896.356886641,
          5896.369249271,
          0.012362955000000397,
          5896.369691389
        ],
        [
          5896.365404763,
          5896.377551895,
          0.012148276999997876,
          5896.377891253
        ],
        [
          5896.36949067,
          5896.381029374,
          0.01153894899999841,
          5896.381342353
        ],
        [
          5896.377825114,
          5896.390611234,
          0.012787073999998455,
          5896.391134932
        ],
        [
          5896.381229624,
          5896.394169332,
          0.012939983000002542,
          5896.394496011
        ],
        [
          5896.390866603,
          5896.403738982,
          0.01287339399999965,
          5896.40423063
        ],
        [
          5896.394372191,
          5896.406836222,
          0.01246438499999769,
          5896.407127411
        ],
        [
          5896.403990501,
          5896.416466541,
          0.012477504999999667,
          5896.4169371
        ],
        [
          5896.407055971,
          5896.418376575,
          0.011320719000000423,
          5896.418539135
        ],
        [
          5896.416725651,
          5896.429179021,
          0.012454555999998007,
          5896.42966163
        ],
        [
          5896.418601415,
          5896.429798799,
          0.011196200000000545,
          5896.429998268
        ],
        [
          5896.42944676,
          5896.441729431,
          0.012283675999999133,
          5896.44211715
        ],
        [
          5896.430009758,
          5896.442268259,
          0.01224874600000092,
          5896.442527649
        ],
        [
          5896.4419723,
          5896.453867173,
          0.011896757000002367,
          5896.454217472
        ],
        [
          5896.442481109,
          5896.454143832,
          0.011662868999998466,
          5896.454383821
        ],
        [
          5896.454131792,
          5896.465133526,
          0.01100303999999852,
          5896.465536476
        ],
        [
          5896.454358221,
          5896.465483017,
          0.011125401000001034,
          5896.465753025
        ],
        [
          5896.465385407,
          5896.477375948,
          0.011990897000000444,
          5896.477675517
        ],
        [
          5896.465698865,
          5896.479380102,
          0.013681251999997812,
          5896.479552931
        ],
        [
          5896.477619447,
          5896.48924923,
          0.011631307999998342,
          5896.489557289
        ],
        [
          5896.479597901,
          5896.491136005,
          0.011538208999997579,
          5896.491361114
        ],
        [
          5896.48949892,
          5896.50213194,
          0.012634004000002363,
          5896.502422219
        ],
        [
          5896.491335304,
          5896.50487848,
          0.013542781000001725,
          5896.505128201
        ],
        [
          5896.502368219,
          5896.513681364,
          0.011313610999998502,
          5896.513964692
        ],
        [
          5896.50510885,
          5896.516928253,
          0.01181937800000199,
          5896.517191552
        ],
        [
          5896.513911292,
          5896.525752285,
          0.0118419170000017,
          5896.526058764
        ],
        [
          5896.517158632,
          5896.53053232,
          0.013373811999997542,
          5896.530793219
        ],
        [
          5896.525995914,
          5896.538047007,
          0.012051957000000613,
          5896.538325706
        ],
        [
          5896.530761639,
          5896.541974703,
          0.011212809999999962,
          5896.542238473
        ],
        [
          5896.538276515,
          5896.550313777,
          0.012038326000002542,
          5896.550608516
        ],
        [
          5896.542202133,
          5896.554184104,
          0.011982166000002792,
          5896.554458894
        ],
        [
          5896.550555956,
          5896.563216916,
          0.012661586000000113,
          5896.563537175
        ],
        [
          5896.554416444,
          5896.566221437,
          0.011805017999996892,
          5896.566395826
        ],
        [
          5896.563464686,
          5896.575229618,
          0.011765848999999662,
          5896.575441108
        ],
        [
          5896.566462246,
          5896.578121639,
          0.01165953799999997,
          5896.578463508
        ],
        [
          5896.575500197,
          5896.587171011,
          0.011671977999998973,
          5896.58745737
        ],
        [
          5896.578338159,
          5896.59031013,
          0.011972116999999116,
          5896.590647929
        ],
        [
          5896.58742629,
          5896.599365752,
          0.011940227000000192,
          5896.599638901
        ],
        [
          5896.59051897,
          5896.601864233,
          0.011345309999999387,
          5896.602263963
        ],
        [
          5896.599625912,
          5896.611113175,
          0.011488868000000707,
          5896.611399994
        ],
        [
          5896.602088823,
          5896.614176525,
          0.012087846000000013,
          5896.614518764
        ],
        [
          5896.611385294,
          5896.622357329,
          0.01097328000000175,
          5896.622755978
        ],
        [
          5896.614387693,
          5896.625704288,
          0.01131644899999884,
          5896.626064397
        ],
        [
          5896.622584128,
          5896.633098575,
          0.010515792999999718,
          5896.633490004
        ],
        [
          5896.625911557,
          5896.637227372,
          0.011316320000002378,
          5896.637586501
        ],
        [
          5896.633331514,
          5896.644160439,
          0.01082934100000088,
          5896.64443759
        ],
        [
          5896.637435641,
          5896.648780265,
          0.011344679000000468,
          5896.649140634
        ],
        [
          5896.644378269,
          5896.655478344,
          0.011101089999996816,
          5896.655760913
        ],
        [
          5896.649020774,
          5896.659481762,
          0.010461002999999636,
          5896.65982835
        ],
        [
          5896.655698853,
          5896.66625774,
          0.010559812000000335,
          5896.666610608
        ],
        [
          5896.659691041,
          5896.671244424,
          0.011553918000000607,
          5896.671598592
        ],
        [
          5896.666474768,
          5896.677105355,
          0.010630802000001438,
          5896.677530404
        ],
        [
          5896.671464073,
          5896.682851207,
          0.011387688999999313,
          5896.683275186
        ],
        [
          5896.677349405,
          5896.688020091,
          0.010671462000001242,
          5896.688384039
        ],
        [
          5896.683106336,
          5896.695295608,
          0.012189697000000166,
          5896.695688056
        ],
        [
          5896.68823442,
          5896.699994253,
          0.011760328000001152,
          5896.700376472
        ],
        [
          5896.695518527,
          5896.706602832,
          0.011085109999999787,
          5896.707007941
        ],
        [
          5896.700204392,
          5896.711344066,
          0.011139980999999466,
          5896.711712836
        ],
        [
          5896.706831061,
          5896.717725617,
          0.010895041000001271,
          5896.718144655
        ],
        [
          5896.711544256,
          5896.72290224,
          0.011358339000000939,
          5896.723320548
        ],
        [
          5896.717952186,
          5896.730090098,
          0.012138667999998631,
          5896.730503556
        ],
        [
          5896.723141089,
          5896.735097951,
          0.011957137999999645,
          5896.73545929
        ],
        [
          5896.730309777,
          5896.74194037,
          0.011631009000002024,
          5896.742209499
        ],
        [
          5896.735310651,
          5896.745902747,
          0.010593201999999025,
          5896.746220056
        ],
        [
          5896.742175779,
          5896.75453077,
          0.012355555999999268,
          5896.754760669
        ],
        [
          5896.746130346,
          5896.757176661,
          0.011046399999997902,
          5896.757381491
        ],
        [
          5896.754764589,
          5896.766573972,
          0.011810506999999859,
          5896.766808101
        ],
        [
          5896.757378351,
          5896.769342873,
          0.011964277000000578,
          5896.769614192
        ],
        [
          5896.766817581,
          5896.778266054,
          0.01144915900000143,
          5896.778600143
        ],
        [
          5896.769533333,
          5896.781687204,
          0.012154247000001561,
          5896.781970223
        ],
        [
          5896.778523304,
          5896.790086917,
          0.011564879000001582,
          5896.790316427
        ],
        [
          5896.781881614,
          5896.793447706,
          0.011566938999997944,
          5896.793656097
        ],
        [
          5896.790332316,
          5896.801381312,
          0.011050240999999517,
          5896.801608151
        ],
        [
          5896.793660086,
          5896.804667391,
          0.011007191000000915,
          5896.80487529
        ],
        [
          5896.801622931,
          5896.814028952,
          0.012407165999999137,
          5896.814326631
        ],
        [
          5896.80487199,
          5896.816830103,
          0.011958176999996795,
          5896.817122271
        ],
        [
          5896.81427264,
          5896.825874794,
          0.01160285899999991,
          5896.826233113
        ],
        [
          5896.817043722,
          5896.829954941,
          0.01291121300000242,
          5896.830250889
        ],
        [
          5896.826145893,
          5896.837846265,
          0.01170104899999913,
          5896.838235344
        ],
        [
          5896.83017131,
          5896.841522234,
          0.011350458999999091,
          5896.841934873
        ],
        [
          5896.838092024,
          5896.849595228,
          0.011503719000000245,
          5896.850061117
        ],
        [
          5896.841764213,
          5896.853824286,
          0.01206048799999948,
          5896.854230994
        ],
        [
          5896.849864127,
          5896.862151199,
          0.012287727000000359,
          5896.862450358
        ],
        [
          5896.854104065,
          5896.865677927,
          0.011573879000000176,
          5896.866114036
        ],
        [
          5896.862405648,
          5896.873742752,
          0.01133834899999897,
          5896.87422413
        ],
        [
          5896.865883787,
          5896.878294498,
          0.012411314999997813,
          5896.878714916
        ],
        [
          5896.874011351,
          5896.887211409,
          0.013201092999999275,
          5896.887677387
        ],
        [
          5896.878505268,
          5896.89024021,
          0.011735138000002365,
          5896.890653698
        ],
        [
          5896.887470368,
          5896.898795873,
          0.01132635899999812,
          5896.899127511
        ],
        [
          5896.890447458,
          5896.902988719,
          0.012541594999998296,
          5896.903459798
        ],
        [
          5896.899070732,
          5896.909953197,
          0.010880411000002255,
          5896.910427195
        ],
        [
          5896.903215549,
          5896.914763802,
          0.011548238999999683,
          5896.91523914
        ],
        [
          5896.910230606,
          5896.921988309,
          0.011757987999999386,
          5896.922455768
        ],
        [
          5896.914969731,
          5896.926236736,
          0.011267339999999848,
          5896.926667084
        ],
        [
          5896.922247648,
          5896.933310043,
          0.011062630000001406,
          5896.933756022
        ],
        [
          5896.926447155,
          5896.938327738,
          0.011880577999999531,
          5896.938743916
        ],
        [
          5896.933563842,
          5896.945128796,
          0.01156549899999959,
          5896.945573925
        ],
        [
          5896.938553657,
          5896.949393602,
          0.01083984099999924,
          5896.94980763
        ],
        [
          5896.945375024,
          5896.957652665,
          0.012278255999998322,
          5896.958132605
        ],
        [
          5896.949598091,
          5896.960339557,
          0.010741710999997878,
          5896.960744676
        ],
        [
          5896.957909546,
          5896.970293016,
          0.012383876000001237,
          5896.970752695
        ],
        [
          5896.960543037,
          5896.97214782,
          0.01160457799999648,
          5896.972553129
        ],
        [
          5896.970556245,
          5896.983545294,
          0.012989593999996885,
          5896.984013082
        ],
        [
          5896.972346849,
          5896.983745374,
          0.011398419999999021,
          5896.984325532
        ],
        [
          5896.983822943,
          5896.995545446,
          0.011723528000000982,
          5896.995847555
        ],
        [
          5896.984111742,
          5896.997802359,
          0.013690771000000268,
          5896.998194138
        ],
        [
          5896.995811276,
          5897.008288526,
          0.012477826000001357,
          5897.008749334
        ],
        [
          5896.998076458,
          5897.011528315,
          0.01345105200000063,
          5897.011940494
        ],
        [
          5897.008559545,
          5897.021693023,
          0.013135113000000587,
          5897.022192241
        ],
        [
          5897.011731245,
          5897.02240802,
          0.010676621999998304,
          5897.02281511
        ],
        [
          5897.021967072,
          5897.033381876,
          0.01141545900000196,
          5897.033852055
        ],
        [
          5897.02260138,
          5897.033740565,
          0.011139660000001328,
          5897.034151354
        ],
        [
          5897.033647385,
          5897.045292439,
          0.011646417999997993,
          5897.045709397
        ],
        [
          5897.033943974,
          5897.045310948,
          0.011366688999999042,
          5897.045954137
        ],
        [
          5897.045557438,
          5897.056574252,
          0.011018111999998581,
          5897.056994691
        ],
        [
          5897.045787217,
          5897.058172778,
          0.012385336000001246,
          5897.058492306
        ],
        [
          5897.056845711,
          5897.070337939,
          0.01349376199999952,
          5897.070727328
        ],
        [
          5897.058370187,
          5897.070882607,
          0.012512805000000071,
          5897.072328202
        ],
        [
          5897.070660008,
          5897.082825609,
          0.012154977000001566,
          5897.083329618
        ],
        [
          5897.071081326,
          5897.083095708,
          0.012010836999998276,
          5897.083594347
        ],
        [
          5897.083090059,
          5897.094959791,
          0.011870498000000396,
          5897.095498749
        ],
        [
          5897.083287138,
          5897.095744048,
          0.012457006000001769,
          5897.095936448
        ],
        [
          5897.095241961,
          5897.108180459,
          0.012939963999997417,
          5897.108521778
        ],
        [
          5897.095930258,
          5897.109179665,
          0.013249472000001816,
          5897.109498324
        ],
        [
          5897.108445578,
          5897.12054072,
          0.012098977000000843,
          5897.121079988
        ],
        [
          5897.109367055,
          5897.121604576,
          0.01223765599999993,
          5897.121808556
        ],
        [
          5897.120844459,
          5897.132466112,
          0.011623458000002529,
          5897.13296681
        ],
        [
          5897.121800796,
          5897.132960921,
          0.011160540000002328,
          5897.13329556
        ],
        [
          5897.132734911,
          5897.143771026,
          0.011037430000001791,
          5897.144278854
        ],
        [
          5897.133190849,
          5897.145603741,
          0.012412996000001897,
          5897.14578111
        ],
        [
          5897.144112194,
          5897.155665598,
          0.011554299000000157,
          5897.156200187
        ],
        [
          5897.145795589,
          5897.157240784,
          0.011445260000002122,
          5897.157437193
        ],
        [
          5897.155934888,
          5897.168012539,
          0.012078188000000267,
          5897.168518257
        ],
        [
          5897.157446113,
          5897.168971146,
          0.011524759000000273,
          5897.169196995
        ],
        [
          5897.168277238,
          5897.180094271,
          0.011817707999998817,
          5897.18059913
        ],
        [
          5897.169189845,
          5897.181826606,
          0.012636425000000173,
          5897.182167155
        ],
        [
          5897.1803491,
          5897.192713371,
          0.012365255999998936,
          5897.19308279
        ],
        [
          5897.182036926,
          5897.195275003,
          0.013238512000000924,
          5897.195499082
        ],
        [
          5897.1929911,
          5897.205005682,
          0.0120015070000008,
          5897.2055153
        ],
        [
          5897.195477343,
          5897.207767033,
          0.01229004700000047,
          5897.208148572
        ],
        [
          5897.205270561,
          5897.217654412,
          0.012384775000001014,
          5897.218143791
        ],
        [
          5897.207993612,
          5897.220423913,
          0.012430274999999824,
          5897.220639252
        ],
        [
          5897.217919331,
          5897.229329976,
          0.011412130000000076,
          5897.229820874
        ],
        [
          5897.220631952,
          5897.233394152,
          0.012762394999999316,
          5897.233652671
        ],
        [
          5897.229603735,
          5897.241565386,
          0.011962136999997597,
          5897.241883685
        ],
        [
          5897.233605551,
          5897.245191965,
          0.011586297999997441,
          5897.245418364
        ]
      ]
    },
    {
      "round_index": 20,
      "map_setup_wall_s": 0.002082513000459585,
      "map_setup_parent_cpu_s": 0.002834567999999038,
      "result_next_wall_s": 1.221270614995774,
      "result_next_parent_cpu_s": 0.07033588000000712,
      "serial_result_processing_wall_s": 0.003949834001105046,
      "serial_result_processing_parent_cpu_s": 0.004461172000000957,
      "worker_placement_wall_sum_s": 2.40088744300283,
      "worker_placement_cpu_sum_s": 2.4005985839999617,
      "worker_tasks": 181,
      "per_worker": {
        "20194": 92,
        "20197": 89
      },
      "task_intervals": [
        [
          5898.18051381,
          5898.181394757,
          0.0007455579999984252,
          5898.181760116
        ],
        [
          5898.18059312,
          5898.193014361,
          0.012282657000000086,
          5898.193453629
        ],
        [
          5898.181537286,
          5898.193886418,
          0.012349535999998551,
          5898.194135186
        ],
        [
          5898.19331958,
          5898.20570837,
          0.012390715999998747,
          5898.206273188
        ],
        [
          5898.194082767,
          5898.207341176,
          0.013258832000001775,
          5898.207651075
        ],
        [
          5898.206021989,
          5898.219237967,
          0.013217272999998642,
          5898.219787716
        ],
        [
          5898.207535975,
          5898.221211981,
          0.013676311000001107,
          5898.221551699
        ],
        [
          5898.219539727,
          5898.232443516,
          0.012905193999998232,
          5898.233040563
        ],
        [
          5898.22142361,
          5898.233588412,
          0.01216514699999749,
          5898.23391508
        ],
        [
          5898.232734135,
          5898.24678419,
          0.014050160000000034,
          5898.247153159
        ],
        [
          5898.233779121,
          5898.245508064,
          0.011731107999999324,
          5898.247179599
        ],
        [
          5898.245779223,
          5898.257900705,
          0.01212276699999748,
          5898.258443853
        ],
        [
          5898.24699453,
          5898.260639436,
          0.013645020999998536,
          5898.261025785
        ],
        [
          5898.258205004,
          5898.270613335,
          0.01240939600000246,
          5898.271200862
        ],
        [
          5898.260837815,
          5898.273603465,
          0.012766324000001106,
          5898.273971064
        ],
        [
          5898.270893394,
          5898.282674646,
          0.011782897999999875,
          5898.283289724
        ],
        [
          5898.273820614,
          5898.28788057,
          0.014060799999999318,
          5898.288296059
        ],
        [
          5898.282934756,
          5898.295420156,
          0.01248703499999948,
          5898.296029023
        ],
        [
          5898.288110659,
          5898.30029199,
          0.012181575999999694,
          5898.300711779
        ],
        [
          5898.295691265,
          5898.308472624,
          0.01278180400000295,
          5898.309039543
        ],
        [
          5898.300512669,
          5898.313222449,
          0.0127055750000018,
          5898.313636128
        ],
        [
          5898.308744263,
          5898.321540223,
          0.012794062999997635,
          5898.322088501
        ],
        [
          5898.313455808,
          5898.326774897,
          0.013318753000000072,
          5898.327201076
        ],
        [
          5898.321801733,
          5898.334469902,
          0.012668426000001176,
          5898.334951
        ],
        [
          5898.327018436,
          5898.339762216,
          0.012743865000000909,
          5898.340177204
        ],
        [
          5898.334716332,
          5898.348448588,
          0.013733090999998865,
          5898.349015067
        ],
        [
          5898.339993135,
          5898.352614684,
          0.012621943999999274,
          5898.353059203
        ],
        [
          5898.348720287,
          5898.361366968,
          0.012647894999997078,
          5898.361911626
        ],
        [
          5898.352847124,
          5898.365243164,
          0.012396015999996735,
          5898.365664243
        ],
        [
          5898.361620596,
          5898.374290076,
          0.012670655000000863,
          5898.374837264
        ],
        [
          5898.365469954,
          5898.379259651,
          0.013790110999998717,
          5898.379673959
        ],
        [
          5898.374542266,
          5898.386837496,
          0.012296735999999697,
          5898.387243355
        ],
        [
          5898.379484739,
          5898.392872737,
          0.013388111999997676,
          5898.393331775
        ],
        [
          5898.387128126,
          5898.399517926,
          0.012388014999999086,
          5898.400057854
        ],
        [
          5898.393119796,
          5898.405951955,
          0.012832244000001936,
          5898.406416594
        ],
        [
          5898.399783885,
          5898.412407795,
          0.012624835000000445,
          5898.412901433
        ],
        [
          5898.406224455,
          5898.418870585,
          0.012646294999999697,
          5898.419200934
        ],
        [
          5898.412666364,
          5898.425957652,
          0.01329251199999959,
          5898.426519121
        ],
        [
          5898.419145834,
          5898.432469102,
          0.01332312299999927,
          5898.432780901
        ],
        [
          5898.426243602,
          5898.439544669,
          0.013301432000002222,
          5898.440099167
        ],
        [
          5898.432746941,
          5898.446601447,
          0.013854331000000997,
          5898.446965105
        ],
        [
          5898.439823368,
          5898.452257869,
          0.012434185000000042,
          5898.452537628
        ],
        [
          5898.446787806,
          5898.461768889,
          0.014981176999999235,
          5898.462150637
        ],
        [
          5898.452439208,
          5898.464791809,
          0.012352725999999592,
          5898.465155118
        ],
        [
          5898.461934078,
          5898.474338689,
          0.012404706000001653,
          5898.474693968
        ],
        [
          5898.464971519,
          5898.476958681,
          0.011987196999999838,
          5898.477290909
        ],
        [
          5898.474489229,
          5898.48655656,
          0.012067406999999974,
          5898.486904759
        ],
        [
          5898.47713688,
          5898.489073582,
          0.01192787700000153,
          5898.489346531
        ],
        [
          5898.48670965,
          5898.501792512,
          0.015084716000000498,
          5898.502401009
        ],
        [
          5898.489259371,
          5898.50227891,
          0.013019524000000615,
          5898.502657289
        ],
        [
          5898.502123521,
          5898.516137906,
          0.01401193899999953,
          5898.516551955
        ],
        [
          5898.50249362,
          5898.516538505,
          0.014045339999999129,
          5898.516858864
        ],
        [
          5898.516446105,
          5898.529020696,
          0.012574714999999514,
          5898.529581134
        ],
        [
          5898.516856954,
          5898.532144526,
          0.015287365999999025,
          5898.532521344
        ],
        [
          5898.529307475,
          5898.542147643,
          0.012840553999996729,
          5898.542744441
        ],
        [
          5898.532380354,
          5898.547290438,
          0.014910567000001151,
          5898.547598016
        ],
        [
          5898.542435593,
          5898.555667561,
          0.013233612999997035,
          5898.55604188
        ],
        [
          5898.547530697,
          5898.560907364,
          0.013377283000000517,
          5898.561413733
        ],
        [
          5898.555953131,
          5898.569254718,
          0.013302171999999501,
          5898.569764346
        ],
        [
          5898.561181294,
          5898.57469386,
          0.01351275200000046,
          5898.575199149
        ],
        [
          5898.569582447,
          5898.582113687,
          0.012531835999997298,
          5898.582680196
        ],
        [
          5898.574951419,
          5898.588563007,
          0.013612870999999416,
          5898.589112135
        ],
        [
          5898.582415826,
          5898.59688822,
          0.014472958000002478,
          5898.597275759
        ],
        [
          5898.588851306,
          5898.602969311,
          0.014118578999998022,
          5898.60350644
        ],
        [
          5898.597164059,
          5898.610566427,
          0.013404333000000435,
          5898.611148285
        ],
        [
          5898.60323917,
          5898.617660495,
          0.014422358000000912,
          5898.618279353
        ],
        [
          5898.610888236,
          5898.624532082,
          0.013644680999998826,
          5898.625064452
        ],
        [
          5898.617970794,
          5898.63156526,
          0.013596222000000324,
          5898.632204698
        ],
        [
          5898.624793392,
          5898.637128862,
          0.012335495999998614,
          5898.637555172
        ],
        [
          5898.631894749,
          5898.645712366,
          0.013818641000000298,
          5898.646330653
        ],
        [
          5898.637370092,
          5898.649875173,
          0.012505395999998115,
          5898.650308841
        ],
        [
          5898.646021505,
          5898.659015513,
          0.012995633999999257,
          5898.659563742
        ],
        [
          5898.650119102,
          5898.66334969,
          0.013230903000000183,
          5898.663768829
        ],
        [
          5898.659294972,
          5898.671750053,
          0.012456374999999298,
          5898.672311282
        ],
        [
          5898.663586429,
          5898.676363829,
          0.012777343999999857,
          5898.676787457
        ],
        [
          5898.672032612,
          5898.686420497,
          0.014389439000002113,
          5898.686989044
        ],
        [
          5898.676589957,
          5898.689960446,
          0.013370872999999506,
          5898.690378105
        ],
        [
          5898.686700216,
          5898.700185143,
          0.013485583000001355,
          5898.700733072
        ],
        [
          5898.690208645,
          5898.702574186,
          0.012365736000003125,
          5898.702930105
        ],
        [
          5898.700456242,
          5898.713298572,
          0.012841305000002023,
          5898.71384677
        ],
        [
          5898.702799975,
          5898.71682524,
          0.01402519999999896,
          5898.717250029
        ],
        [
          5898.713582531,
          5898.727052637,
          0.013471972000001387,
          5898.727612407
        ],
        [
          5898.71706445,
          5898.72984218,
          0.012778055000001842,
          5898.730254728
        ],
        [
          5898.727332457,
          5898.740682014,
          0.013350780999999756,
          5898.741227372
        ],
        [
          5898.730090659,
          5898.742148881,
          0.012057996999999432,
          5898.742474239
        ],
        [
          5898.740952284,
          5898.753265005,
          0.012313495999997315,
          5898.753666184
        ],
        [
          5898.742361889,
          5898.754763941,
          0.01240228500000029,
          5898.755088879
        ],
        [
          5898.753563584,
          5898.765441046,
          0.011878528000000443,
          5898.765976445
        ],
        [
          5898.754961069,
          5898.767127061,
          0.012165736000000038,
          5898.76745633
        ],
        [
          5898.765707166,
          5898.778179975,
          0.0124730349999993,
          5898.778750353
        ],
        [
          5898.767330921,
          5898.780671618,
          0.013341102000001825,
          5898.781047837
        ],
        [
          5898.778467154,
          5898.790539716,
          0.012073906000001244,
          5898.791092425
        ],
        [
          5898.780874947,
          5898.795151652,
          0.014277458999998771,
          5898.795571091
        ],
        [
          5898.790812246,
          5898.804304013,
          0.013493551999999909,
          5898.804853702
        ],
        [
          5898.795381341,
          5898.808124591,
          0.012743605000000713,
          5898.80853985
        ],
        [
          5898.804571052,
          5898.816597585,
          0.012027866000000387,
          5898.817178192
        ],
        [
          5898.80835926,
          5898.82092103,
          0.01256233499999837,
          5898.821213349
        ],
        [
          5898.816869793,
          5898.830356081,
          0.01348763200000036,
          5898.830876228
        ],
        [
          5898.821160959,
          5898.83346154,
          0.01230044600000113,
          5898.833866079
        ],
        [
          5898.83062318,
          5898.84311423,
          0.012490615000000815,
          5898.843663218
        ],
        [
          5898.83368621,
          5898.847575556,
          0.013889629999997766,
          5898.847991625
        ],
        [
          5898.843390669,
          5898.856647338,
          0.013255862000001173,
          5898.857208145
        ],
        [
          5898.847788885,
          5898.860382475,
          0.012593885000001137,
          5898.860784084
        ],
        [
          5898.856922237,
          5898.870203234,
          0.01327985300000023,
          5898.870735842
        ],
        [
          5898.860594345,
          5898.873357304,
          0.012763314000000747,
          5898.873754803
        ],
        [
          5898.870470403,
          5898.882485095,
          0.012014617000001948,
          5898.882849984
        ],
        [
          5898.873568953,
          5898.886962281,
          0.013393101999998436,
          5898.887187201
        ],
        [
          5898.882674575,
          5898.894249738,
          0.011575228000001658,
          5898.894519777
        ],
        [
          5898.887153541,
          5898.900503418,
          0.013349903000001717,
          5898.900700747
        ],
        [
          5898.894400838,
          5898.906651249,
          0.012250376000000784,
          5898.906936008
        ],
        [
          5898.900647527,
          5898.913400817,
          0.01275336499999824,
          5898.913585157
        ],
        [
          5898.906843878,
          5898.919638438,
          0.012794633999998695,
          5898.919760967
        ],
        [
          5898.913523838,
          5898.927587042,
          0.014065209999998274,
          5898.92801472
        ],
        [
          5898.919797057,
          5898.934123822,
          0.014327549000000772,
          5898.93462381
        ],
        [
          5898.927841411,
          5898.944872558,
          0.017033189999999365,
          5898.945440136
        ],
        [
          5898.934394621,
          5898.947199,
          0.012804123999998751,
          5898.947507299
        ],
        [
          5898.945186506,
          5898.958828863,
          0.013640631000001235,
          5898.959438561
        ],
        [
          5898.94739529,
          5898.961820714,
          0.014425967999997624,
          5898.962229352
        ],
        [
          5898.959123693,
          5898.972629549,
          0.01350801199999907,
          5898.973248217
        ],
        [
          5898.962047473,
          5898.976809926,
          0.014762847000000079,
          5898.977264315
        ],
        [
          5898.972917628,
          5898.9885147,
          0.015598855000000356,
          5898.988889548
        ],
        [
          5898.977056996,
          5898.99155285,
          0.0144958079999995,
          5898.991947098
        ],
        [
          5898.988795359,
          5899.002803654,
          0.014010300999999004,
          5899.003395622
        ],
        [
          5898.991769759,
          5899.006876221,
          0.015105356000002956,
          5899.0073255
        ],
        [
          5899.003120302,
          5899.017337837,
          0.014218649000000028,
          5899.017882595
        ],
        [
          5899.00711813,
          5899.020355698,
          0.013237912999997548,
          5899.020757298
        ],
        [
          5899.017637967,
          5899.032043411,
          0.014407338000001602,
          5899.03242586
        ],
        [
          5899.020569957,
          5899.033362707,
          0.012792864999997988,
          5899.033649037
        ],
        [
          5899.03236019,
          5899.0451169,
          0.012758054999999047,
          5899.045726318
        ],
        [
          5899.033552386,
          5899.046903604,
          0.013351842999998809,
          5899.047233033
        ],
        [
          5899.045409089,
          5899.059391015,
          0.013929651000001542,
          5899.059898142
        ],
        [
          5899.047128033,
          5899.060550841,
          0.013423031999998614,
          5899.06086646
        ],
        [
          5899.059693583,
          5899.074164657,
          0.014471207999999791,
          5899.074489516
        ],
        [
          5899.06075922,
          5899.073127321,
          0.01236995600000057,
          5899.074510236
        ],
        [
          5899.073394191,
          5899.087092447,
          0.013698642000001371,
          5899.087343046
        ],
        [
          5899.074365977,
          5899.086560449,
          0.012196007000000009,
          5899.087363686
        ],
        [
          5899.086847488,
          5899.099883426,
          0.013035782999999412,
          5899.100464814
        ],
        [
          5899.087300366,
          5899.099761896,
          0.012462234999997435,
          5899.100486105
        ],
        [
          5899.100063505,
          5899.112869066,
          0.012806493999999446,
          5899.113446484
        ],
        [
          5899.100270695,
          5899.11419793,
          0.013926689999998132,
          5899.11453032
        ],
        [
          5899.113149594,
          5899.126055944,
          0.012863475999999707,
          5899.126304103
        ],
        [
          5899.11439416,
          5899.128695195,
          0.014301219000000032,
          5899.128876704
        ],
        [
          5899.126257903,
          5899.138180325,
          0.011922466999997994,
          5899.138492074
        ],
        [
          5899.128853284,
          5899.140950066,
          0.012096795999998022,
          5899.141240485
        ],
        [
          5899.138363374,
          5899.149847708,
          0.011484349999999921,
          5899.150209617
        ],
        [
          5899.141114605,
          5899.153406917,
          0.012292367000000581,
          5899.153687025
        ],
        [
          5899.150040857,
          5899.162912556,
          0.012871613999998033,
          5899.163268866
        ],
        [
          5899.153571316,
          5899.166442745,
          0.01287143399999735,
          5899.166759784
        ],
        [
          5899.163104106,
          5899.17433897,
          0.011234939999997806,
          5899.174678298
        ],
        [
          5899.166593164,
          5899.181728516,
          0.01513628600000061,
          5899.182086175
        ],
        [
          5899.174507489,
          5899.189018704,
          0.014512428999999827,
          5899.189385862
        ],
        [
          5899.182016875,
          5899.197786216,
          0.015771294000000324,
          5899.198361214
        ],
        [
          5899.189290843,
          5899.203681827,
          0.014390227999999894,
          5899.204242435
        ],
        [
          5899.198100975,
          5899.211860041,
          0.013761250999998254,
          5899.21242422
        ],
        [
          5899.203961776,
          5899.219532907,
          0.01557237399999778,
          5899.219863396
        ],
        [
          5899.212145071,
          5899.227238753,
          0.015094606000001676,
          5899.227697582
        ],
        [
          5899.219805027,
          5899.234998118,
          0.015202146000000027,
          5899.235536697
        ],
        [
          5899.227489922,
          5899.241201568,
          0.013712251000001174,
          5899.241636146
        ],
        [
          5899.235290867,
          5899.249602702,
          0.01431327900000312,
          5899.25015289
        ],
        [
          5899.241441267,
          5899.254719466,
          0.013278232999997641,
          5899.255147554
        ],
        [
          5899.249887901,
          5899.264207325,
          0.014320289000000486,
          5899.264721654
        ],
        [
          5899.254969135,
          5899.269928208,
          0.014959517000001199,
          5899.270386226
        ],
        [
          5899.264489315,
          5899.278126401,
          0.013638020999998446,
          5899.278679559
        ],
        [
          5899.270169676,
          5899.283256445,
          0.01308699299999816,
          5899.283708103
        ],
        [
          5899.27844053,
          5899.293294083,
          0.01485533700000019,
          5899.293855311
        ],
        [
          5899.283488984,
          5899.29731979,
          0.013827120000001969,
          5899.297594609
        ],
        [
          5899.293566232,
          5899.30659152,
          0.013025873999996662,
          5899.307160279
        ],
        [
          5899.29754344,
          5899.311823345,
          0.014280848999998597,
          5899.312284533
        ],
        [
          5899.30685642,
          5899.321705743,
          0.014850386999999188,
          5899.322286542
        ],
        [
          5899.312082854,
          5899.328192563,
          0.01610657199999821,
          5899.328675641
        ],
        [
          5899.321974652,
          5899.336065047,
          0.014091408999998833,
          5899.336590926
        ],
        [
          5899.328455182,
          5899.342261658,
          0.013806531000000177,
          5899.342730157
        ],
        [
          5899.336328317,
          5899.350208643,
          0.013879649999999799,
          5899.350762761
        ],
        [
          5899.342523587,
          5899.35721946,
          0.014695927000001774,
          5899.357713679
        ],
        [
          5899.350486792,
          5899.366448482,
          0.015962961999999692,
          5899.36696012
        ],
        [
          5899.357501839,
          5899.370482998,
          0.012981673999998833,
          5899.370881207
        ],
        [
          5899.366704921,
          5899.379964699,
          0.013260912999999874,
          5899.380528297
        ],
        [
          5899.370705197,
          5899.385300711,
          0.014596008000001603,
          5899.38571466
        ],
        [
          5899.380237878,
          5899.393820284,
          0.013583760999999583,
          5899.394220394
        ],
        [
          5899.38553033,
          5899.399157748,
          0.013627822000000123,
          5899.399461117
        ],
        [
          5899.394093604,
          5899.407298802,
          0.013203823000001336,
          5899.407560811
        ]
      ]
    },
    {
      "round_index": 21,
      "map_setup_wall_s": 0.002008712999668205,
      "map_setup_parent_cpu_s": 0.002778943000000922,
      "result_next_wall_s": 0.9800994329962123,
      "result_next_parent_cpu_s": 0.06321347000000088,
      "serial_result_processing_wall_s": 0.002987719998600369,
      "serial_result_processing_parent_cpu_s": 0.003204215000003785,
      "worker_placement_wall_sum_s": 1.9196160919982503,
      "worker_placement_cpu_sum_s": 1.9196689339999864,
      "worker_tasks": 181,
      "per_worker": {
        "20197": 91,
        "20194": 90
      },
      "task_intervals": [
        [
          5900.367962457,
          5900.369039443,
          0.0010563060000023938,
          5900.369324523
        ],
        [
          5900.368029587,
          5900.377648117,
          0.009619637000000125,
          5900.377961115
        ],
        [
          5900.369239323,
          5900.379472321,
          0.01023325299999911,
          5900.37969356
        ],
        [
          5900.377954795,
          5900.387808464,
          0.009854695000001357,
          5900.388089813
        ],
        [
          5900.37966723,
          5900.390656165,
          0.010990011000000521,
          5900.390876444
        ],
        [
          5900.388094173,
          5900.397822652,
          0.009730264999998184,
          5900.398090732
        ],
        [
          5900.390853194,
          5900.402451918,
          0.011599077999999707,
          5900.402806617
        ],
        [
          5900.398087932,
          5900.408474218,
          0.010387853000001002,
          5900.408931637
        ],
        [
          5900.402688157,
          5900.413040824,
          0.010353153000000503,
          5900.413288913
        ],
        [
          5900.408776387,
          5900.418680276,
          0.009905154000001914,
          5900.419211665
        ],
        [
          5900.413266803,
          5900.423248592,
          0.009982935000000026,
          5900.423541331
        ],
        [
          5900.418947526,
          5900.429358813,
          0.010413273000001055,
          5900.429595402
        ],
        [
          5900.423471871,
          5900.433051441,
          0.009579986000002094,
          5900.433303309
        ],
        [
          5900.429632812,
          5900.439852769,
          0.010221294000000825,
          5900.440233378
        ],
        [
          5900.43326396,
          5900.44259514,
          0.009331746999997392,
          5900.44274921
        ],
        [
          5900.440145638,
          5900.450522875,
          0.010377973000000651,
          5900.450793294
        ],
        [
          5900.44280483,
          5900.452604348,
          0.009799725000000592,
          5900.452858858
        ],
        [
          5900.450787104,
          5900.460530694,
          0.009744814999997686,
          5900.461032121
        ],
        [
          5900.452822128,
          5900.462629827,
          0.009807685000001953,
          5900.462943655
        ],
        [
          5900.460785202,
          5900.471209889,
          0.010416623000001124,
          5900.471726308
        ],
        [
          5900.462828376,
          5900.473501352,
          0.010673031999999694,
          5900.473699731
        ],
        [
          5900.471471999,
          5900.481673877,
          0.010203254000000328,
          5900.482213165
        ],
        [
          5900.473715491,
          5900.484444048,
          0.010728541999998953,
          5900.484753177
        ],
        [
          5900.481928776,
          5900.492129374,
          0.010201003999998903,
          5900.492587652
        ],
        [
          5900.484641207,
          5900.494721925,
          0.010080964000000137,
          5900.495017804
        ],
        [
          5900.492359093,
          5900.502210562,
          0.009852716000001038,
          5900.5026575
        ],
        [
          5900.494907865,
          5900.505369471,
          0.010461932999998425,
          5900.50568082
        ],
        [
          5900.502435221,
          5900.512852677,
          0.010418363000002984,
          5900.513356886
        ],
        [
          5900.505565691,
          5900.516473937,
          0.010908731999997201,
          5900.516855355
        ],
        [
          5900.513116467,
          5900.523748703,
          0.010632751000002827,
          5900.524192682
        ],
        [
          5900.516682176,
          5900.526777844,
          0.01009579499999802,
          5900.527142892
        ],
        [
          5900.524005882,
          5900.535053857,
          0.01104893100000126,
          5900.535520356
        ],
        [
          5900.526979563,
          5900.536432133,
          0.009444575999999927,
          5900.536707512
        ],
        [
          5900.535301646,
          5900.545394784,
          0.010092913999997677,
          5900.545903244
        ],
        [
          5900.536623142,
          5900.547595007,
          0.010972211999998649,
          5900.547800346
        ],
        [
          5900.545664163,
          5900.556616159,
          0.010951050999999268,
          5900.557125408
        ],
        [
          5900.547794397,
          5900.558617963,
          0.010824102000000835,
          5900.558857792
        ],
        [
          5900.556849418,
          5900.567963793,
          0.011115068999998812,
          5900.568435282
        ],
        [
          5900.558797483,
          5900.568570481,
          0.009773164999998585,
          5900.56885324
        ],
        [
          5900.568201861,
          5900.578838979,
          0.010637793000000784,
          5900.579369557
        ],
        [
          5900.568743571,
          5900.580415943,
          0.011672528000001847,
          5900.580620593
        ],
        [
          5900.579115108,
          5900.590241722,
          0.011125329999998712,
          5900.590736461
        ],
        [
          5900.580608902,
          5900.591844047,
          0.011235369000001327,
          5900.592131577
        ],
        [
          5900.590485381,
          5900.600208751,
          0.009724405000000047,
          5900.600606179
        ],
        [
          5900.592048526,
          5900.601785956,
          0.009738106000000357,
          5900.602070275
        ],
        [
          5900.600425019,
          5900.610537478,
          0.01011389299999621,
          5900.610885478
        ],
        [
          5900.601965585,
          5900.612203473,
          0.010238223999998297,
          5900.612457072
        ],
        [
          5900.610784507,
          5900.620280356,
          0.009497056999997255,
          5900.620748666
        ],
        [
          5900.612376162,
          5900.62224173,
          0.00986614500000016,
          5900.62250258
        ],
        [
          5900.620512057,
          5900.630368655,
          0.009857424999999864,
          5900.630852144
        ],
        [
          5900.62242189,
          5900.633583835,
          0.011162009999999611,
          5900.633910204
        ],
        [
          5900.630603385,
          5900.640602973,
          0.010000523999998734,
          5900.641055522
        ],
        [
          5900.633775045,
          5900.644338791,
          0.01056426299999913,
          5900.64466545
        ],
        [
          5900.640839623,
          5900.652661854,
          0.011823947000003443,
          5900.653064193
        ],
        [
          5900.64452733,
          5900.654781187,
          0.010254452999998165,
          5900.655061706
        ],
        [
          5900.652929184,
          5900.663054652,
          0.010126933999998755,
          5900.66357615
        ],
        [
          5900.654964887,
          5900.665321165,
          0.010357003000002862,
          5900.665623184
        ],
        [
          5900.663323161,
          5900.673851238,
          0.010526912999999638,
          5900.674403925
        ],
        [
          5900.665534434,
          5900.675615502,
          0.010081054000000478,
          5900.675905191
        ],
        [
          5900.674130537,
          5900.684388464,
          0.010260582999997325,
          5900.684846262
        ],
        [
          5900.675811081,
          5900.686412827,
          0.010602132999999014,
          5900.686677386
        ],
        [
          5900.684652733,
          5900.694502552,
          0.009850223999997354,
          5900.69496365
        ],
        [
          5900.686592567,
          5900.697262123,
          0.010669822000004103,
          5900.697508742
        ],
        [
          5900.694747881,
          5900.705585267,
          0.010835360999998045,
          5900.706094945
        ],
        [
          5900.697479052,
          5900.708370148,
          0.01089139100000125,
          5900.708586908
        ],
        [
          5900.705846116,
          5900.716326163,
          0.010479421999995964,
          5900.716886461
        ],
        [
          5900.708583377,
          5900.718929364,
          0.010346194000000253,
          5900.719280313
        ],
        [
          5900.716630302,
          5900.727171328,
          0.010541883000001917,
          5900.727666227
        ],
        [
          5900.719137534,
          5900.730057359,
          0.01092013000000236,
          5900.730445808
        ],
        [
          5900.727404937,
          5900.737433096,
          0.010029203999998515,
          5900.737774185
        ],
        [
          5900.730275779,
          5900.740803915,
          0.010528102999998623,
          5900.741143664
        ],
        [
          5900.737685125,
          5900.748384021,
          0.010697841000002484,
          5900.74884382
        ],
        [
          5900.741009525,
          5900.752227909,
          0.011218390999999883,
          5900.752507158
        ],
        [
          5900.74861105,
          5900.758701878,
          0.010091254999998966,
          5900.759207807
        ],
        [
          5900.752428759,
          5900.762873785,
          0.010445482999998035,
          5900.763219234
        ],
        [
          5900.758919588,
          5900.769448184,
          0.010529551999994169,
          5900.769852883
        ],
        [
          5900.763074805,
          5900.773617061,
          0.010542182000001787,
          5900.77395206
        ],
        [
          5900.769664283,
          5900.779866822,
          0.010203584000002763,
          5900.78028287
        ],
        [
          5900.773819321,
          5900.785429434,
          0.011610819000004824,
          5900.785787443
        ],
        [
          5900.780098681,
          5900.78992007,
          0.009821414999997558,
          5900.790273438
        ],
        [
          5900.785638183,
          5900.796196339,
          0.010558662000001107,
          5900.796580558
        ],
        [
          5900.790129089,
          5900.800405986,
          0.010277094000002762,
          5900.800742375
        ],
        [
          5900.796407318,
          5900.806654836,
          0.010248873999998409,
          5900.807155416
        ],
        [
          5900.800606205,
          5900.812023889,
          0.011418079999998554,
          5900.812309669
        ],
        [
          5900.806887705,
          5900.816997914,
          0.010115462999998215,
          5900.817319243
        ],
        [
          5900.812268159,
          5900.823150314,
          0.010882690999999056,
          5900.823565103
        ],
        [
          5900.817242373,
          5900.827576051,
          0.010333883000001265,
          5900.827914279
        ],
        [
          5900.823367133,
          5900.83378911,
          0.01042322299999654,
          5900.834268458
        ],
        [
          5900.827765579,
          5900.838026447,
          0.010261193999994589,
          5900.838280396
        ],
        [
          5900.834042199,
          5900.844460647,
          0.010419443000003525,
          5900.844773956
        ],
        [
          5900.838243566,
          5900.848330554,
          0.010086943999993991,
          5900.848710193
        ],
        [
          5900.844704666,
          5900.854672345,
          0.009968884999999261,
          5900.855165163
        ],
        [
          5900.848540344,
          5900.858526872,
          0.009986624999996252,
          5900.858910511
        ],
        [
          5900.854920644,
          5900.865385251,
          0.010464063000000579,
          5900.865716009
        ],
        [
          5900.858729661,
          5900.86843137,
          0.009702474999997435,
          5900.868799409
        ],
        [
          5900.865626479,
          5900.875924917,
          0.010299863000000187,
          5900.876428855
        ],
        [
          5900.86863058,
          5900.879010087,
          0.010379802000002769,
          5900.879401816
        ],
        [
          5900.876190026,
          5900.886519643,
          0.010327582999998697,
          5900.887064542
        ],
        [
          5900.879213596,
          5900.889227624,
          0.010014244000004169,
          5900.889528604
        ],
        [
          5900.886768203,
          5900.89726945,
          0.010501131999994584,
          5900.897619558
        ],
        [
          5900.889417404,
          5900.899251653,
          0.009834333999997114,
          5900.899524963
        ],
        [
          5900.897504869,
          5900.907812466,
          0.010308583000004035,
          5900.908319994
        ],
        [
          5900.899424313,
          5900.909548031,
          0.0101238139999964,
          5900.90984513
        ],
        [
          5900.908086345,
          5900.918535782,
          0.010448251999996216,
          5900.91892254
        ],
        [
          5900.90974158,
          5900.920854374,
          0.011113519999994992,
          5900.921139433
        ],
        [
          5900.91877329,
          5900.928802569,
          0.010030495000002304,
          5900.929095628
        ],
        [
          5900.921140843,
          5900.932781906,
          0.011641337999996892,
          5900.933059436
        ],
        [
          5900.929028608,
          5900.939094017,
          0.0100673739999948,
          5900.939476536
        ],
        [
          5900.932975796,
          5900.944895688,
          0.011920437999997091,
          5900.945176747
        ],
        [
          5900.939329966,
          5900.950925339,
          0.01159559899999607,
          5900.951368967
        ],
        [
          5900.945147898,
          5900.955888293,
          0.010740301000005559,
          5900.956170472
        ],
        [
          5900.951167718,
          5900.961452646,
          0.010285383000002923,
          5900.961724635
        ],
        [
          5900.956152942,
          5900.96655153,
          0.010398843000004376,
          5900.966807629
        ],
        [
          5900.961669735,
          5900.97276232,
          0.011093221000002984,
          5900.973074399
        ],
        [
          5900.966778349,
          5900.977986833,
          0.011208680000002857,
          5900.978319542
        ],
        [
          5900.972993259,
          5900.983788345,
          0.010795081000004814,
          5900.984093935
        ],
        [
          5900.978212082,
          5900.989876705,
          0.011665069000002859,
          5900.990199015
        ],
        [
          5900.984025795,
          5900.99466567,
          0.0106404130000044,
          5900.994942229
        ],
        [
          5900.990179464,
          5901.001901928,
          0.011723248000002684,
          5901.002286306
        ],
        [
          5900.99487204,
          5901.006459284,
          0.011587109000004148,
          5901.006790283
        ],
        [
          5901.002163617,
          5901.012881563,
          0.01071864100000397,
          5901.013247771
        ],
        [
          5901.006668893,
          5901.017714128,
          0.01104534999999629,
          5901.017977216
        ],
        [
          5901.013121111,
          5901.023256719,
          0.010136434999999722,
          5901.023546869
        ],
        [
          5901.017916916,
          5901.028738123,
          0.0108216619999979,
          5901.029197912
        ],
        [
          5901.023492518,
          5901.034626684,
          0.011133940999997094,
          5901.034901893
        ],
        [
          5901.028967972,
          5901.040700524,
          0.011733368000001576,
          5901.041103914
        ],
        [
          5901.034852613,
          5901.046365757,
          0.011513018999998792,
          5901.046736405
        ],
        [
          5901.040922463,
          5901.051554381,
          0.010632071000003407,
          5901.051904369
        ],
        [
          5901.046587876,
          5901.056869373,
          0.010282404000001577,
          5901.057357042
        ],
        [
          5901.05176294,
          5901.062560235,
          0.010798140999995098,
          5901.063061953
        ],
        [
          5901.057108472,
          5901.067625689,
          0.010514223000001266,
          5901.067899988
        ],
        [
          5901.062792325,
          5901.073008732,
          0.010215793000000417,
          5901.073318112
        ],
        [
          5901.067854228,
          5901.078364025,
          0.010509991999995805,
          5901.078659475
        ],
        [
          5901.073263261,
          5901.083766259,
          0.010503341999999805,
          5901.084083527
        ],
        [
          5901.078603475,
          5901.089046982,
          0.010443992999995544,
          5901.089352201
        ],
        [
          5901.084021427,
          5901.095248242,
          0.011227609000002303,
          5901.095719769
        ],
        [
          5901.08928709,
          5901.101165893,
          0.011879977999996072,
          5901.101494572
        ],
        [
          5901.09547483,
          5901.106633596,
          0.01115958100000114,
          5901.106938245
        ],
        [
          5901.101409532,
          5901.112800835,
          0.01139218999999514,
          5901.113349255
        ],
        [
          5901.106869925,
          5901.118032489,
          0.0111629399999984,
          5901.118332159
        ],
        [
          5901.113079286,
          5901.123924131,
          0.010846700999998404,
          5901.124475639
        ],
        [
          5901.118282989,
          5901.129992472,
          0.01171041900000347,
          5901.13036311
        ],
        [
          5901.12419845,
          5901.134404058,
          0.010206343000000118,
          5901.134712537
        ],
        [
          5901.13026,
          5901.141127417,
          0.01086856100000233,
          5901.141508195
        ],
        [
          5901.134632457,
          5901.146087091,
          0.011456029000001422,
          5901.146549189
        ],
        [
          5901.141371196,
          5901.152722619,
          0.01135257900000397,
          5901.153122659
        ],
        [
          5901.14631188,
          5901.157353265,
          0.011041531000003602,
          5901.157786023
        ],
        [
          5901.152995758,
          5901.163867814,
          0.010874192000002836,
          5901.164265033
        ],
        [
          5901.157566704,
          5901.168674219,
          0.011108260000000314,
          5901.169133888
        ],
        [
          5901.164132264,
          5901.175343809,
          0.0112126199999949,
          5901.175788727
        ],
        [
          5901.168883038,
          5901.179407545,
          0.010525213000001088,
          5901.179719194
        ],
        [
          5901.175588497,
          5901.187359399,
          0.011770687000002056,
          5901.187884237
        ],
        [
          5901.179620004,
          5901.190902869,
          0.011283319999996877,
          5901.191182398
        ],
        [
          5901.187633518,
          5901.19962206,
          0.011987726000000976,
          5901.200297309
        ],
        [
          5901.191126268,
          5901.202026603,
          0.010900611000003835,
          5901.202324362
        ],
        [
          5901.199879239,
          5901.210468107,
          0.010590342000000419,
          5901.210892925
        ],
        [
          5901.202233863,
          5901.212178951,
          0.009945414000000596,
          5901.21242916
        ],
        [
          5901.210749516,
          5901.221351332,
          0.010603242000001956,
          5901.22185458
        ],
        [
          5901.21234969,
          5901.223557735,
          0.011208400000001006,
          5901.223808204
        ],
        [
          5901.221638941,
          5901.232931066,
          0.011293319000003521,
          5901.233238805
        ],
        [
          5901.223752395,
          5901.23438997,
          0.010637910999996336,
          5901.234629109
        ],
        [
          5901.233260014,
          5901.245163127,
          0.011903376999995885,
          5901.245607055
        ],
        [
          5901.23458809,
          5901.244875637,
          0.010289133000000561,
          5901.245695315
        ],
        [
          5901.245164957,
          5901.255873763,
          0.010710600999999542,
          5901.256441131
        ],
        [
          5901.245379936,
          5901.256845659,
          0.011466030000001126,
          5901.257081598
        ],
        [
          5901.256159381,
          5901.266272489,
          0.010114614999999105,
          5901.266569568
        ],
        [
          5901.257043989,
          5901.268819801,
          0.011776258000004702,
          5901.269026031
        ],
        [
          5901.266519999,
          5901.277848453,
          0.011329839999994817,
          5901.278187262
        ],
        [
          5901.269026761,
          5901.280734294,
          0.011707627999996362,
          5901.280970433
        ],
        [
          5901.278127722,
          5901.289050227,
          0.010923220999998762,
          5901.289561626
        ],
        [
          5901.280946713,
          5901.292338326,
          0.01139218899999861,
          5901.292715186
        ],
        [
          5901.289303567,
          5901.300696271,
          0.011393599000001586,
          5901.301225469
        ],
        [
          5901.292569757,
          5901.305347096,
          0.01276548400000621,
          5901.305626795
        ],
        [
          5901.30094819,
          5901.311781385,
          0.010834791000000621,
          5901.312314064
        ],
        [
          5901.305578785,
          5901.317020428,
          0.011441990000001567,
          5901.317320439
        ],
        [
          5901.312054244,
          5901.324090746,
          0.012038517000000581,
          5901.324600304
        ],
        [
          5901.317280068,
          5901.32906329,
          0.011783637999997154,
          5901.329394479
        ],
        [
          5901.324337795,
          5901.335782189,
          0.01144605900000073,
          5901.336170618
        ],
        [
          5901.32932676,
          5901.340130126,
          0.01080386200000305,
          5901.340437445
        ],
        [
          5901.336058148,
          5901.345814637,
          0.009757624999998882,
          5901.346242446
        ],
        [
          5901.340376265,
          5901.35142397,
          0.01104815099999712,
          5901.351670138
        ]
      ]
    },
    {
      "round_index": 22,
      "map_setup_wall_s": 0.0020519140007309034,
      "map_setup_parent_cpu_s": 0.0028966979999989206,
      "result_next_wall_s": 1.0906375720105643,
      "result_next_parent_cpu_s": 0.06126434500000322,
      "serial_result_processing_wall_s": 0.0015449130078195594,
      "serial_result_processing_parent_cpu_s": 0.0016828710000051927,
      "worker_placement_wall_sum_s": 2.129576306987474,
      "worker_placement_cpu_sum_s": 2.1296529550000187,
      "worker_tasks": 181,
      "per_worker": {
        "20197": 90,
        "20194": 91
      },
      "task_intervals": [
        [
          5902.207522776,
          5902.208397184,
          0.0008680669999989732,
          5902.208638733
        ],
        [
          5902.207583246,
          5902.218246912,
          0.01065938100000352,
          5902.218601262
        ],
        [
          5902.208556143,
          5902.219911066,
          0.011355758999997079,
          5902.220191765
        ],
        [
          5902.218550671,
          5902.230451864,
          0.01190299699999997,
          5902.230841823
        ],
        [
          5902.220125806,
          5902.23145221,
          0.011327048999994815,
          5902.231693009
        ],
        [
          5902.230758763,
          5902.242702334,
          0.0119446080000003,
          5902.243110674
        ],
        [
          5902.23162663,
          5902.243599352,
          0.011973356999995133,
          5902.243801442
        ],
        [
          5902.243026124,
          5902.25360884,
          0.010583222999997588,
          5902.254177318
        ],
        [
          5902.243780842,
          5902.254331128,
          0.010550462000004757,
          5902.254540617
        ],
        [
          5902.253922369,
          5902.26636128,
          0.01244100599999598,
          5902.266662329
        ],
        [
          5902.254537527,
          5902.265797442,
          0.011261129999994068,
          5902.266686418
        ],
        [
          5902.266089301,
          5902.276757686,
          0.01066966100000144,
          5902.277330804
        ],
        [
          5902.266587749,
          5902.276940626,
          0.010353172999998606,
          5902.277355064
        ],
        [
          5902.277036765,
          5902.287589823,
          0.01055396199999592,
          5902.287937362
        ],
        [
          5902.277366815,
          5902.288177911,
          0.01081104200000027,
          5902.28849752
        ],
        [
          5902.287864822,
          5902.299073526,
          0.011209550000003787,
          5902.299403355
        ],
        [
          5902.28840387,
          5902.300342783,
          0.011939077999997494,
          5902.300540642
        ],
        [
          5902.299334015,
          5902.311261137,
          0.011928007999998158,
          5902.311740936
        ],
        [
          5902.300554582,
          5902.312459363,
          0.011904508000000646,
          5902.312714124
        ],
        [
          5902.311514467,
          5902.323978507,
          0.012469316000000674,
          5902.324369595
        ],
        [
          5902.312670293,
          5902.324104716,
          0.011434669999999869,
          5902.324392635
        ],
        [
          5902.324247866,
          5902.3356234,
          0.011374939999996059,
          5902.335951359
        ],
        [
          5902.324698354,
          5902.334997362,
          0.010306511999999657,
          5902.335976829
        ],
        [
          5902.335303841,
          5902.346441876,
          0.011138830999996685,
          5902.346957674
        ],
        [
          5902.33583915,
          5902.347477103,
          0.011637959000005083,
          5902.347733852
        ],
        [
          5902.346733645,
          5902.35783034,
          0.011097949999999912,
          5902.358387268
        ],
        [
          5902.347650713,
          5902.359647174,
          0.011997037000000432,
          5902.359931534
        ],
        [
          5902.358137119,
          5902.369188313,
          0.011051731000002007,
          5902.369557672
        ],
        [
          5902.359835414,
          5902.371575936,
          0.011741097999994565,
          5902.371800775
        ],
        [
          5902.369426332,
          5902.380746657,
          0.01132142000000158,
          5902.383476888
        ],
        [
          5902.371775836,
          5902.38304361,
          0.011268149000002836,
          5902.383721547
        ],
        [
          5902.381007187,
          5902.391897892,
          0.010892089999998689,
          5902.392319101
        ],
        [
          5902.383505659,
          5902.394751904,
          0.011245999999999867,
          5902.395010412
        ],
        [
          5902.392169341,
          5902.404551641,
          0.012383587000002194,
          5902.404936831
        ],
        [
          5902.394955332,
          5902.406390806,
          0.0114357389999995,
          5902.406667514
        ],
        [
          5902.404784981,
          5902.415299888,
          0.010515372999996941,
          5902.415626377
        ],
        [
          5902.406573755,
          5902.417287012,
          0.010713492000000713,
          5902.417501091
        ],
        [
          5902.415528747,
          5902.42733618,
          0.011809018000001004,
          5902.427697639
        ],
        [
          5902.417491691,
          5902.430039171,
          0.012547615000002565,
          5902.43032114
        ],
        [
          5902.427579669,
          5902.438798253,
          0.011219109999998977,
          5902.439046972
        ],
        [
          5902.43024018,
          5902.440856257,
          0.010616271000003508,
          5902.441068846
        ],
        [
          5902.439061232,
          5902.449789169,
          0.01071887200000532,
          5902.450191388
        ],
        [
          5902.441064286,
          5902.453159567,
          0.012095395999999425,
          5902.453490377
        ],
        [
          5902.450065157,
          5902.460738994,
          0.010675242000004914,
          5902.461201942
        ],
        [
          5902.453398957,
          5902.464677282,
          0.011278570000001764,
          5902.464880591
        ],
        [
          5902.461046822,
          5902.471953839,
          0.010908280999998965,
          5902.472356367
        ],
        [
          5902.46490461,
          5902.476533013,
          0.011628657999999348,
          5902.476896003
        ],
        [
          5902.472231107,
          5902.483112912,
          0.010882870000003209,
          5902.483508151
        ],
        [
          5902.476765513,
          5902.487712278,
          0.010947072000000446,
          5902.488082657
        ],
        [
          5902.483380862,
          5902.494460497,
          0.011080900000003169,
          5902.494909006
        ],
        [
          5902.487944057,
          5902.49979114,
          0.011847877999997536,
          5902.500082619
        ],
        [
          5902.494726216,
          5902.505638111,
          0.010912060999999085,
          5902.5060221
        ],
        [
          5902.50003049,
          5902.511965781,
          0.011935966000002907,
          5902.512351391
        ],
        [
          5902.50585526,
          5902.516754437,
          0.010899252000001525,
          5902.517043365
        ],
        [
          5902.512216311,
          5902.524577801,
          0.012362394999996695,
          5902.5249858
        ],
        [
          5902.516998225,
          5902.527845451,
          0.010840082000001416,
          5902.528224849
        ],
        [
          5902.524801681,
          5902.535903055,
          0.011102109999995946,
          5902.536329314
        ],
        [
          5902.5280697,
          5902.539146195,
          0.011077051000000893,
          5902.539508205
        ],
        [
          5902.536155055,
          5902.548514715,
          0.012360725000000627,
          5902.548941224
        ],
        [
          5902.539354045,
          5902.551189496,
          0.011836087000006046,
          5902.551523607
        ],
        [
          5902.548746164,
          5902.55974576,
          0.01100038099999523,
          5902.560226599
        ],
        [
          5902.551389417,
          5902.56285764,
          0.011468739000001449,
          5902.563214958
        ],
        [
          5902.559990519,
          5902.571372453,
          0.011382959000002302,
          5902.571793842
        ],
        [
          5902.563078939,
          5902.574169775,
          0.011090869999996755,
          5902.574428263
        ],
        [
          5902.571605432,
          5902.582864407,
          0.01126050000000589,
          5902.583253765
        ],
        [
          5902.574381394,
          5902.585462388,
          0.011081210000000397,
          5902.585659298
        ],
        [
          5902.583130475,
          5902.595374457,
          0.012245176000000413,
          5902.595750606
        ],
        [
          5902.585657647,
          5902.597780609,
          0.012123137000003226,
          5902.598059038
        ],
        [
          5902.595620986,
          5902.608034807,
          0.01241466600000507,
          5902.608397015
        ],
        [
          5902.597973208,
          5902.609683302,
          0.011710397999998179,
          5902.60997495
        ],
        [
          5902.608261666,
          5902.620411928,
          0.012151115999998297,
          5902.620796016
        ],
        [
          5902.609878631,
          5902.621641794,
          0.011763418000001025,
          5902.621822013
        ],
        [
          5902.620679047,
          5902.633198696,
          0.01252038399999833,
          5902.633705316
        ],
        [
          5902.621859573,
          5902.633228667,
          0.01136901899999998,
          5902.633730186
        ],
        [
          5902.633474796,
          5902.645424758,
          0.011945326999999395,
          5902.645833367
        ],
        [
          5902.633683856,
          5902.646835664,
          0.013151913000001514,
          5902.647018944
        ],
        [
          5902.645702417,
          5902.658116777,
          0.012414405999997769,
          5902.658409428
        ],
        [
          5902.647054463,
          5902.659196975,
          0.012142597000000421,
          5902.659479604
        ],
        [
          5902.658415548,
          5902.670847238,
          0.012432265999997583,
          5902.671361276
        ],
        [
          5902.659406714,
          5902.671548355,
          0.012142025999999362,
          5902.671783225
        ],
        [
          5902.671153777,
          5902.682997789,
          0.011852148000002671,
          5902.683452678
        ],
        [
          5902.671755365,
          5902.684269906,
          0.012514814999995849,
          5902.684480005
        ],
        [
          5902.683263849,
          5902.694720892,
          0.011458028999996372,
          5902.69522476
        ],
        [
          5902.684477945,
          5902.696357657,
          0.011879698000001326,
          5902.696567196
        ],
        [
          5902.694996311,
          5902.706993483,
          0.011997846999996398,
          5902.707468721
        ],
        [
          5902.696563487,
          5902.709107727,
          0.01254455499999807,
          5902.709315976
        ],
        [
          5902.707284932,
          5902.719200915,
          0.01191694799999965,
          5902.719690993
        ],
        [
          5902.709324076,
          5902.721326738,
          0.01200301699999784,
          5902.721538857
        ],
        [
          5902.719476394,
          5902.732272613,
          0.012797513999998955,
          5902.732751851
        ],
        [
          5902.721530097,
          5902.73348477,
          0.011954748000000848,
          5902.733757718
        ],
        [
          5902.732537292,
          5902.744056966,
          0.011520509000000345,
          5902.744538544
        ],
        [
          5902.733672759,
          5902.74582966,
          0.012157016999999826,
          5902.74611843
        ],
        [
          5902.744323045,
          5902.756088608,
          0.011767378000001827,
          5902.756561406
        ],
        [
          5902.746042199,
          5902.757741182,
          0.011699249000002965,
          5902.758094641
        ],
        [
          5902.756362027,
          5902.768726818,
          0.012365586000001372,
          5902.769218666
        ],
        [
          5902.757966242,
          5902.770887511,
          0.012921364000000324,
          5902.77122417
        ],
        [
          5902.769020537,
          5902.779846902,
          0.010826821999998515,
          5902.780326291
        ],
        [
          5902.77109537,
          5902.782107755,
          0.011012401000002114,
          5902.782411354
        ],
        [
          5902.780121291,
          5902.791424815,
          0.01130775900000458,
          5902.791726125
        ],
        [
          5902.782300724,
          5902.793918567,
          0.011618007999999236,
          5902.794286466
        ],
        [
          5902.791716194,
          5902.80281087,
          0.011095491000006064,
          5902.803211918
        ],
        [
          5902.794136017,
          5902.805122282,
          0.010986289999998178,
          5902.805456262
        ],
        [
          5902.803053589,
          5902.814156874,
          0.011103580999993312,
          5902.814627001
        ],
        [
          5902.805318722,
          5902.816505076,
          0.011186699999996108,
          5902.816862254
        ],
        [
          5902.814410282,
          5902.826025056,
          0.011616097999997521,
          5902.826315605
        ],
        [
          5902.816702166,
          5902.82793104,
          0.0112286800000021,
          5902.828310889
        ],
        [
          5902.826286905,
          5902.837019571,
          0.010733711999996842,
          5902.83750262
        ],
        [
          5902.828158519,
          5902.839857941,
          0.011699768999996252,
          5902.840147292
        ],
        [
          5902.83729045,
          5902.849042033,
          0.011752358000002516,
          5902.849490401
        ],
        [
          5902.840095292,
          5902.850927147,
          0.010832020999998804,
          5902.851303216
        ],
        [
          5902.849271472,
          5902.861619053,
          0.012348756000001515,
          5902.862060082
        ],
        [
          5902.851127906,
          5902.862077551,
          0.0109498309999978,
          5902.862414141
        ],
        [
          5902.861843072,
          5902.873268107,
          0.011426628999998911,
          5902.873736554
        ],
        [
          5902.86227741,
          5902.874634962,
          0.012357575999999426,
          5902.874950982
        ],
        [
          5902.873540235,
          5902.885517648,
          0.011978597000002367,
          5902.885950156
        ],
        [
          5902.874846991,
          5902.886567814,
          0.011721038000004569,
          5902.886772723
        ],
        [
          5902.885796427,
          5902.899044164,
          0.013249131999998554,
          5902.899458083
        ],
        [
          5902.886751843,
          5902.899529792,
          0.012778314000001956,
          5902.899814743
        ],
        [
          5902.899315983,
          5902.912036553,
          0.012720835000003206,
          5902.912284763
        ],
        [
          5902.899744983,
          5902.911491605,
          0.011748048999997707,
          5902.912309233
        ],
        [
          5902.911780553,
          5902.924254084,
          0.012474686000004453,
          5902.924700973
        ],
        [
          5902.912242053,
          5902.92582178,
          0.013580030999996495,
          5902.926133919
        ],
        [
          5902.924526794,
          5902.936430455,
          0.011903707000001873,
          5902.936849834
        ],
        [
          5902.926067399,
          5902.937987601,
          0.0119199669999972,
          5902.93825453
        ],
        [
          5902.936667145,
          5902.949032086,
          0.012365344999999195,
          5902.949251865
        ],
        [
          5902.938180801,
          5902.950422391,
          0.01224216700000369,
          5902.95070831
        ],
        [
          5902.949291255,
          5902.961637475,
          0.012346585999999604,
          5902.961912185
        ],
        [
          5902.950625761,
          5902.962684493,
          0.012058717000002162,
          5902.963012622
        ],
        [
          5902.961898705,
          5902.974448446,
          0.012550134999997908,
          5902.975190784
        ],
        [
          5902.962878442,
          5902.974494216,
          0.011616639000003204,
          5902.975223383
        ],
        [
          5902.974720715,
          5902.985736799,
          0.011017451000000733,
          5902.986201798
        ],
        [
          5902.974988164,
          5902.987307275,
          0.012319395999995209,
          5902.987519144
        ],
        [
          5902.986032169,
          5902.997680122,
          0.011649658999999701,
          5902.99808582
        ],
        [
          5902.987518574,
          5902.999011207,
          0.011492678999999839,
          5902.999348747
        ],
        [
          5902.997962571,
          5903.010239282,
          0.012277875999998855,
          5903.01063864
        ],
        [
          5902.999221807,
          5903.010502591,
          0.011281278999994981,
          5903.01084997
        ],
        [
          5903.010522601,
          5903.022095625,
          0.011573728999998423,
          5903.022499523
        ],
        [
          5903.01074026,
          5903.023095701,
          0.012354795000000252,
          5903.02345664
        ],
        [
          5903.022377554,
          5903.034055386,
          0.011678068000001929,
          5903.034325356
        ],
        [
          5903.023310331,
          5903.035390422,
          0.012080416999999954,
          5903.035709611
        ],
        [
          5903.034326766,
          5903.046940646,
          0.012613795000000039,
          5903.047326064
        ],
        [
          5903.035586441,
          5903.047074685,
          0.011488169999999798,
          5903.047355855
        ],
        [
          5903.047245825,
          5903.059839565,
          0.01259508500000095,
          5903.060240114
        ],
        [
          5903.047625323,
          5903.059974124,
          0.012349147000001892,
          5903.060272083
        ],
        [
          5903.060126334,
          5903.071644698,
          0.011519858999996302,
          5903.072077756
        ],
        [
          5903.060516462,
          5903.072520664,
          0.012004937000000382,
          5903.072766314
        ],
        [
          5903.071923777,
          5903.082960891,
          0.011038409999997612,
          5903.083422149
        ],
        [
          5903.072735574,
          5903.084779566,
          0.012044046999996283,
          5903.085197504
        ],
        [
          5903.08325747,
          5903.095314352,
          0.012046908000002077,
          5903.095714021
        ],
        [
          5903.085018265,
          5903.098149913,
          0.013131853000004412,
          5903.098465852
        ],
        [
          5903.095598401,
          5903.107775223,
          0.012177907000001653,
          5903.108187822
        ],
        [
          5903.098381413,
          5903.110714383,
          0.012333234999999831,
          5903.111031542
        ],
        [
          5903.108069231,
          5903.121212301,
          0.013143964000001063,
          5903.1216025
        ],
        [
          5903.110933582,
          5903.123857273,
          0.012923594000000094,
          5903.124241091
        ],
        [
          5903.12148206,
          5903.133425821,
          0.01194432700000192,
          5903.133821681
        ],
        [
          5903.124095692,
          5903.138097816,
          0.014001770000000135,
          5903.138471805
        ],
        [
          5903.133708951,
          5903.14652443,
          0.012816794999999104,
          5903.146914539
        ],
        [
          5903.138349486,
          5903.150491727,
          0.012142326000002868,
          5903.150867337
        ],
        [
          5903.146797589,
          5903.159443179,
          0.012646774000003802,
          5903.159853198
        ],
        [
          5903.150733616,
          5903.163190007,
          0.012456466000003275,
          5903.163581487
        ],
        [
          5903.159719198,
          5903.172341178,
          0.012623124999997515,
          5903.172731427
        ],
        [
          5903.163442516,
          5903.175815277,
          0.012373136000000784,
          5903.176165487
        ],
        [
          5903.172621187,
          5903.185269497,
          0.012649435000000153,
          5903.185647365
        ],
        [
          5903.176047957,
          5903.187874338,
          0.011826548000001935,
          5903.188266428
        ],
        [
          5903.185546906,
          5903.197477308,
          0.011931087000000673,
          5903.197866407
        ],
        [
          5903.188130438,
          5903.200220059,
          0.012089766000002555,
          5903.200597648
        ],
        [
          5903.197739967,
          5903.210113208,
          0.012373955000001047,
          5903.210507337
        ],
        [
          5903.200446619,
          5903.21289569,
          0.01244922600000109,
          5903.213270099
        ],
        [
          5903.210384747,
          5903.223810556,
          0.013417441000001418,
          5903.224233284
        ],
        [
          5903.21313821,
          5903.22550485,
          0.012366887000005988,
          5903.225736079
        ],
        [
          5903.224110355,
          5903.237374062,
          0.013265262999993865,
          5903.237777391
        ],
        [
          5903.225731199,
          5903.238714148,
          0.012983343000001923,
          5903.239076177
        ],
        [
          5903.237650181,
          5903.249990412,
          0.012341605999999672,
          5903.250407591
        ],
        [
          5903.238927937,
          5903.250507251,
          0.011580678000001399,
          5903.2507456
        ],
        [
          5903.250272311,
          5903.262258743,
          0.011988006999999357,
          5903.262691532
        ],
        [
          5903.25072529,
          5903.26358251,
          0.012857584000002475,
          5903.263973618
        ],
        [
          5903.262537442,
          5903.275149642,
          0.012613094999998964,
          5903.275570632
        ],
        [
          5903.263802258,
          5903.277342085,
          0.013539952000002131,
          5903.277603994
        ],
        [
          5903.275431872,
          5903.28871033,
          0.01327966299999872,
          5903.289049329
        ],
        [
          5903.277579614,
          5903.289706316,
          0.012127316000004384,
          5903.289965645
        ],
        [
          5903.289013398,
          5903.300503642,
          0.011490369999997085,
          5903.300762992
        ]
      ]
    }
  ],
  "pool_shutdown_wall_s": 0.00446064599964302,
  "least_covered": 0.9999999999999977,
  "round_timings_exact": [
    {
      "index": 0,
      "separation_seconds": 18.4782983719997,
      "lp_seconds": 0.0688927720002539,
      "rows_held": 504,
      "rows_added": 504,
      "violated": 543,
      "support": 0,
      "objective": 9.575276575276565
    },
    {
      "index": 1,
      "separation_seconds": 0.16863809500046045,
      "lp_seconds": 0.07610680699963268,
      "rows_held": 823,
      "rows_added": 319,
      "violated": 543,
      "support": 173,
      "objective": 10.142857142857146
    },
    {
      "index": 2,
      "separation_seconds": 0.12999793700055307,
      "lp_seconds": 0.13603762900038419,
      "rows_held": 1118,
      "rows_added": 295,
      "violated": 543,
      "support": 152,
      "objective": 11.303225806451614
    },
    {
      "index": 3,
      "separation_seconds": 0.10827560600046127,
      "lp_seconds": 0.14498866999929305,
      "rows_held": 1457,
      "rows_added": 339,
      "violated": 543,
      "support": 132,
      "objective": 11.73694516031501
    },
    {
      "index": 4,
      "separation_seconds": 0.22427496900036203,
      "lp_seconds": 0.19454093300009845,
      "rows_held": 1805,
      "rows_added": 348,
      "violated": 543,
      "support": 213,
      "objective": 11.946300420687953
    },
    {
      "index": 5,
      "separation_seconds": 0.17955247100053384,
      "lp_seconds": 0.2350081959993986,
      "rows_held": 2103,
      "rows_added": 298,
      "violated": 543,
      "support": 189,
      "objective": 12.012734552120014
    },
    {
      "index": 6,
      "separation_seconds": 0.3040216449999207,
      "lp_seconds": 0.35143397499996354,
      "rows_held": 2438,
      "rows_added": 335,
      "violated": 543,
      "support": 241,
      "objective": 12.05245496291063
    },
    {
      "index": 7,
      "separation_seconds": 0.3139005159991939,
      "lp_seconds": 0.36141919499914366,
      "rows_held": 2742,
      "rows_added": 304,
      "violated": 543,
      "support": 249,
      "objective": 12.07721719668003
    },
    {
      "index": 8,
      "separation_seconds": 0.27982901300038066,
      "lp_seconds": 0.40134868699988147,
      "rows_held": 3085,
      "rows_added": 343,
      "violated": 543,
      "support": 229,
      "objective": 12.107096648035585
    },
    {
      "index": 9,
      "separation_seconds": 0.33150616999955673,
      "lp_seconds": 0.48711536599967076,
      "rows_held": 3379,
      "rows_added": 294,
      "violated": 510,
      "support": 257,
      "objective": 12.14525373968964
    },
    {
      "index": 10,
      "separation_seconds": 0.472804621999785,
      "lp_seconds": 0.46857987499970477,
      "rows_held": 3716,
      "rows_added": 337,
      "violated": 543,
      "support": 305,
      "objective": 12.159747332704033
    },
    {
      "index": 11,
      "separation_seconds": 0.8149191060001613,
      "lp_seconds": 0.7239112650004245,
      "rows_held": 4001,
      "rows_added": 285,
      "violated": 519,
      "support": 393,
      "objective": 12.175584616555257
    },
    {
      "index": 12,
      "separation_seconds": 0.5559391980004875,
      "lp_seconds": 0.6497948600008385,
      "rows_held": 4367,
      "rows_added": 366,
      "violated": 528,
      "support": 333,
      "objective": 12.19029288986806
    },
    {
      "index": 13,
      "separation_seconds": 0.8591987169993445,
      "lp_seconds": 0.6475989370001116,
      "rows_held": 4606,
      "rows_added": 239,
      "violated": 468,
      "support": 405,
      "objective": 12.202588685765212
    },
    {
      "index": 14,
      "separation_seconds": 1.0480759489992124,
      "lp_seconds": 0.7423945460004688,
      "rows_held": 4746,
      "rows_added": 140,
      "violated": 309,
      "support": 437,
      "objective": 12.206003669952421
    },
    {
      "index": 15,
      "separation_seconds": 1.0770423670001037,
      "lp_seconds": 0.7608892080006626,
      "rows_held": 4912,
      "rows_added": 166,
      "violated": 306,
      "support": 445,
      "objective": 12.20898580108819
    },
    {
      "index": 16,
      "separation_seconds": 1.1890430809999089,
      "lp_seconds": 0.7996055359999445,
      "rows_held": 5037,
      "rows_added": 125,
      "violated": 270,
      "support": 465,
      "objective": 12.214630560809828
    },
    {
      "index": 17,
      "separation_seconds": 1.9865916130002006,
      "lp_seconds": 0.9511072349996539,
      "rows_held": 5199,
      "rows_added": 162,
      "violated": 360,
      "support": 529,
      "objective": 12.215821008337892
    },
    {
      "index": 18,
      "separation_seconds": 1.3044611760005864,
      "lp_seconds": 0.9084925100005421,
      "rows_held": 5329,
      "rows_added": 130,
      "violated": 246,
      "support": 489,
      "objective": 12.216974203809631
    },
    {
      "index": 19,
      "separation_seconds": 1.0905211240005883,
      "lp_seconds": 0.93229924499974,
      "rows_held": 5401,
      "rows_added": 72,
      "violated": 159,
      "support": 449,
      "objective": 12.217538569118492
    },
    {
      "index": 20,
      "separation_seconds": 1.2298382919998403,
      "lp_seconds": 0.9575703849995989,
      "rows_held": 5456,
      "rows_added": 55,
      "violated": 108,
      "support": 477,
      "objective": 12.21767630311833
    },
    {
      "index": 21,
      "separation_seconds": 0.9865256729999601,
      "lp_seconds": 0.8531838560002143,
      "rows_held": 5481,
      "rows_added": 25,
      "violated": 45,
      "support": 433,
      "objective": 12.217676366606286
    },
    {
      "index": 22,
      "separation_seconds": 1.0959051780000664,
      "lp_seconds": 0.0,
      "rows_held": 5481,
      "rows_added": 0,
      "violated": 0,
      "support": 453,
      "objective": 12.217676366606284
    }
  ],
  "workers": 2,
  "worker_model": "ProcessPoolExecutor over directions",
  "start_method": "forkserver",
  "parent_pid": 20190
}
